Created,Name:: Name & Surname,Company Name:,Company Registration Number:,Industry,Province,Location of Head Office (address),Funding Ask (Amount):,City/Town,Type of Funding,Funding Requirements (what is the funding required for).,Annual Revenue Range 2023,Annual Revenue Range 2024,Actual Revenue 2025,Company Overview ,Existing number of employees ,Increase of jobs anticipated through the capital access,Number of Shareholders,What percentage of your business is owned by individuals aged 18 to 35? (Please select one),What percentage of your business is owned by women? (Please select one),What percentage of your business is under Black ownership? ,BEE Level,Area,What percentage of your business is owned by individuals living with a disability? (Please select one),Contact person Name and Surname,Email address:,Contact number:
2025-08-15 19:19:12,Elmarie Daniels,Daniels Manufacturing ,2011/627905/07,Education,Gauteng,"736 Biko Road, Kuruman",600000_________,Kuruman,Equity;Debt & Equity;Working Capital,Purchase of a delivery vehicle and cold storage unit,0 to R500K,R501K to R1M,603752_________,We grow and pack vegetables for regional wholesalers and retailers.,1.0,2.0,1,0%,25–49%,100%,Level 1,Urban,0%,Elmarie Daniels,elmariedaniels@gmail.com,079 288 4800
2025-08-25 07:30:21,Suzette Fourie,Beacon Holdings ,2013/679639/07,,Gauteng,"1968 Church Road, Richards Bay",1190000________,Richards Bay,Working Capital,"Raw materials, tooling and factory rental for the next 12 months",0 to R500K,0 to R500K,298746_________,A tourism operator offering guided township and heritage tours,5.0,12.0,1,0%,0%,100%,Level 1,Township,0%,Suzette Fourie,suzettefourie@mweb.co.za,+27782300719
2025-08-14 18:10:50,Hendrik Van,VAN CIVILS ,2019/949028/07,Transportation and Logistics,Western Cape,"76 Main Crescent, Centurion",3450000________,Centurion,Debt & Equity;Invoice Financing,To increase production and take on larger supply contracts ,R1 000 001 to R5M,R1 000 001 to R5M,2297089________,We supply and install security systems and CCTV. ,3.0,32.0,1,100%,100%,100%,Level 3,Rural,0%,Hendrik Van,hendrikvan485@icloud.com,064 412 0771
2025-07-09 22:54:36,Zanele Sekgobela ,Clear Water Agri,2008/237678/07,Manufacturing,Gauteng,"2689 Jakaranda Crescent, Worcester",350000_________,Worcester,Working Capital,Expansion into a second branch and hiring of staff ,0 to R500K,0 to R500K,70549__________,Solar installation business serving residential and small commercial clients ,1.0,3.0,6,75–99%,0%,100%,Level 1,Urban,0%,zanele sekgobela,zanelesekgobela@gmail.com,0812617981
2025-08-14 05:29:34,Mandla Botha ,Greenfield Foods CC,2009/802383/07,Waste Management,Gauteng,"3043 Main Road, Kuruman ",3300000________,Kuruman,Other (Please specify),Operational funding ,R1 000 001 to R5M,R1 000 001 to R5M,1098973________,We recycle plastic waste and sell processed pellets to manufacturers.,3.0,11.0,1,25–49%,100%,100%,Level 1,Rural,0%,mandla botha,mandlabotha155@outlook.com,+27832358353
2025-06-29 16:19:16,Dineo Sekgobela ,Sekgobela Group (Pty) Ltd,2017/853412/07,Information & Communication Technology,Western Cape,"780 Umgeni Road, Ladysmith ",30000__________,Ladysmith,Debt,To grow the business ,0 to R500K,0 to R500K,0______________,We recycle plastic waste and sell processed pellets to manufacturers.,17.0,,1,0%,1–24%,100%,Level 1,Township,0%,dineo sekgobela,dineosekgobela735@gmail.com,0865331768
2025-08-05 10:41:42,Kabelo Coetzee,Coetzee Group (Pty) Ltd ,2012/806076/07,Financial Services,Western Cape,"2335 Church Avenue, Cape Town",14360000_______,Cape Town ,,To increase production and take on larger supply contracts ,0 to R500K,0 to R500K,0______________,We provide ICT support and cloud services to small businesses in the province.,2.0,3.0,3,100%,100%,100%,Level 4,Rural,0%,Kabelo Coetzee,kabelocoetzee@mweb.co.za,078 081 2781
2025-09-01 23:52:13,Ashwin Dlamini ,Iron Gate Investments (Pty) Ltd,2020/408211/07,Business Services (Agency & Consultancy),Gauteng,"2692 Jan Smuts Avenue, Cape Town",10790000_______,Cape Town,Working Capital,"Marketing, customer acquisition and website development ",R20 000 001 to R50M,R20 000 001 to R50M,0______________,Solar installation business serving residential and small commercial clients ,60.0,2.0,6,25–49%,100%,100%,Level 1,Township,0%,Ashwin Dlamini,ashwindlamini@mweb.co.za,+27896853802
2025-08-24 07:18:48,Anisha Mnisi,Amandla Agri Group,2021/643656/07,Retail & Wholesale,Gauteng,"1200 Long Crescent, Centurion",14490000_______,Centurion,Equity,Bridging finance while awaiting payment from government contracts,0 to R500K,R1 000 001 to R5M,2414842________,Solar installation business serving residential and small commercial clients ,20.0,10.0,1,0%,100%,25–49%,Level 1,Rural,0%,Anisha Mnisi,ANISHAMNISI@OUTLOOK.COM,0821656043
2025-09-19 21:15:04,Vusi Baloyi,Baloyi Agri (Pty) Ltd,2021/987721/07,Information & Communication Technology,Western Cape,"1818 Protea Drive, Tzaneen ",20000__________,Tzaneen ,Purchase Order Funding,"Funding is required for equipment, training and certification.",0 to R500K,0 to R500K,25720__________,We supply and install security systems and CCTV. ,2.0,4.0,3,0%,0%,100%,Level 1,Rural,0%,Vusi Baloyi,vusibaloyi@yahoo.com,0674842307
2025-07-24 16:23:24,Vikash Jacobs,Karoo Agri,2015 / 787795 / 07,Healthcare & Biotechnology,Gauteng,"2041 Protea Lane, Witbank",40000__________,Witbank,Working Capital,"Funding is required for equipment, training and certification.",R501K to R1M,0 to R500K,1959___________,A tourism operator offering guided township and heritage tours,6.0,2.0,1,100%,0%,100%,Level 1,Urban,0%,Vikash Jacobs,VIKASHJACOBS@GMAIL.COM,+27 76 140 2739
2025-08-29 14:34:50,Chantelle Davids,Kopano Group,2023/499415/07 ,Agriculture - Secondary ,Limpopo,"1606 Voortrekker Lane, SPRINGS",780000_________,SPRINGS,Other (Please specify),"Funding is required for equipment, training and certification.",0 to R500K,0 to R500K,52071__________,A tourism operator offering guided township and heritage tours,4.0,3.0,2,0%,0%,50–74%,Level 1,Rural,0%,chantelle davids,chantelledavids448@mweb.co.za,+27625537798
2025-08-15 23:58:51,Themba Solomons,Blackwood Holdings (Pty) Ltd,2014/526296/07,Engineering & Construction,KZN,"1368 Buitenkant Lane, Roodepoort",670000_________,Roodepoort,Working Capital;Other (Please specify),Bridging finance while awaiting payment from government contracts,0 to R500K,R501K to R1M,555762_________,A tourism operator offering guided township and heritage tours,1.0,16.0,1,0%,0%,100%,Level 1,Township,75–99%,Themba Solomons,thembasolomons@icloud.com,+27611541675
2025-07-06 16:05:42,Mandla Fortuin ,Fortuin Services (Pty) Ltd ,2019/830274/07,Waste Management,Gauteng,"2397 Loop Way, CAPE TOWN",330000_________,CAPE TOWN ,Other (Please specify),"Funding is required for equipment, training and certification.",0 to R500K,0 to R500K,408420_________,We provide ICT support and cloud services to small businesses in the province.,1.0,6.0,4,0%,100%,100%,Level 1,Urban,0%,mandla fortuin,mandlafortuin@gmail.com,+27732760078
2025-08-19 16:42:58,Kavitha Moodley,Moodley Trading Group,2022/568982/07,NPO & NPC,Limpopo,"1580 Church Avenue, Soweto ",210000_________,Soweto,Debt & Equity,"Use of Funds
1.	Equipment purchase
2.	Staff expansion
3.	Marketing
",0 to R500K,0 to R500K,82369__________,A tourism operator offering guided township and heritage tours,2.0,1.0,4,0%,50–74%,0%,Level 1,Township,0%,Kavitha Moodley,kavithamoodley@webmail.co.za,+27 82 927 2959
2025-07-19 13:31:22,Fatima Nel,Sizani Consulting,2019/432995/07,Waste Management,Western Cape,"2985 Mandela Road, Klerksdorp ",1800000________,Klerksdorp,Working Capital,To increase production and take on larger supply contracts ,0 to R500K,R501K to R1M,599556_________,,2.0,1.0,1,100%,100%,0%,Level 1,Urban,0%,Fatima Nel,fatimanel961@outlook.com,0747493132
2025-06-28 20:46:39,Kgomotso Govender ,Beacon Group Group,,Business Services (Agency & Consultancy),Gauteng,"1218 Main Way, Potchefstroom",3940000________,Potchefstroom,Working Capital;Other (Please specify),Purchase of a delivery vehicle and cold storage unit,0 to R500K,R501K to R1M,0______________,We run a driving school and provide learner licence training.,4.0,3.0,3,0%,100%,100%,Level 1,Township,0%,kgomotso govender,kgomotsogovender@gmail.com,+27818891425
2025-09-11 00:48:04,Jaco Sibeko,Umlambo Manufacturing CC,2023 / 396951 / 07 ,,Gauteng,"355 Rivonia Way, kimberley",2840000________,kimberley,,Working capital to fulfil confirmed purchase orders,0 to R500K,0 to R500K,473038_________,A tourism operator offering guided township and heritage tours,2.0,6.0,4,100%,0%,100%,Level 1,Rural,0%,Jaco Sibeko,jacosibeko@gmail.com,+27635368953
2025-09-15 04:45:27,Rukaya Coetzee,Coetzee Projects CC,2023/641990/07,Transportation and Logistics,Western Cape,"3143 Biko Road, klerksdorp ",30000__________,klerksdorp,Working Capital,Operational funding ,0 to R500K,0 to R500K,17482__________,A family-run bakery supplying schools and local retailers. ,15.0,3.0,4,0%,0%,100%,Level 1,Township,0%,Rukaya Coetzee,rukayacoetzee@gmail.com,+27814068142
2025-08-21 07:08:00,Francois Hendricks,Baobab Civils CC,2009/180141/07 ,Financial Services,Limpopo,"3135 Long Crescent, Bloemfontein ",360000_________,Bloemfontein ,Invoice Financing;Working Capital,Expansion into a second branch and hiring of staff ,0 to R500K,0 to R500K,0______________,Solar installation business serving residential and small commercial clients ,5.0,7.0,6,0%,25–49%,100%,Level 1,Urban,0%,Francois Hendricks,francoishendricks@gmail.com,0796090211
2025-08-15 02:38:51,Sizwe Adams,Adams Manufacturing ,2021/588807/07,Information & Communication Technology,Eastern Cape,"667 Jakaranda Road, Midrand",9_50000________,Midrand,Debt & Equity,Working capital to fulfil confirmed purchase orders,0 to R500K,0 to R500K,0______________,We manufacture and supply steel components to construction contractors.,8.0,2.0,6,0%,25–49%,0%,Level 1,Urban,0%,Sizwe Adams,sizweadams@mweb.co.za,+27680956910
2025-08-14 01:51:38,Busisiwe Zulu,Zulu Projects Pty Ltd,2008/748154/07,Information & Communication Technology,Western Cape,"2723 Protea Crescent, Nelspruit",12250000_______,Nelspruit,Debt;Working Capital,"Marketing, customer acquisition and website development ",R1 000 001 to R5M,R1 000 001 to R5M,0______________,We supply and install security systems and CCTV. ,5.0,12.0,2,100%,0%,100%,Level 1,Urban,0%,Busisiwe Zulu,busisiwezulu558@gmail.com,0874098806
2025-08-02 19:02:49,Francois Baloyi,Clear Water Transport (Pty) Ltd ,,Information & Communication Technology,Limpopo,"1429 Commissioner Drive, Cape Town",950000_________,Cape Town,Debt,Purchase of a delivery vehicle and cold storage unit,0 to R500K,R501K to R1M,632678_________,,7.0,4.0,5,50–74%,100%,100%,Level 3,Township,0%,francois baloyi,FRANCOISBALOYI@GMAIL.COM,+27716155983
2025-07-11 19:37:43,Musa Plessis,Summit Holdings,2017/658984/07,,KZN,"3075 Aloe Street, Tzaneen",200000_________,Tzaneen,Working Capital,"Raw materials, tooling and factory rental for the next 12 months",0 to R500K,0 to R500K,16958__________,A tourism operator offering guided township and heritage tours,10.0,6.0,2,100%,0%,100%,Level 1,Urban,0%,Musa Plessis,musaplessis@mweb.co.za,+27 65 229 1453
2025-08-05 15:15:01,Lwazi Ntuli ,Redline Logistics,2024/598917/07,Agriculture - Primary ,Western Cape,"1165 Tambo Crescent, Tembisa",280000_________,Tembisa ,Working Capital,"Raw materials, tooling and factory rental for the next 12 months",R501K to R1M,R501K to R1M,918186_________,We supply and install security systems and CCTV. ,6.0,16.0,1,100%,0%,100%,Level 1,Urban,0%,Lwazi Ntuli,lwazintuli@gmail.com,+27736799973
2025-08-02 05:24:45,Elmarie Fortuin,Ikhaya Media Group ,2008/316208/07,Retail & Wholesale,Gauteng,"2342 Kruger Street, Port Elizabeth",110000_________,Port Elizabeth ,Debt & Equity,Bridging finance while awaiting payment from government contracts,0 to R500K,0 to R500K,140736_________,We provide ICT support and cloud services to small businesses in the province.,2.0,4.0,10,100%,1–24%,100%,Level 1,Rural,0%,elmarie fortuin,elmariefortuin@mweb.co.za,+27714655562
2025-07-02 14:17:54,Ashraf Ngcobo ,Ngcobo Projects,2020/689962/07,Retail & Wholesale,Western Cape,"2523 Jan Smuts Drive, Kimberley ",9780000________,Kimberley,Other (Please specify),To grow the business ,R1 000 001 to R5M,R1 000 001 to R5M,2444542________,,4.0,34.0,3,0%,0%,100%,Level 1,Urban,1–24%,Ashraf Ngcobo,ashrafngcobo190@gmail.com,+27 85 107 4537
2025-08-27 12:21:12,Ashraf Mnisi,Mnisi Solutions (Pty) Ltd,2022/175622/07,Transportation and Logistics,Gauteng,"2030 Rivonia Way, Randburg",10000__________,Randburg,Purchase Order Funding;Working Capital,To buy additional equipment and expand production capacity,0 to R500K,0 to R500K,4068___________,Civil engineering contractor focused on roads and stormwater projects ,2.0,1.0,1,100%,0%,100%,Level 3,Urban,0%,Ashraf Mnisi,ashrafmnisi@webmail.co.za,084 879 8237
2025-09-06 21:11:19,Ashwin Wyk,Wyk Construction (Pty) Ltd ,2018/902025/07 ,Retail & Wholesale,Gauteng,"2945 Rivonia Way, PIETERMARITZBURG",250000_________,PIETERMARITZBURG,Working Capital,To buy additional equipment and expand production capacity,0 to R500K,0 to R500K,4475___________,Logistics company transporting goods between major metros. ,0.8,3.0,4,0%,50–74%,100%,Level 1,Urban,0%,Ashwin Wyk,ashwinwyk@gmail.com,+27761852339
2025-09-07 21:24:28,Ntando Steyn,Steyn Construction,2009/390749/07,NPO & NPC,Mpumalanga,"2753 Acacia Lane, Khayelitsha",310000_________,Khayelitsha ,Working Capital,Stock purchase and general operational funding ,0 to R500K,0 to R500K,0______________,We supply and install security systems and CCTV. ,8.0,5.0,1,0%,100%,100%,Level 1,Rural,0%,Ntando Steyn,ntandosteyn223@yahoo.com,+27 75 939 5089
2025-07-10 07:05:46,Themba Cele,Cele Foods Group ,2010/932292/07,,Western Cape,"2652 Protea Crescent, Benoni",9580000________,Benoni,,"Funding is required for equipment, training and certification.",0 to R500K,R501K to R1M,0______________,,,5.0,1,100%,0%,100%,Level 4,Rural,0%,Themba Cele,thembacele@webmail.co.za,+27 62 732 5983
2025-07-22 23:59:21,Kagiso Mabena ,Iron Gate Construction,2014/975996/07,Hospitality,Gauteng,"2746 Kingfisher Lane, Soweto",3420000________,Soweto ,,Bridging finance while awaiting payment from government contracts,R5 000 001 to R10M,R5 000 001 to R10M,4278215________,We supply and install security systems and CCTV. ,11.0,20.0,,100%,100%,100%,Level 1,Urban,0%,kagiso mabena,kagisomabena@mweb.co.za,+27880612407
2025-07-27 16:04:33,Riaan Solomons,Solomons Distributors,2018/177688/07,Manufacturing,Eastern Cape,"2822 Pretorius Crescent, Tzaneen",11160000_______,Tzaneen ,Debt;Purchase Order Funding,"Marketing, customer acquisition and website development ",0 to R500K,R501K to R1M,471891_________,Civil engineering contractor focused on roads and stormwater projects ,,30.0,1,0%,100%,100%,Level 1,Urban,0%,Riaan Solomons,riaansolomons@mweb.co.za,+27 68 357 9619
2025-08-12 03:09:45,Elmarie Adams,Adams Holdings (Pty) Ltd,2020/892377/07,Manufacturing,Western Cape,"3120 Long Avenue, Benoni ",1520000________,Benoni,Debt;Purchase Order Funding,Purchase of a delivery vehicle and cold storage unit,0 to R500K,0 to R500K,379645_________,A tourism operator offering guided township and heritage tours,0.0,1.0,Adams Holdings (Pty) Ltd,0%,25–49%,100%,Level 1,Township,75–99%,Elmarie Adams,elmarieadams@gmail.com,+27 73 061 8392
2025-08-21 01:38:19,Nandi Dlamini ,Umlambo Construction CC,2018/888016/07,Information & Communication Technology,Gauteng,"3142 Kruger Avenue, witbank",140000_________,witbank,Equity;Working Capital,Stock purchase and general operational funding ,0 to R500K,0 to R500K,0______________,We supply and install security systems and CCTV. ,4.0,5.0,4,0%,0%,1–24%,Level 1,Urban,0%,Nandi Dlamini,nandidlamini@gmail.com,0873854780
2025-07-27 03:53:04,Katlego Naidoo,Greenfield Investments ,2025/725781/07 ,Retail & Wholesale,Limpopo,"621 Biko Drive, cape town ",40000__________,cape town,Debt & Equity;Working Capital,Expansion into a second branch and hiring of staff ,0 to R500K,0 to R500K,36950__________,,,10.0,4,0%,100%,100%,Level 1,Rural,0%,Katlego Naidoo,katlegonaidoo@gmail.com,+27736540438
2025-07-25 23:16:39,Tariq Ngcobo,Lesedi Consulting ,2014/371417/07,Information & Communication Technology,Western Cape,"2634 Voortrekker Lane, Richards Bay ",300000_________,Richards Bay,Debt;Working Capital,Stock purchase and general operational funding ,0 to R500K,0 to R500K,148152_________,Civil engineering contractor focused on roads and stormwater projects ,2.0,2.0,3,100%,0%,100%,Level 1,Township,0%,tariq ngcobo,tariqngcobo@icloud.com,+27 86 580 7783
2025-09-01 08:07:42,Imran Tshabalala ,Baobab Logistics ,2015/192710/07 ,Retail & Wholesale,Gauteng,"378 Main Avenue, Witbank",240000_________,Witbank,Equity,"Marketing, customer acquisition and website development ",0 to R500K,0 to R500K,97297__________,A tourism operator offering guided township and heritage tours,1.0,2.0,1,25–49%,0%,100%,Level 3,Urban,0%,imran tshabalala,imrantshabalala@gmail.com,+27690050602
2025-07-16 17:30:07,Hendrik Mabaso,Beacon Distributors ,2021/881179/07,Hospitality,Limpopo,"224 Loop Road, Springs",880000_________,Springs,Working Capital,"Raw materials, tooling and factory rental for the next 12 months",R1 000 001 to R5M,R501K to R1M,730997_________,,6.0,3.0,1,100%,0%,50–74%,Level 1,Township,0%,Hendrik Mabaso,hendrikmabaso@gmail.com,+27641865229
2025-08-03 04:36:29,Shireen Khumalo,Khumalo Transport Pty Ltd,2017/267559/07 ,Retail & Wholesale,Gauteng,"2141 Rissik Crescent, Randburg",240000_________,Randburg,Equity,Purchase of a delivery vehicle and cold storage unit,0 to R500K,0 to R500K,94789__________,We design and sew corporate uniforms and protective clothing.,24.0,0.43,4,100%,100%,100%,Level 1,Urban,0%,shireen khumalo,SHIREENKHUMALO@GMAIL.COM,+27687033831
2025-07-06 18:39:51,Nisha Govender ,Sunrise Group CC,2012 / 929913 / 07,Agriculture - Primary ,Eastern Cape,"1362 Jan Smuts Crescent, UITENHAGE",14460000_______,UITENHAGE,Working Capital;Other (Please specify),Stock purchase and general operational funding ,R10 000 001 to R20M,R10 000 001 to R20M,100 000 ,We supply and install security systems and CCTV. ,8.0,5.0,1,25–49%,100%,100%,Level 2,Township,0%,Nisha Govender,nishagovender@gmail.com,+27869394045
2025-07-11 03:24:04,Thulani Molefe,Apex Media (Pty) Ltd,2025/495746/07,Hospitality,KZN,"3082 Commissioner Road, khayelitsha",31220000_______,khayelitsha,Working Capital,To buy additional equipment and expand production capacity,0 to R500K,R501K to R1M,762277_________,We grow and pack vegetables for regional wholesalers and retailers.,46.0,5.0,6,0%,100%,100%,Level 1,Urban,0%,Thulani Molefe,thulanimolefe@icloud.com,+27760138227
2025-07-19 21:34:42,Thulani Maluleke,Fynbos Construction ,2011/726572/07,Transportation and Logistics,Eastern Cape,"1359 Jakaranda Drive, Uitenhage ",1740000________,Uitenhage,Equity,"Funding is required for equipment, training and certification.",0 to R500K,R1 000 001 to R5M,0______________,We grow and pack vegetables for regional wholesalers and retailers.,8.0,20.0,2,0%,50–74%,100%,Level 1,Urban,0%,Thulani Maluleke,thulanimaluleke@yahoo.com,+27 84 830 1266
2025-07-27 08:32:08,Ashwin Pillay,Silver Oak Trading Group,2017/397428/07,Manufacturing,Limpopo,"2186 Kingfisher Street, Sasolburg ",154390000______,Sasolburg,Debt & Equity,To grow the business ,R10 000 001 to R20M,R10 000 001 to R20M,11060475_______,A family-run bakery supplying schools and local retailers. ,4.0,12.0,6,0%,100%,50–74%,Level 1,Rural,0%,ashwin pillay,ashwinpillay285@webmail.co.za,+27777248727
2025-08-25 23:51:44,Sibusiso Petersen ,Vertex Logistics ,2014/421070/07 ,Hospitality,Western Cape,"1502 Church Avenue, EAST LONDON",410000_________,EAST LONDON,Purchase Order Funding;Working Capital,Stock purchase and general operational funding ,0 to R500K,R501K to R1M,678269_________,Commercial cleaning and hygiene services for offices and factories ,3.0,4.0,6,100%,50–74%,100%,Level 1,Urban,0%,Sibusiso Petersen,sibusisopetersen@icloud.com,+27671947519
2025-07-31 13:01:36,Zanele Chetty ,Oakridge Trading,2018/732450/07,Energy,Gauteng,"2684 Jan Smuts Way, Port Elizabeth",750000_________,Port Elizabeth,Working Capital,To increase production and take on larger supply contracts ,0 to R500K,R501K to R1M,745935_________,A family-run bakery supplying schools and local retailers. ,1.0,1.0,10,0%,1–24%,100%,Level 1,Urban,0%,Zanele Chetty,zanelechetty@gmail.com,+27696173532
2025-08-15 17:40:49,Ashraf Sibeko,Sibeko Civils CC,2016/690997/07,Automotive,Western Cape,"1250 Umgeni Avenue, MIDRAND ",3560000________,MIDRAND,Working Capital,"Funding is required for equipment, training and certification.",0 to R500K,R501K to R1M,593405_________,We recycle plastic waste and sell processed pellets to manufacturers.,8.0,4.0,1,0%,0%,100%,Level 1,Urban,0%,Ashraf Sibeko,ashrafsibeko718@gmail.com,+27820257781
2025-07-04 13:40:54,Annelie Motaung ,Motaung Construction CC ,2020/399428/07,Waste Management,Limpopo,"2139 Commissioner Road, Johannesburg",280000_________,Johannesburg ,Debt;Working Capital,To upgrade our machinery and improve turnaround times.,0 to R500K,R501K to R1M,555747_________,We grow and pack vegetables for regional wholesalers and retailers.,3.0,18.0,1,0%,0%,100%,Level 1,Rural,0%,Annelie Motaung,anneliemotaung@gmail.com,075 289 1998
2025-07-11 22:35:44,Hendrik Sithole ,SITHOLE ENGINEERING ,2009 / 558777 / 07,Manufacturing,Western Cape,"2487 Rivonia Street, Kimberley ",40000__________,Kimberley,Purchase Order Funding,Purchase of a delivery vehicle and cold storage unit,0 to R500K,0 to R500K,8933___________,Commercial cleaning and hygiene services for offices and factories ,10.0,10.0,1,1–24%,0%,100%,Level 1,Urban,0%,Hendrik Sithole,hendriksithole@outlook.com,+27 75 951 0545
2025-08-19 18:38:35,Annelie Petersen ,Greenfield Trading,2009/303736/07 ,Financial Services,Gauteng,"2841 Rissik Crescent, Richards Bay ",200000_________,Richards Bay,Working Capital;Other (Please specify),"Raw materials, tooling and factory rental for the next 12 months",0 to R500K,0 to R500K,49162__________,Logistics company transporting goods between major metros. ,4.0,11.0,10,0%,50–74%,100%,Level 1,Urban,0%,Annelie Petersen,anneliepetersen200@outlook.com,081 489 3475
2025-09-23 00:09:11,Priya Isaacs,Isaacs Enterprises,2020/277708/07,Engineering & Construction,Gauteng,"1675 Jan Smuts Way, Klerksdorp",11160000_______,Klerksdorp,Debt,"Raw materials, tooling and factory rental for the next 12 months",R1 000 001 to R5M,R5 000 001 to R10M,7439485________,Catering and events business servicing corporate functions.,14.0,5.0,2,100%,0%,100%,Level 1,Township,0%,Priya Isaacs,priyaisaacs523@mweb.co.za,+27799819404
2025-07-14 19:32:56,Busisiwe Reddy,Blackwood Foods (Pty) Ltd ,2013/867040/07,Agriculture - Primary ,Mpumalanga,"2459 Voortrekker Crescent, Sasolburg",940000_________,Sasolburg ,Debt & Equity;Working Capital,To buy additional equipment and expand production capacity,0 to R500K,R501K to R1M,626970_________,We recycle plastic waste and sell processed pellets to manufacturers.,13.0,22.0,3,0%,0%,100%,Level 8,Township,0%,Busisiwe Reddy,busisiwereddy@mweb.co.za,062 373 6502
2025-08-23 15:58:55,Tshepo Shabalala,Shabalala Construction,2024/517553/07 ,Manufacturing,Mpumalanga,"2327 Jakaranda Street, Bloemfontein",60000__________,Bloemfontein,,"Purchase of farming implements, seed and irrigation infrastructure",0 to R500K,0 to R500K,113433_________,,1.0,,1,50–74%,100%,100%,Level 1,Urban,0%,Tshepo Shabalala,tsheposhabalala@gmail.com,+27747736230
2025-07-11 06:32:03,Musa Davids,Highveld Construction Group ,2017/175365/07,Manufacturing,Gauteng,"3195 Jan Smuts Avenue, RUSTENBURG ",43540000_______,,Invoice Financing;Working Capital,Stock purchase and general operational funding ,R1 000 001 to R5M,R1 000 001 to R5M,2831728________,Commercial cleaning and hygiene services for offices and factories ,21.0,1.0,5,1–24%,0%,0%,Level 1,Township,0%,Musa Davids,musadavids305@outlook.com,071 509 6993
2025-08-10 16:31:52,Nadia Hendricks,MARULA MANUFACTURING (PTY) LTD,2015/272991/07,Engineering & Construction,Limpopo,"2875 Biko Crescent, Port Elizabeth ",630000_________,Port Elizabeth,Working Capital,"Raw materials, tooling and factory rental for the next 12 months",0 to R500K,0 to R500K,422777_________,We design and sew corporate uniforms and protective clothing.,1.0,0.0,1,0%,0%,100%,Level 1,Rural,0%,Nadia Hendricks,nadiahendricks@gmail.com,+27718217234
2025-08-09 11:22:24,Thulani Zulu ,Zenzele Transport,2017/312610/07,Mining,Western Cape,"64 Long Drive, Tembisa",2120000________,Tembisa,Debt,To increase production and take on larger supply contracts ,0 to R500K,R501K to R1M,0______________,We supply and install security systems and CCTV. ,26.0,1.0,1,0%,0%,100%,Level 1,Township,0%,Thulani Zulu,thulanizulu@gmail.com,+27836005912
2025-06-27 10:15:33,Suzette Singh ,Singh Engineering (Pty) Ltd,2015/591090/07,Energy,KZN,"2559 Jan Smuts Crescent, EAST LONDON",250000_________,EAST LONDON ,Other (Please specify),"Marketing, customer acquisition and website development ",0 to R500K,0 to R500K,2439___________,Commercial cleaning and hygiene services for offices and factories ,,3.0,1,100%,100%,100%,Level 1,Rural,0%,suzette singh,suzettesingh@gmail.com,+27656642289
2025-07-14 02:17:26,Mpho Abrahams ,Ubuntu Distributors CC,,Education,Mpumalanga,"3005 Kruger Avenue, Polokwane ",78720000_______,,Equity,Operational funding ,R20 000 001 to R50M,Above R50M,39361046_______,Logistics company transporting goods between major metros. ,70.0,144.0,2,100%,50–74%,0%,Level 1,Urban,0%,mpho abrahams,mphoabrahams329@gmail.com,+27747451293
2025-06-30 15:31:06,Marlize Ndlovu,Ndlovu Agri (Pty) Ltd ,2020/553726/07,Hospitality,Western Cape,"269 Aloe Street, Emalahleni",250000_________,Emalahleni,Working Capital,To increase production and take on larger supply contracts ,0 to R500K,0 to R500K,396____________,We run a driving school and provide learner licence training.,2.0,3.0,4,100%,0%,100%,Level 2,Township,0%,Marlize Ndlovu,marlizendlovu288@outlook.com,+27 89 787 6620
2025-08-23 22:59:27,Tariq Wyk ,Fairview Manufacturing,202399409707 ,Hospitality,Limpopo,"441 Tambo Crescent, Sandton",7180000________,Sandton ,Debt & Equity,To buy additional equipment and expand production capacity,0 to R500K,0 to R500K,296535_________,Commercial cleaning and hygiene services for offices and factories ,1.0,3.0,1,0%,100%,100%,Level 1,Urban,0%,tariq wyk,tariqwyk@yahoo.com,+27 61 425 1791
2025-06-26 08:20:11,Johan Khumalo ,Protea Investments,2012/200218/07,Automotive,Gauteng,"1154 Acacia Drive, Uitenhage",124430000______,Uitenhage ,Purchase Order Funding,To grow the business ,R20 000 001 to R50M,R20 000 001 to R50M,24886651_______,,54.0,14.0,10,100%,1–24%,100%,Level 1,Rural,0%,johan khumalo,johankhumalo@gmail.com,+27 79 582 4778
2025-08-13 00:29:52,Nomsa Ramaphakela,Fairview Services,2025/903496/07,Tourism,Gauteng,"542 Main Drive, Klerksdorp",80000__________,Klerksdorp,Working Capital;Other (Please specify),Working capital to fulfil confirmed purchase orders,0 to R500K,0 to R500K,12832__________,Commercial cleaning and hygiene services for offices and factories ,9.0,17.0,2,0%,100%,100%,Level 1,Rural,0%,nomsa ramaphakela,nomsaramaphakela995@gmail.com,+27 73 924 8416
2025-06-30 11:14:37,Fatima Isaacs,Fairview Consulting (Pty) Ltd,2015/428553/07,Waste Management,Gauteng,"572 Rissik Drive, Gqeberha",220000_________,Gqeberha,Debt & Equity;Working Capital,To buy additional equipment and expand production capacity,0 to R500K,R501K to R1M,374363_________,We run a driving school and provide learner licence training.,6.0,8.0,1,0%,0%,100%,Level 1,Township,0%,Fatima Isaacs,fatimaisaacs@yahoo.com,0836927648
2025-06-28 23:02:26,Nokuthula Maluleke,Clear Water Holdings ,2012/636866/07 ,Business Services (Agency & Consultancy),Western Cape,"2788 Jakaranda Drive, Paarl",5150000________,Paarl ,Working Capital,"Funding is required for equipment, training and certification.",R1 000 001 to R5M,R1 000 001 to R5M,857513_________,We provide ICT support and cloud services to small businesses in the province.,4.0,10.0,5,0%,0%,100%,Level 1,Urban,0%,Nokuthula Maluleke,nokuthulamaluleke535@gmail.com,+27 66 996 6590
2025-09-14 02:49:09,Nokuthula Tshabalala,Frontier Investments,2023/173952/07,Agriculture - Primary ,Gauteng,"2417 Protea Street, mokopane ",380000_________,mokopane,Working Capital,Stock purchase and general operational funding ,0 to R500K,R501K to R1M,375037_________,Logistics company transporting goods between major metros. ,,1.0,1,0%,100%,100%,Level 2,Urban,0%,nokuthula tshabalala,nokuthulatshabalala@icloud.com,+27 88 370 0981
2025-08-09 18:57:37,Dineo Dlamini,Dlamini Manufacturing,2018/143890/07,Mining,Gauteng,"1411 Biko Way, Johannesburg ",110000_________,Johannesburg,,Stock purchase and general operational funding ,0 to R500K,0 to R500K,22847__________,We grow and pack vegetables for regional wholesalers and retailers.,,1.0,1,100%,0%,100%,Level 1,Township,0%,Dineo Dlamini,dineodlamini@yahoo.com,0637443698
2025-07-31 23:08:22,Zainab Abrahams,Abrahams Technologies (Pty) Ltd,2021/793679/07,Business Services (Agency & Consultancy),Western Cape,"942 Acacia Way, Gqeberha",30000__________,Gqeberha,Debt & Equity,To increase production and take on larger supply contracts ,0 to R500K,0 to R500K,961____________,A family-run bakery supplying schools and local retailers. ,3.0,4.0,10,0%,100%,100%,Level 1,Rural,0%,Zainab Abrahams,zainababrahams@gmail.com,+27797432704
2025-08-04 19:56:31,Siyabonga Ramaphakela,Fynbos Distributors (Pty) Ltd,2015/972908/07,Tourism,Western Cape,"110 Umgeni Street, Newcastle",480000_________,Newcastle,Equity;Working Capital,To grow the business ,0 to R500K,0 to R500K,477231_________,A tourism operator offering guided township and heritage tours,20.0,2.0,1,0%,50–74%,100%,Level 1,Rural,0%,Siyabonga Ramaphakela,siyabongaramaphakela@yahoo.com,+27 72 255 9230
2025-08-06 08:04:20,Sanjay Sithole,Sithole Trading Pty Ltd,2020/346389/07,Hospitality,Limpopo,"2454 Long Avenue, Worcester",510000_________,Worcester,Debt & Equity,"Raw materials, tooling and factory rental for the next 12 months",0 to R500K,R501K to R1M,341620_________,We design and sew corporate uniforms and protective clothing.,17.0,7.0,10,100%,100%,100%,Level 1,Urban,0%,Sanjay Sithole,sanjaysithole@gmail.com,0899903709
2025-07-11 05:39:40,Zainab Zulu,Blue Crane Foods ,2022/583771/07,Manufacturing,Gauteng,"2210 Buitenkant Crescent, Cape Town",610000_________,Cape Town,Debt,Operational funding ,0 to R500K,0 to R500K,15982__________,Commercial cleaning and hygiene services for offices and factories ,1.0,3.0,2,100%,25–49%,100%,Level 1,Township,0%,Zainab Zulu,zainabzulu@gmail.com,+27766190951
2025-09-20 13:43:20,Imran Shabalala ,Shabalala Services ,2011/137848/07,Healthcare & Biotechnology,Gauteng,"1208 Acacia Road, Ladysmith",380000_________,Ladysmith ,Working Capital,"Purchase of farming implements, seed and irrigation infrastructure",0 to R500K,0 to R500K,151990_________,Independent pharmacy and primary healthcare clinic serving a rural community,3.0,11.0,Shabalala Services,100%,100%,100%,Level 1,Rural,0%,Imran Shabalala,imranshabalala@webmail.co.za,0613473149
2025-07-31 17:30:52,Lungile Ramaphakela,RAMAPHAKELA MEDIA PTY LTD ,2011/774302/07,Information & Communication Technology,Western Cape,"169 Tambo Street, Roodepoort",220000_________,Roodepoort,Other (Please specify),To buy additional equipment and expand production capacity,0 to R500K,0 to R500K,439231_________,A tourism operator offering guided township and heritage tours,4.0,2.0,3,50–74%,0%,100%,Level 1,Township,0%,Lungile Ramaphakela,lungileramaphakela570@webmail.co.za,+27772342179
2025-09-16 02:04:59,Sipho Ramaphakela ,Kopano Enterprises ,2023/524540/07 ,Financial Services,Mpumalanga,"2818 Acacia Avenue, Springs",190000_________,Springs,Other (Please specify),"Use of Funds
1.	Equipment purchase
2.	Staff expansion
3.	Marketing
",0 to R500K,0 to R500K,0______________,Catering and events business servicing corporate functions.,0.0,1.0,4,0%,0%,100%,Level 8,Urban,0%,Sipho Ramaphakela,siphoramaphakela900@yahoo.com,+27747736846
2025-09-09 03:46:19,Hendrik Zwane,Highveld Foods Group,2018/554674/07,Manufacturing,Limpopo,"1743 Umgeni Road, Roodepoort ",410000_________,Roodepoort ,Debt,"Raw materials, tooling and factory rental for the next 12 months",0 to R500K,0 to R500K,67873__________,We provide ICT support and cloud services to small businesses in the province.,3.0,6.0,2,100%,100%,100%,Level 2,Urban,0%,Hendrik Zwane,hendrikzwane@gmail.com,+27676653415
2025-08-30 21:12:56,Deepak Molefe,Molefe Enterprises (Pty) Ltd,2013/247783/07,Engineering & Construction,Western Cape,"1573 Loop Crescent, Kimberley",200000_________,Kimberley ,Working Capital,Working capital to fulfil confirmed purchase orders,0 to R500K,0 to R500K,0______________,We manufacture and supply steel components to construction contractors.,2.0,2.0,1,100%,1–24%,100%,Level 1,Township,0%,deepak molefe,deepakmolefe504@gmail.com,+27818930104
2025-07-05 02:51:35,Sanele Sibeko ,Ikhaya Solutions ,2022/545290/07,Financial Services,Western Cape,"1618 Sisulu Way, Welkom",1930000________,Welkom,Equity,To grow the business ,R1 000 001 to R5M,R1 000 001 to R5M,0______________,We provide ICT support and cloud services to small businesses in the province.,23.0,8.0,3,18 to 35,50–74%,50–74%,Level 3,Urban,0%,Sanele Sibeko,sanelesibeko@mweb.co.za,+27 74 504 8416
2025-06-26 09:04:22,Lwazi Chauke,Frontier Services (Pty) Ltd,2024/756831/07,Transportation and Logistics,North West,"2381 Tambo Avenue, Gqeberha",990000_________,Gqeberha,Debt,"Purchase of farming implements, seed and irrigation infrastructure",R501K to R1M,R501K to R1M,328697_________,A family-run bakery supplying schools and local retailers. ,14.0,3.0,1,0%,0%,100%,Level 1,Urban,0%,Lwazi Chauke,lwazichauke348@yahoo.com,0724174803
2025-08-02 01:45:32,Bianca Nkosi ,Ubuntu Solutions,2008/650348/07,Agriculture - Primary ,Western Cape,"837 Pretorius Avenue, Gqeberha",10420000_______,Gqeberha,Working Capital,Bridging finance while awaiting payment from government contracts,0 to R500K,R501K to R1M,372790_________,Commercial cleaning and hygiene services for offices and factories ,2.0,2.0,Bianca Nkosi,0%,50–74%,100%,Level 1,Township,0%,bianca nkosi,biancankosi@gmail.com,+27889698901
2025-09-18 17:52:39,Annelie Naidoo ,Naidoo Agri Group,2016 / 126377 / 07,,Gauteng,"2327 Jan Smuts Avenue, Tzaneen",180000_________,Tzaneen,,"Marketing, customer acquisition and website development ",0 to R500K,0 to R500K,0______________,We run a driving school and provide learner licence training.,,3.0,2,0%,100%,100%,Level 8,Township,0%,annelie naidoo,annelienaidoo@icloud.com,+27711887572
2025-07-02 12:17:36,Deon Mkhize,Mkhize Transport,2010/486550/07,Healthcare & Biotechnology,Western Cape,"1020 Aloe Street, Polokwane",540000_________,Polokwane ,Debt;Working Capital,"Raw materials, tooling and factory rental for the next 12 months",0 to R500K,0 to R500K,179810_________,We recycle plastic waste and sell processed pellets to manufacturers.,13.0,3.0,3,0%,0%,100%,Level 1,Urban,0%,Deon Mkhize,deonmkhize379@gmail.com,0732042495
2025-07-21 03:32:36,Ashraf Moodley,Copper Leaf Media Group,Copper Leaf Media Group ,Agriculture - Primary ,Gauteng,"707 Jakaranda Way, East London",1060000________,East London,Equity,"Raw materials, tooling and factory rental for the next 12 months",0 to R500K,0 to R500K,352463_________,A tourism operator offering guided township and heritage tours,0.0,5.0,1,100%,100%,100%,Level 1,Urban,0%,Ashraf Moodley,ashrafmoodley@outlook.com,+27849758082
2025-06-28 12:46:01,Nosipho Abrahams ,Lowveld Logistics Pty Ltd,2017/173483/07,Engineering & Construction,Gauteng,"867 Biko Drive, SOWETO ",3420000________,SOWETO,Debt & Equity;Working Capital,To buy additional equipment and expand production capacity,0 to R500K,0 to R500K,0______________,We run a driving school and provide learner licence training.,2.0,2.0,1,0%,0%,100%,Level 1,Urban,0%,Nosipho Abrahams,nosiphoabrahams@mweb.co.za,+27874318091
2025-07-27 13:01:46,Mxolisi Molefe,Kopano Construction,2021/738882/07,Manufacturing,Gauteng,"671 Sisulu Drive, George","1,5m",George,Purchase Order Funding,Bridging finance while awaiting payment from government contracts,R10 000 001 to R20M,R20 000 001 to R50M,22088868_______,,,8.0,1,100%,100%,100%,Level 4,Township,0%,Mxolisi Molefe,mxolisimolefe@gmail.com,+27655613480
2025-07-30 08:26:43,Nosipho Van ,Ikhaya Holdings Pty Ltd ,2019/791626/07,Tourism,Western Cape,"2101 Main Drive, Welkom",3080000________,Welkom,Debt;Working Capital,Working capital to fulfil confirmed purchase orders,R1 000 001 to R5M,R5 000 001 to R10M,5127156________,We recycle plastic waste and sell processed pellets to manufacturers.,17.0,136.0,1,0%,50–74%,100%,Level 1,Township,50–74%,Nosipho Van,nosiphovan@icloud.com,+27 85 639 9383
2025-09-15 03:12:48,Mandla Mahlangu,Apex Holdings Pty Ltd ,2024 / 222765 / 07 ,Engineering & Construction,Western Cape,"479 Long Way, Soweto ",10000__________,Soweto,Working Capital,Bridging finance while awaiting payment from government contracts,0 to R500K,0 to R500K,0______________,A tourism operator offering guided township and heritage tours,6.0,10.0,1,0%,100%,0%,Level 3,Rural,0%,Mandla Mahlangu,mandlamahlangu469@webmail.co.za,0743107979
2025-08-17 01:43:58,Faried Venter,Blue Crane Enterprises CC,2021/507174/07,,Gauteng,"946 Biko Drive, Sasolburg",90000__________,Sasolburg,,Expansion into a second branch and hiring of staff ,0 to R500K,0 to R500K,8639___________,,3.0,3.0,1,0%,100%,100%,Level 1,Urban,0%,Faried Venter,fariedventer@outlook.com,+27753768355
2025-09-12 12:17:12,Thandeka Petersen,Petersen Civils,2008/667630/07 ,Hospitality,Gauteng,"2454 Kingfisher Lane, Worcester ",4350000________,,Other (Please specify),To grow the business ,0 to R500K,0 to R500K,0______________,A tourism operator offering guided township and heritage tours,2.0,3.0,5,100%,0%,100%,Level 1,Urban,0%,thandeka petersen,thandekapetersen@icloud.com,+27 86 057 7205
2025-08-29 09:52:36,Nisha Botha,Baobab Agri,2024/733555/07,Information & Communication Technology,Gauteng,"2382 Buitenkant Avenue, Randburg ",110000_________,Randburg,Other (Please specify),To grow the business ,0 to R500K,0 to R500K,108316_________,We design and sew corporate uniforms and protective clothing.,0.39,8.0,1,0%,0%,100%,Level 2,Township,0%,nisha botha,nishabotha676@yahoo.com,063 704 6775
2025-09-24 10:31:14,Priya Jacobs,FYNBOS LOGISTICS GROUP ,2024/696674/07,Manufacturing,KZN,"1203 Jan Smuts Avenue, Uitenhage ",70000__________,Uitenhage ,Working Capital,Expansion into a second branch and hiring of staff ,0 to R500K,0 to R500K,22686__________,Logistics company transporting goods between major metros. ,5.0,1.0,3,100%,0%,100%,Level 1,Urban,0%,Priya Jacobs,priyajacobs@yahoo.com,0861795932
2025-07-11 18:43:41,Siyabonga Isaacs,Ubuntu Technologies ,2008/800117/07,Retail & Wholesale,Western Cape,"2893 Mandela Avenue, Potchefstroom",250000_________,Potchefstroom ,Purchase Order Funding,Working capital to fulfil confirmed purchase orders,0 to R500K,0 to R500K,66_____________,,2.0,2.0,1,50–74%,0%,0%,Level 1,Urban,0%,siyabonga isaacs,SIYABONGAISAACS27@YAHOO.COM,+27817100007
2025-07-26 03:55:54,Deepak Abrahams,Baobab Foods (Pty) Ltd,,,Western Cape,"1779 Church Avenue, Mbombela",22780000_______,Mbombela,,"Funding is required for equipment, training and certification.",0 to R500K,R501K to R1M,0______________,We recycle plastic waste and sell processed pellets to manufacturers.,,6.0,1,25–49%,0%,100%,Level 1,Rural,0%,Deepak Abrahams,deepakabrahams@mweb.co.za,0850961239
2025-08-22 20:59:28,Danie Mabena,Mabena Group,2022/642240/07 ,Retail & Wholesale,Gauteng,"2098 Long Crescent, Witbank ",13970000_______,Witbank,Debt & Equity,To increase production and take on larger supply contracts ,R5 000 001 to R10M,R5 000 001 to R10M,5587229________,We grow and pack vegetables for regional wholesalers and retailers.,16.0,1.0,1,100%,25–49%,100%,Level 8,Township,0%,Danie Mabena,daniemabena@gmail.com,0752270000
2025-09-07 00:54:27,Andile Hendricks,Sondela Agri,2017/354534/07,Retail & Wholesale,Gauteng,"775 Church Crescent, Johannesburg ",760000_________,Johannesburg,Other (Please specify),"Use of Funds
1.	Equipment purchase
2.	Staff expansion
3.	Marketing
",0 to R500K,0 to R500K,380895_________,Catering and events business servicing corporate functions.,10.0,6.0,10,100%,50–74%,100%,Level 1,Urban,0%,Andile Hendricks,andilehendricks@gmail.com,+27739338503
2025-07-02 16:27:13,Busisiwe Nkosi,Nexus Engineering Pty Ltd,2013/216320/07,Entertainment and Media,Gauteng,"1143 Loop Road, Uitenhage",2020000________,Uitenhage,Equity;Working Capital,Purchase of a delivery vehicle and cold storage unit,0 to R500K,0 to R500K,403557_________,We supply and install security systems and CCTV. ,1.0,4.0,4,100%,100%,100%,Level 1,Rural,0%,busisiwe nkosi,busisiwenkosi@gmail.com,087 146 5123
2025-07-15 21:27:03,Kagiso Dlamini,Kopano Consulting Group,2022/764193/07,Education,North West,"2742 Tambo Way, Worcester",70000__________,Worcester,Purchase Order Funding;Working Capital,Purchase of a delivery vehicle and cold storage unit,0 to R500K,0 to R500K,27829__________,Solar installation business serving residential and small commercial clients ,5.0,1.0,2,0%,100%,25–49%,Level 1,Township,0%,Kagiso Dlamini,kagisodlamini@gmail.com,0680033991
2025-07-24 12:03:28,Christo Khumalo ,Khumalo Media (Pty) Ltd,2010/248374/07,Manufacturing,Gauteng,"1151 Rissik Drive, Mthatha ",77290000_______,Mthatha,Purchase Order Funding,Stock purchase and general operational funding ,R1 000 001 to R5M,R1 000 001 to R5M,2864783________,Civil engineering contractor focused on roads and stormwater projects ,10.0,14.0,1,100%,0%,100%,Level 1,Township,0%,Christo Khumalo,christokhumalo@webmail.co.za,+27753403419
2025-06-30 20:49:38,Riyaad Zulu ,Sizani Consulting,2013/143964/07,,Gauteng,"707 Biko Crescent, Kimberley",21460000_______,Kimberley ,,Working capital to fulfil confirmed purchase orders,R20 000 001 to R50M,Above R50M,71527454_______,A tourism operator offering guided township and heritage tours,234.0,54.0,3,100%,100%,100%,Level 1,Rural,1–24%,riyaad zulu,riyaadzulu@webmail.co.za,+27 84 782 2430
2025-08-02 15:50:55,Vusi Mkhize ,Mkhize Investments (Pty) Ltd,2015/624464/07,Mining,KZN,"2960 Acacia Lane, Tzaneen",74070000_______,Tzaneen ,Working Capital,"Purchase of farming implements, seed and irrigation infrastructure",R1 000 001 to R5M,R10 000 001 to R20M,9063904________,A tourism operator offering guided township and heritage tours,,57.0,,100%,1–24%,1–24%,Level 1,Rural,0%,vusi mkhize,vusimkhize350@gmail.com,+27826227465
2025-07-21 06:37:29,Francois Pillay ,PILLAY TRADING GROUP,2025/658113/07,Hospitality,KZN,"959 Biko Drive, Rustenburg",60000__________,Rustenburg,Working Capital,"Raw materials, tooling and factory rental for the next 12 months",0 to R500K,0 to R500K,20604__________,Solar installation business serving residential and small commercial clients ,8.0,3.0,4,0%,0%,100%,Level 1,Rural,0%,Francois Pillay,francoispillay407@icloud.com,+27 72 454 4981
2025-09-04 18:51:23,Sibusiso Botha,Thuso Distributors,2014/380891/07,Financial Services,Gauteng,"1821 Long Drive, STELLENBOSCH",250000_________,STELLENBOSCH ,Purchase Order Funding;Working Capital,Operational funding ,0 to R500K,0 to R500K,30_____________,Independent pharmacy and primary healthcare clinic serving a rural community,1.0,3.0,3,0%,0%,100%,Level 6,Urban,0%,Sibusiso Botha,sibusisobotha483@gmail.com,+27753363403
2025-07-10 14:26:14,Amahle Maharaj,Kalahari Civils (Pty) Ltd,,Transportation and Logistics,Gauteng,"343 Voortrekker Way, Midrand ",960000_________,Midrand,Working Capital,Working capital to fulfil confirmed purchase orders,0 to R500K,0 to R500K,318997_________,,5.0,1.0,10,100%,100%,100%,Level 1,Rural,0%,Amahle Maharaj,amahlemaharaj@gmail.com,064 665 5619
2025-09-18 19:24:00,Sipho Nel,Nel Consulting (Pty) Ltd,2024 / 510924 / 07,Engineering & Construction,Limpopo,"1210 Kingfisher Lane, Randburg",130000_________,Randburg,Purchase Order Funding,"Use of Funds
1.	Equipment purchase
2.	Staff expansion
3.	Marketing
",0 to R500K,R501K to R1M,0______________,We supply and install security systems and CCTV. ,5.0,7.0,5,0%,0%,100%,Level 1,Township,0%,Sipho Nel,siphonel@webmail.co.za,+27755531394
2025-08-23 08:13:51,Thandeka Motaung ,Clear Water Investments,2016/758983/07,Energy,Gauteng,"147 Voortrekker Way, Kuruman ",410000_________,Kuruman ,Working Capital,"Use of Funds
1.	Equipment purchase
2.	Staff expansion
3.	Marketing
",0 to R500K,0 to R500K,343057_________,Solar installation business serving residential and small commercial clients ,2.0,5.0,10,100%,100%,100%,Level 1,Rural,25–49%,Thandeka Motaung,thandekamotaung36@gmail.com,+27 64 111 1748
2025-08-03 11:19:44,Deepak Solomons ,Greenfield Group Group ,2008/230002/07,Business Services (Agency & Consultancy),Gauteng,"2087 Jan Smuts Crescent, EMALAHLENI",1200000________,EMALAHLENI ,Purchase Order Funding,To grow the business ,R501K to R1M,R501K to R1M,400345_________,Catering and events business servicing corporate functions.,5.0,3.0,2,25–49%,0%,100%,Level 1,Rural,0%,Deepak Solomons,deepaksolomons@icloud.com,+27 65 575 9318
2025-09-02 21:04:45,Pieter Shabalala,Ubuntu Construction,,Energy,Gauteng,"2596 Buitenkant Drive, soweto",550000_________,soweto,Working Capital,"Use of Funds
1.	Equipment purchase
2.	Staff expansion
3.	Marketing
",0 to R500K,0 to R500K,183597_________,,1.0,2.0,1,0%,1–24%,100%,Level 1,Township,0%,pieter shabalala,pietershabalala872@icloud.com,0681626660
2025-08-05 18:49:03,Lindiwe Solomons,Nexus Agri ,2019/456270/07,Information & Communication Technology,Limpopo,"51 Acacia Drive, kuruman",430000_________,kuruman,Purchase Order Funding,Purchase of a delivery vehicle and cold storage unit,0 to R500K,0 to R500K,0______________,We recycle plastic waste and sell processed pellets to manufacturers.,9.0,1.0,1,0%,100%,1–24%,Level 1,Township,0%,Lindiwe Solomons,lindiwesolomons@outlook.com,072 844 7002
2025-08-08 17:06:58,Karin Govender,Govender Manufacturing Pty Ltd,2015/342936/07,Healthcare & Biotechnology,Gauteng,"1316 Pretorius Avenue, Kuruman ",12070000_______,Kuruman,Working Capital;Other (Please specify),Stock purchase and general operational funding ,0 to R500K,0 to R500K,488434_________,Logistics company transporting goods between major metros. ,2.0,1.0,1,0%,100%,100%,Level 8,Urban,0%,Karin Govender,karingovender736@webmail.co.za,+27614781812
2025-09-23 14:41:26,Refilwe Abrahams,Ubuntu Logistics (Pty) Ltd ,2008/383952/07,Manufacturing,Limpopo,"2860 Pretorius Drive, mahikeng",1150000________,mahikeng,Working Capital,Expansion into a second branch and hiring of staff ,0 to R500K,0 to R500K,461714_________,Independent pharmacy and primary healthcare clinic serving a rural community,0.0,2.0,5,100%,25–49%,100%,Level 1,Urban,0%,Refilwe Abrahams,refilweabrahams@mweb.co.za,+27621630377
2025-07-29 07:18:18,Annelie Ngcobo,Silver Oak Transport CC,2020/675791/07,Retail & Wholesale,North West,"1751 Biko Crescent, Pretoria ",900000_________,Pretoria,Working Capital,To buy additional equipment and expand production capacity,0 to R500K,0 to R500K,0______________,Resubmitted application. ,2.0,3.0,2,1–24%,100%,100%,Level 1,Urban,0%,Annelie Ngcobo,anneliengcobo528@gmail.com,+27 74 273 3560
2025-08-12 13:33:15,Nisha Tshabalala,TSHABALALA SOLUTIONS GROUP,2021/140506/07,,Gauteng,"1352 Loop Avenue, Giyani",104620000______,Giyani ,,Stock purchase and general operational funding ,R1 000 001 to R5M,R1 000 001 to R5M,2794334________,,,26.0,3,0%,25–49%,100%,Level 1,Urban,0%,Nisha Tshabalala,nishatshabalala@mweb.co.za,+27 76 037 9822
2025-07-24 12:56:55,Sipho Ntuli ,Clear Water Transport Pty Ltd,2023/475521/07,Manufacturing,Gauteng,"2881 Marula Crescent, Giyani",30000__________,Giyani ,Working Capital,"Purchase of farming implements, seed and irrigation infrastructure",0 to R500K,0 to R500K,6857___________,We recycle plastic waste and sell processed pellets to manufacturers.,0.0,2.0,4,0%,0%,100%,Level 1,Urban,0%,sipho ntuli,siphontuli864@gmail.com,+27 69 229 5195
2025-08-18 18:11:50,Vikash Zulu,Zulu Logistics Pty Ltd ,2008/605454/07,Manufacturing,Gauteng,"1685 Pretorius Drive, RANDBURG",66798192781____,RANDBURG,Working Capital,To upgrade our machinery and improve turnaround times.,R501K to R1M,R501K to R1M,598125_________,We grow and pack vegetables for regional wholesalers and retailers.,8.0,16.0,4,0%,0%,100%,Level 1,Township,0%,Vikash Zulu,vikashzulu@gmail.com,+27 81 450 8626
2025-07-16 09:59:26,Adele Adams,Iron Gate Group (Pty) Ltd,2017 / 980603 / 07,Agriculture - Primary ,Gauteng,"1602 Commissioner Way, kuruman",480000_________,,Working Capital,Working capital to fulfil confirmed purchase orders,0 to R500K,0 to R500K,477057_________,Catering and events business servicing corporate functions.,3.0,10.0,6,0%,0%,100%,Level 1,Rural,0%,Adele Adams,adeleadams@webmail.co.za,+27739760418
2025-08-12 15:05:20,Zodwa Nel,Nel Investments,2010/384669/07 ,Business Services (Agency & Consultancy),Gauteng,"1590 Kruger Way, Sandton",9660000________,Sandton,Other (Please specify),Expansion into a second branch and hiring of staff ,0 to R500K,0 to R500K,374945_________,Logistics company transporting goods between major metros. ,2.0,6.0,3,100%,50–74%,75–99%,Level 8,Rural,0%,zodwa nel,zodwanel@gmail.com,+27 62 998 5300
2025-07-12 15:40:27,Ruan Mthembu ,Mthembu Solutions Pty Ltd ,2020/859637/07,,Gauteng,"2096 Aloe Lane, Giyani",420000_________,Giyani,,Working capital to fulfil confirmed purchase orders,0 to R500K,R501K to R1M,527144_________,,,5.0,3,100%,0%,100%,Level 1,Urban,0%,Ruan Mthembu,ruanmthembu@webmail.co.za,083 825 8686
2025-07-06 00:08:41,Mpho Maharaj,Maharaj Technologies CC ,2023/428128/07,Hospitality,Gauteng,"2349 Rivonia Lane, Mbombela",30000__________,Mbombela,Working Capital,"Use of Funds
1.	Equipment purchase
2.	Staff expansion
3.	Marketing
",0 to R500K,0 to R500K,0______________,A family-run bakery supplying schools and local retailers. ,1.0,4.0,3,0%,0%,100%,Level 1,Township,0%,Mpho Maharaj,mphomaharaj@icloud.com,+27740634782
2025-08-28 14:17:54,Shireen Sithole,Sithole Enterprises (Pty) Ltd ,2010/380277/07,Engineering & Construction,Western Cape,"2826 Biko Drive, Midrand",950000_________,Midrand,Working Capital,To buy additional equipment and expand production capacity,R501K to R1M,R501K to R1M,475890_________,We provide ICT support and cloud services to small businesses in the province.,10.0,5.0,2,100%,25–49%,0%,Level 1,Township,0%,Shireen Sithole,shireensithole@webmail.co.za,+27662075242
2025-07-04 19:03:20,Danie Fortuin,Fortuin Agri (Pty) Ltd,2022/495452/07,Hospitality,Western Cape,"1481 Sisulu Street, Sasolburg",250000_________,Sasolburg,Purchase Order Funding;Working Capital,To upgrade our machinery and improve turnaround times.,0 to R500K,0 to R500K,2101___________,Civil engineering contractor focused on roads and stormwater projects ,3.0,5.0,1,0%,0%,100%,Level 1,Rural,0%,Danie Fortuin,daniefortuin@icloud.com,065 951 2359
2025-07-01 13:47:38,Sanjay Chauke ,Meridian Trading CC ,2018/186030/07,Agriculture - Secondary ,Limpopo,"251 Rivonia Avenue, Johannesburg ",500000_________,Johannesburg,Other (Please specify),"Use of Funds
1.	Equipment purchase
2.	Staff expansion
3.	Marketing
",0 to R500K,0 to R500K,248895_________,We design and sew corporate uniforms and protective clothing.,1.0,1.0,4,100%,0%,100%,Level 1,Rural,0%,Sanjay Chauke,sanjaychauke@icloud.com,+27649915639
2025-08-16 23:53:10,Ayanda Daniels,Northstar Consulting (Pty) Ltd ,2014/734502/07,Information & Communication Technology,Gauteng,"261 Jakaranda Lane, Polokwane",1150000________,Polokwane,Working Capital,Working capital to fulfil confirmed purchase orders,0 to R500K,0 to R500K,0______________,We grow and pack vegetables for regional wholesalers and retailers.,4.0,2.0,3,100%,100%,100%,Level 1,Rural,0%,Ayanda Daniels,ayandadaniels60@gmail.com,+27 79 530 6431
2025-08-27 15:15:30,Nisha Mashaba,Mashaba Distributors,,Agriculture - Primary ,North West,"1688 Biko Avenue, Giyani",250000_________,Giyani ,,"Raw materials, tooling and factory rental for the next 12 months",0 to R500K,0 to R500K,65_____________,,,10.0,3,0%,100%,100%,Level 1,Rural,0%,Nisha Mashaba,nishamashaba@gmail.com,+27641172558
2025-07-26 18:36:46,Mxolisi Ntuli,Ubuntu Transport CC,2008/471610/07,Information & Communication Technology,Gauteng,"2038 Jakaranda Way, Richards Bay",970000_________,Richards Bay ,Working Capital,Expansion into a second branch and hiring of staff ,0 to R500K,0 to R500K,242395_________,Independent pharmacy and primary healthcare clinic serving a rural community,13.0,2.0,1,1–24%,100%,100%,Level 1,Rural,0%,mxolisi ntuli,MXOLISINTULI@YAHOO.COM,+27 62 763 1598
2025-07-31 20:35:16,Anisha Mashaba,Kopano Transport Pty Ltd,2014/139520/07,Mining,Mpumalanga,"2651 Commissioner Way, Kimberley",910000_________,Kimberley,Other (Please specify),To increase production and take on larger supply contracts ,0 to R500K,R501K to R1M,754638_________,We provide ICT support and cloud services to small businesses in the province.,2.0,6.0,4,100%,100%,100%,Level 2,Urban,50–74%,Anisha Mashaba,anishamashaba@mweb.co.za,0852455331
2025-08-19 06:19:36,Katlego Steyn ,Steyn Manufacturing ,2012/766631/07 ,Manufacturing,Eastern Cape,"2725 Buitenkant Road, East London",380000_________,East London,Working Capital,Purchase of a delivery vehicle and cold storage unit,0 to R500K,0 to R500K,376887_________,We supply and install security systems and CCTV. ,12.0,11.0,Katlego Steyn,0%,1–24%,0%,Level 1,Rural,0%,Katlego Steyn,katlegosteyn@outlook.com,0610405160
2025-08-04 01:24:26,Nadia Sekgobela ,BEACON ENGINEERING (PTY) LTD,2012/666909/07,Tourism,Gauteng,"1852 Tambo Road, Soweto",100000_________,Soweto,Working Capital,Bridging finance while awaiting payment from government contracts,0 to R500K,0 to R500K,191808_________,Solar installation business serving residential and small commercial clients ,1.0,3.0,2,100%,100%,100%,Level 1,Rural,0%,Nadia Sekgobela,nadiasekgobela@webmail.co.za,+27633505098
2025-06-26 20:43:24,Kgomotso Mokoena,Protea Distributors CC,2025/537307/07,Financial Services,Limpopo,"2838 Rivonia Crescent, Gqeberha",9670000________,Gqeberha,Other (Please specify),Purchase of a delivery vehicle and cold storage unit,0 to R500K,R501K to R1M,559277_________,A tourism operator offering guided township and heritage tours,13.0,1.0,2,50–74%,0%,100%,Level 1,Township,0%,Kgomotso Mokoena,kgomotsomokoena@mweb.co.za,+27833657385
2025-08-16 05:22:33,Ashwin Mokoena ,Mokoena Group (Pty) Ltd,2015/973672/07 ,Manufacturing,Limpopo,"2392 Marula Street, EMALAHLENI",2980000________,EMALAHLENI ,Purchase Order Funding;Working Capital,"Purchase of farming implements, seed and irrigation infrastructure",R1 000 001 to R5M,R1 000 001 to R5M,2480853________,We design and sew corporate uniforms and protective clothing.,4.0,2.0,100% black woman owned ,25–49%,100%,100%,Level 1,Township,0%,Ashwin Mokoena,ashwinmokoena@gmail.com,+27682662707
2025-08-02 16:40:11,Busisiwe Daniels ,Daniels Investments (Pty) Ltd,,Waste Management,Western Cape,"1001 Rivonia Road, Centurion",10000__________,Centurion,Debt & Equity,"Funding is required for equipment, training and certification.",0 to R500K,0 to R500K,3022___________,Independent pharmacy and primary healthcare clinic serving a rural community,0.0,7.0,2,50–74%,0%,100%,Level 1,Urban,0%,busisiwe daniels,busisiwedaniels@icloud.com,+27626893285
2025-06-28 16:38:15,Kavitha Govender,THUSO PROJECTS PTY LTD,2024/221133/07,Tourism,Western Cape,"281 Rissik Street, Springs",1020000________,,Other (Please specify),Working capital to fulfil confirmed purchase orders,0 to R500K,0 to R500K,255841_________,A family-run bakery supplying schools and local retailers. ,2.0,12.0,5,100%,0%,0%,Level 1,Township,0%,Kavitha Govender,kavithagovender@gmail.com,+27 62 644 9608
2025-08-16 20:46:55,Zanele Govender,Govender Agri (Pty) Ltd,,,Gauteng,"1769 Tambo Drive, Roodepoort",220000_________,Roodepoort ,Working Capital,Purchase of a delivery vehicle and cold storage unit,0 to R500K,0 to R500K,436510_________,,6.0,2.0,6,0%,50–74%,0%,Level 1,Township,0%,zanele govender,zanelegovender@gmail.com,+27899758463
2025-06-25 13:31:29,Karin Chauke,Chauke Manufacturing Group,2010/300298/07,Engineering & Construction,Gauteng,"1077 Tambo Drive, Khayelitsha ",7400000________,Khayelitsha,Working Capital;Other (Please specify),To upgrade our machinery and improve turnaround times.,R1 000 001 to R5M,R1 000 001 to R5M,3702242________,Logistics company transporting goods between major metros. ,34.0,9.0,4,0%,100%,100%,Level 1,Urban,0%,Karin Chauke,karinchauke106@gmail.com,+27892740616
2025-08-09 12:19:28,Zainab Tshabalala,Bright Path Manufacturing,2023/272711/07,Business Services (Agency & Consultancy),Western Cape,"2063 Sisulu Street, Roodepoort ",250000_________,Roodepoort ,Debt & Equity,"Marketing, customer acquisition and website development ",0 to R500K,0 to R500K,0______________,We supply and install security systems and CCTV. ,4.0,0.0,6,0%,0%,100%,Level 1,Township,0%,Zainab Tshabalala,ZAINABTSHABALALA@GMAIL.COM,+27774541057
2025-08-14 12:11:57,Puleng Mnisi,Mnisi Logistics ,2021/616699/07 ,Manufacturing,Limpopo,"689 Kingfisher Crescent, Khayelitsha",19320000_______,Khayelitsha,Debt & Equity;Working Capital,To grow the business ,R5 000 001 to R10M,R5 000 001 to R10M,0______________,,14.0,0.86,6,100%,0%,100%,Level 1,Urban,0%,Puleng Mnisi,pulengmnisi@gmail.com,+27 88 250 2687
2025-07-23 17:09:36,Hendrik Du,Greenfield Trading (Pty) Ltd ,,Transportation and Logistics,Limpopo,"1382 Jan Smuts Avenue, Kimberley",440000_________,Kimberley ,Other (Please specify),Working capital to fulfil confirmed purchase orders,0 to R500K,R501K to R1M,555115_________,Solar installation business serving residential and small commercial clients ,88.0,3.0,10,0%,0%,100%,Level 4,Township,0%,Hendrik Du,hendrikdu@mweb.co.za,+27649843016
2025-08-19 21:02:30,Nandi Radebe,Radebe Construction,2022/507499/07,Education,Gauteng,"2795 Loop Road, Centurion",2590000________,Centurion ,Equity,To upgrade our machinery and improve turnaround times.,0 to R500K,R501K to R1M,517766_________,Solar installation business serving residential and small commercial clients ,2.0,15.0,2,0%,100%,100%,Level 1,Township,0%,Nandi Radebe,nandiradebe@mweb.co.za,+27680121188
2025-08-26 17:16:36,Christo Singh,Oakridge Logistics ,,Information & Communication Technology,Gauteng,"2404 Aloe Road, Port Elizabeth",10000__________,Port Elizabeth,,To grow the business ,0 to R500K,0 to R500K,0______________,,,7.0,6,1–24%,100%,100%,Level 1,Urban,0%,Christo Singh,christosingh@mweb.co.za,+27896852191
2025-07-28 12:50:34,Riaan Sithole,Sithole Consulting (Pty) Ltd,2018/475602/07,Information & Communication Technology,Eastern Cape,"1777 Pretorius Road, kuruman ",1140000________,kuruman,Working Capital,"Marketing, customer acquisition and website development ",0 to R500K,R501K to R1M,570657_________,Civil engineering contractor focused on roads and stormwater projects ,9.0,6.0,10,100%,0%,50–74%,Level 8,Urban,0%,Riaan Sithole,riaansithole@mweb.co.za,+27877874906
2025-08-13 12:04:07,Anisha Daniels,Daniels Agri CC,2018/418200/07 ,,North West,"1974 Long Avenue, Potchefstroom",1_620000_______,Potchefstroom,Purchase Order Funding;Working Capital,"Raw materials, tooling and factory rental for the next 12 months",0 to R500K,R501K to R1M,808102_________,We provide ICT support and cloud services to small businesses in the province.,9.0,3.0,3,0%,0%,100%,Level 1,Urban,0%,Anisha Daniels,anishadaniels@icloud.com,+27724227970
2025-08-06 11:23:03,Reshma Isaacs,Ubuntu Foods Group ,2015/541323/07,Information & Communication Technology,Western Cape,"1781 Tambo Lane, rustenburg ",10000__________,rustenburg,Purchase Order Funding;Working Capital,"Raw materials, tooling and factory rental for the next 12 months",0 to R500K,0 to R500K,0______________,Catering and events business servicing corporate functions.,6.0,4.0,1,100%,100%,100%,Level 1,Rural,0%,Reshma Isaacs,reshmaisaacs@yahoo.com,+27849819512
2025-07-27 00:02:36,Ayanda Du,Du Construction (Pty) Ltd,2012/205916/07,Mining,Gauteng,"775 Jakaranda Street, witbank ",3678000_0______,witbank,Debt & Equity,"Use of Funds
1.	Equipment purchase
2.	Staff expansion
3.	Marketing
",R10 000 001 to R20M,R10 000 001 to R20M,12258483_______,Independent pharmacy and primary healthcare clinic serving a rural community,25.0,33.0,1,1–24%,0%,100%,Level 1,Rural,0%,ayanda du,ayandadu@gmail.com,+27822491743
2025-07-28 18:07:38,Jaco Jacobs,Bright Path Construction,2020/669209/07,Manufacturing,Western Cape,"1731 Buitenkant Way, Kimberley ",30000__________,Kimberley,Equity;Working Capital,To increase production and take on larger supply contracts ,R501K to R1M,0 to R500K,11597__________,Commercial cleaning and hygiene services for offices and factories ,6.0,1.0,1,100%,50–74%,100%,Level 1,Rural,0%,Jaco Jacobs,jacojacobs@yahoo.com,+27794049975
2025-09-03 11:13:23,Kgomotso Zulu,Zulu Engineering Group,2017/414961/07,Information & Communication Technology,Limpopo,"1766 Aloe Way, midrand",3400000________,midrand ,Equity,To increase production and take on larger supply contracts ,0 to R500K,R501K to R1M,0______________,Logistics company transporting goods between major metros. ,2.0,1.0,6,0%,0%,100%,Level 1,Rural,0%,kgomotso zulu,kgomotsozulu967@mweb.co.za,+27735184058
2025-08-05 11:17:30,Katlego Davids,Davids Foods,2019/113746/07,Hospitality,Mpumalanga,"884 Main Drive, Cape Town",320000_________,Cape Town,Purchase Order Funding,Purchase of a delivery vehicle and cold storage unit,0 to R500K,R501K to R1M,317035_________,A tourism operator offering guided township and heritage tours,3.0,1.0,3,0%,0%,100%,Level 1,Township,0%,Katlego Davids,katlegodavids@gmail.com,+27 82 257 1347
2025-08-26 21:03:56,Anisha Radebe,Marula Group,,,Limpopo,"83 Acacia Road, WELKOM",880000_________,WELKOM,Working Capital;Other (Please specify),To grow the business ,R501K to R1M,R1 000 001 to R5M,1470747________,Solar installation business serving residential and small commercial clients ,,17.0,6,100%,100%,100%,Level 1,Rural,0%,Anisha Radebe,anisharadebe@webmail.co.za,+27 65 373 4395
2025-08-07 10:41:51,Tumelo Solomons,SOLOMONS ENTERPRISES CC,2020/650319/07,Engineering & Construction,Western Cape,"219 Rivonia Road, Springs ",2950000________,Springs,Working Capital,Stock purchase and general operational funding ,0 to R500K,0 to R500K,491077_________,We recycle plastic waste and sell processed pellets to manufacturers.,7.0,3.0,2,1–24%,0%,100%,Level 1,Township,0%,Tumelo Solomons,tumelosolomons@gmail.com,+27686876214
2025-07-29 16:47:42,Ntombi Shabalala ,Shabalala Projects Group,2008/856958/07,Information & Communication Technology,Gauteng,"329 Main Street, Randburg ",12560000_______,Randburg,Debt & Equity,"Raw materials, tooling and factory rental for the next 12 months",0 to R500K,R501K to R1M,0______________,We supply and install security systems and CCTV. ,3.0,4.0,2,100%,0%,100%,Level 1,Urban,0%,Ntombi Shabalala,ntombishabalala@webmail.co.za,066 419 3372
2025-07-16 20:19:30,Mxolisi Mthembu ,Vantage Trading,2013/503650/07,Retail & Wholesale,North West,"2648 Loop Street, WITBANK",139180000______,WITBANK,Working Capital,Bridging finance while awaiting payment from government contracts,R5 000 001 to R10M,R10 000 001 to R20M,15252424_______,We manufacture and supply steel components to construction contractors.,27.0,14.0,3,25–49%,25–49%,75–99%,Level 1,Rural,1–24%,Mxolisi Mthembu,mxolisimthembu440@yahoo.com,+27832118574
2025-07-22 16:49:13,Vusi Jacobs ,Redline Projects,2013/969319/07,Entertainment and Media,Western Cape,"318 Sisulu Lane, Soweto",20000__________,Soweto,Debt & Equity,Stock purchase and general operational funding ,0 to R500K,0 to R500K,3256___________,Solar installation business serving residential and small commercial clients ,1.0,4.0,1,100%,0%,100%,Level 1,Township,25–49%,vusi jacobs,vusijacobs@gmail.com,+27789396137
2025-07-31 02:16:01,Marius Reddy,Reddy Manufacturing Group,,Manufacturing,Western Cape,"1617 Pretorius Crescent, Klerksdorp",300000_________,Klerksdorp,Invoice Financing;Working Capital,"Purchase of farming implements, seed and irrigation infrastructure",0 to R500K,0 to R500K,246852_________,We manufacture and supply steel components to construction contractors.,0.0,6.0,6,25–49%,0%,100%,Level 1,Township,0%,Marius Reddy,mariusreddy@gmail.com,+27 73 335 4183
2025-09-04 09:52:38,Mpho Mthembu,Kopano Consulting Pty Ltd,Kopano Consulting Pty Ltd,Agriculture - Primary ,Gauteng,"1951 Long Street, springs",120000_________,springs,Working Capital,"Marketing, customer acquisition and website development ",0 to R500K,0 to R500K,196485_________,We run a driving school and provide learner licence training.,5.0,2.0,1,100%,1–24%,0%,Level 1,Township,0%,mpho mthembu,mphomthembu@yahoo.com,082 354 7076
2025-08-15 09:54:59,Sanjay Sibeko,Sibeko Transport,2012/304600/07,Agriculture - Primary ,Western Cape,"1014 Jan Smuts Avenue, emalahleni",10000__________,emalahleni,Other (Please specify),"Raw materials, tooling and factory rental for the next 12 months",0 to R500K,0 to R500K,1873___________,Logistics company transporting goods between major metros. ,2.0,1.0,4,50–74%,100%,100%,Level 1,Urban,0%,Sanjay Sibeko,sanjaysibeko@yahoo.com,+27661068270
2025-08-09 18:45:23,Vusi Fortuin,Thuso Media,2023/786977/07,Manufacturing,Western Cape,"345 Marula Lane, Welkom ",86570000_______,Welkom,Debt & Equity;Working Capital,Expansion into a second branch and hiring of staff ,R20 000 001 to R50M,R20 000 001 to R50M,17313592_______,Independent pharmacy and primary healthcare clinic serving a rural community,49.0,88.0,6,0%,50–74%,100%,Level 1,Township,0%,Vusi Fortuin,vusifortuin@icloud.com,+27680488170
2025-06-27 12:09:08,Jaco Steyn,Steyn Group Group ,2019/199492/07,Healthcare & Biotechnology,Gauteng,"1488 Acacia Road, Upington ",10050000_______,Upington,Purchase Order Funding,To buy additional equipment and expand production capacity,R5 000 001 to R10M,R5 000 001 to R10M,5025379________,We supply and install security systems and CCTV. ,,4.0,10,0%,100%,100%,Level 1,Rural,0%,Jaco Steyn,jacosteyn774@gmail.com,+27644602586
2025-07-13 12:59:43,Elmarie Daniels,Iron Gate Investments Group,,Transportation and Logistics,Gauteng,"2069 Biko Lane, Uitenhage",1280000________,Uitenhage,,Purchase of a delivery vehicle and cold storage unit,R5 000 001 to R10M,R5 000 001 to R10M,0______________,,12.0,8.0,1,0%,50–74%,100%,Level 1,Township,0%,Elmarie Daniels,elmariedaniels@gmail.com,+27 74 760 8371
2025-08-22 01:47:09,Thulani Ngcobo,Ngcobo Investments (Pty) Ltd,2019/179503/07,Retail & Wholesale,Limpopo,"1177 Buitenkant Street, Mthatha",970000_________,Mthatha,Debt & Equity,Bridging finance while awaiting payment from government contracts,0 to R500K,R501K to R1M,972385_________,A tourism operator offering guided township and heritage tours,2.0,1.0,2,100%,0%,100%,Level 1,Township,0%,Thulani Ngcobo,thulaningcobo@gmail.com,+27 69 681 1246
2025-07-25 09:25:33,Fatima Steyn,Sizani Foods ,2019/511605/07,NPO & NPC,Mpumalanga,"2772 Protea Crescent, East London",1310000________,East London,Purchase Order Funding,Purchase of a delivery vehicle and cold storage unit,0 to R500K,0 to R500K,327860_________,A family-run bakery supplying schools and local retailers. ,4.0,3.0,one,0%,0%,100%,Level 1,Urban,0%,Fatima Steyn,fatimasteyn@icloud.com,+27727192927
2025-08-11 03:04:03,Kgomotso Jacobs,Jacobs Civils,2023/818850/07,Agriculture - Secondary ,Gauteng,"871 Acacia Avenue, Thohoyandou",2590000________,Thohoyandou,Debt & Equity,To grow the business ,0 to R500K,0 to R500K,58010__________,Logistics company transporting goods between major metros. ,,3.0,2,1–24%,100%,100%,Level 1,Rural,0%,Kgomotso Jacobs,kgomotsojacobs@yahoo.com,+27 65 615 2617
2025-07-02 22:19:42,Dineo Shabalala,Sizani Distributors,,Retail & Wholesale,Gauteng,"2452 Voortrekker Way, Rustenburg ",3490000________,Rustenburg,Debt;Working Capital,To buy additional equipment and expand production capacity,R1 000 001 to R5M,R5 000 001 to R10M,6988634________,We recycle plastic waste and sell processed pellets to manufacturers.,27.0,19.0,1,0%,0%,100%,Level 1,Urban,0%,dineo shabalala,dineoshabalala904@gmail.com,+27671359202
2025-09-07 14:40:39,Ntombi Mthembu,Riverstone Media,2011/996821/07,Tourism,Western Cape,"2256 Jan Smuts Crescent, Gqeberha ",9010000________,Gqeberha,Working Capital,Expansion into a second branch and hiring of staff ,R10 000 001 to R20M,R10 000 001 to R20M,7505251________,,32.0,30.0,2,100%,100%,100%,Level 1,Township,0%,ntombi mthembu,ntombimthembu484@mweb.co.za,081 044 7005
2025-09-13 15:47:54,Bongani Rakoma,Rakoma Holdings (Pty) Ltd,2018/477504/07,Agriculture - Primary ,Gauteng,"288 Commissioner Road, Mthatha",4720000________,Mthatha,Working Capital,To grow the business ,R501K to R1M,R501K to R1M,944987_________,Commercial cleaning and hygiene services for offices and factories ,,2.0,5,100%,0%,100%,Level 1,Rural,0%,Bongani Rakoma,bonganirakoma743@gmail.com,+27 85 920 2818
2025-09-18 17:52:39,Annelie Naidoo ,Naidoo Agri Group,2016 / 126377 / 07,,Gauteng,"2327 Jan Smuts Avenue, Tzaneen",180000_________,Tzaneen,,"Marketing, customer acquisition and website development ",0 to R500K,0 to R500K,0______________,We run a driving school and provide learner licence training.,,3.0,2,0%,100%,100%,Level 8,Township,0%,annelie naidoo,annelienaidoo@icloud.com,+27711887572
2025-08-04 19:28:10,Riyaad Ndlovu,Blue Crane Solutions (Pty) Ltd,2016/487138/07,Entertainment and Media,Gauteng,"1103 Rivonia Avenue, Emalahleni",250000_________,Emalahleni,Debt,Stock purchase and general operational funding ,0 to R500K,0 to R500K,75_____________,We design and sew corporate uniforms and protective clothing.,5.0,0.87,2,100%,1–24%,100%,Level 1,Urban,0%,Riyaad Ndlovu,riyaadndlovu734@gmail.com,+27 64 092 9088
2025-06-30 08:31:12,Bongani Chetty ,Chetty Investments ,2012/534900/07,Entertainment and Media,Gauteng,"2031 Jakaranda Way, Potchefstroom",60000__________,Potchefstroom ,Working Capital,Bridging finance while awaiting payment from government contracts,0 to R500K,0 to R500K,118356_________,Solar installation business serving residential and small commercial clients ,0.0,3.0,3,0%,50–74%,100%,Level 1,Urban,0%,Bongani Chetty,bonganichetty554@gmail.com,+27660970107
2025-08-01 22:37:43,Adele Mnisi,Summit Agri,2024/494123/07,Waste Management,Gauteng,"991 Voortrekker Way, Paarl",10040000_______,Paarl ,Other (Please specify),"Use of Funds
1.	Equipment purchase
2.	Staff expansion
3.	Marketing
",0 to R500K,R1 000 001 to R5M,2510224________,We design and sew corporate uniforms and protective clothing.,7.0,7.0,1,0%,50–74%,1–24%,Level 1,Rural,0%,Adele Mnisi,adelemnisi@gmail.com,+27735594055
2025-08-05 23:20:11,Nosipho Mahlangu,BRIGHT PATH TECHNOLOGIES ,2021/108760/07,Manufacturing,Limpopo,"928 Acacia Drive, Emalahleni",380000_________,Emalahleni,Purchase Order Funding;Working Capital,Expansion into a second branch and hiring of staff ,0 to R500K,R501K to R1M,626113_________,Commercial cleaning and hygiene services for offices and factories ,5.0,4.0,10,0%,25–49%,100%,Level 1,Rural,0%,Nosipho Mahlangu,nosiphomahlangu547@webmail.co.za,+27892387457
2025-08-06 19:13:03,Refilwe Plessis,Plessis Distributors,2022/625321/07,Entertainment and Media,Limpopo,"1195 Main Avenue, Richards Bay ",160000_________,Richards Bay,Debt & Equity,"Marketing, customer acquisition and website development ",0 to R500K,R501K to R1M,546437_________,A family-run bakery supplying schools and local retailers. ,4.0,2.0,3,100%,0%,100%,Level 1,Township,0%,Refilwe Plessis,refilweplessis@gmail.com,+27781083060
2025-06-27 23:51:11,Puleng Sithole,Sithole Trading Group,200830057307,Information & Communication Technology,Western Cape,"2684 Jakaranda Lane, Tembisa",20000__________,Tembisa ,Purchase Order Funding;Working Capital,"Marketing, customer acquisition and website development ",0 to R500K,0 to R500K,20432__________,,2.0,1.0,2,25–49%,100%,100%,Level 5,Rural,0%,Puleng Sithole,pulengsithole@mweb.co.za,+27 69 629 2501
2025-08-19 21:02:30,Nandi Radebe,Radebe Construction,2022/507499/07,Education,Gauteng,"2795 Loop Road, Centurion",2590000________,Centurion ,Equity,To upgrade our machinery and improve turnaround times.,0 to R500K,R501K to R1M,517766_________,Solar installation business serving residential and small commercial clients ,2.0,15.0,2,0%,100%,100%,Level 1,Township,0%,Nandi Radebe,nandiradebe@mweb.co.za,+27680121188
2025-08-18 09:28:07,Christo Ntuli,Ntuli Agri (Pty) Ltd,2009/146308/07,Transportation and Logistics,Western Cape,"2723 Voortrekker Drive, Johannesburg",380000_________,,Debt & Equity,"Use of Funds
1.	Equipment purchase
2.	Staff expansion
3.	Marketing
",0 to R500K,0 to R500K,480764_________,Commercial cleaning and hygiene services for offices and factories ,2.0,4.0,10,100%,0%,100%,Level 1,Township,0%,christo ntuli,christontuli@mweb.co.za,0699484726
2025-07-06 22:52:26,Tariq Steyn,Steyn Media Pty Ltd ,2015/979778/07,Hospitality,Gauteng,"312 Kruger Street, Cape Town ",13170000_______,Cape Town,Debt,Purchase of a delivery vehicle and cold storage unit,R5 000 001 to R10M,R10 000 001 to R20M,10976007_______,Catering and events business servicing corporate functions.,60.0,24.0,6,100%,100%,100%,Level 1,Urban,0%,Tariq Steyn,tariqsteyn@webmail.co.za,+27 64 121 2720
2025-08-08 19:05:14,Ntando Sithole ,Iron Gate Logistics CC ,2010/411460/07,NPO & NPC,Gauteng,"676 Rivonia Road, Pietermaritzburg",670000_________,Pietermaritzburg,Debt,Operational funding ,0 to R500K,R501K to R1M,672245_________,Independent pharmacy and primary healthcare clinic serving a rural community,9.0,4.0,4,100%,0%,100%,Level 8,Urban,0%,ntando sithole,ntandosithole@gmail.com,0827745439
2025-07-07 21:32:06,Sipho Nkosi,Nkosi Services,2019/295420/07,Business Services (Agency & Consultancy),Limpopo,"1451 Pretorius Drive, Giyani ",280000_________,Giyani,Debt & Equity,To buy additional equipment and expand production capacity,0 to R500K,0 to R500K,111315_________,Commercial cleaning and hygiene services for offices and factories ,6.0,2.0,1,0%,100%,100%,Level 1,Township,0%,sipho nkosi,siphonkosi11@outlook.com,0889310445
2025-07-17 16:11:46,Ashraf Khumalo,Lesedi Investments CC,2025/912574/07,Business Services (Agency & Consultancy),Gauteng,"309 Rissik Street, Soweto",240000_________,Soweto,Equity,"Purchase of farming implements, seed and irrigation infrastructure",0 to R500K,0 to R500K,304766_________,We run a driving school and provide learner licence training.,3.0,5.0,6,0%,0%,0%,Level 1,Urban,0%,Ashraf Khumalo,ashrafkhumalo@mweb.co.za,+27889323091
2025-06-28 16:54:54,Marius Van,Nexus Consulting,,Textiles,Gauteng,"2967 Umgeni Crescent, Worcester",4560000________,Worcester,Equity;Working Capital,"Raw materials, tooling and factory rental for the next 12 months",R501K to R1M,R501K to R1M,911985_________,A tourism operator offering guided township and heritage tours,16.0,10.0,10,100%,50–74%,1–24%,Level 4,Township,0%,Marius Van,mariusvan@gmail.com,+27 67 329 4052
2025-08-23 01:48:02,Zanele Mnisi ,Apex Enterprises CC,2018/834414/07,Entertainment and Media,Western Cape,"1754 Commissioner Street, East London",1880000________,East London,Working Capital,Stock purchase and general operational funding ,R1 000 001 to R5M,R1 000 001 to R5M,1876255________,A family-run bakery supplying schools and local retailers. ,4.0,16.0,4,100%,100%,100%,Level 1,Urban,0%,Zanele Mnisi,zanelemnisi@gmail.com,+27836689059
2025-07-18 02:16:17,Aisha Chauke,CHAUKE MANUFACTURING,2023/239515/07,Mining,Gauteng,"2289 Commissioner Road, Mahikeng ",150000_________,Mahikeng,Debt;Working Capital,"Marketing, customer acquisition and website development ",0 to R500K,0 to R500K,4026___________,A family-run bakery supplying schools and local retailers. ,1.0,1.0,1,50–74%,100%,100%,Level 1,Urban,0%,Aisha Chauke,AISHACHAUKE224@OUTLOOK.COM,0760427365
2025-07-22 00:02:32,Mpho Moodley,Blackwood Logistics Pty Ltd ,2023/654688/07,Business Services (Agency & Consultancy),Gauteng,"2747 Rissik Crescent, UPINGTON",20000__________,UPINGTON,Equity,To increase production and take on larger supply contracts ,0 to R500K,0 to R500K,51524__________,Catering and events business servicing corporate functions.,1.0,2.0,3,50–74%,0%,100%,Level 1,Urban,0%,Mpho Moodley,mphomoodley@gmail.com,+27696552410
2025-07-16 05:00:20,Amahle Mabaso,Meridian Enterprises,2016/484334/07,Tourism,Western Cape,"1188 Marula Drive, Roodepoort",2320000________,Roodepoort,Purchase Order Funding;Working Capital,Bridging finance while awaiting payment from government contracts,0 to R500K,R501K to R1M,386879_________,A family-run bakery supplying schools and local retailers. ,3.0,9.0,6,25–49%,0%,100%,Level 4,Urban,0%,amahle mabaso,amahlemabaso@outlook.com,+27 68 751 1910
2025-08-01 22:34:22,Nokuthula Nkosi,Marula Trading Group,2011/415797/07,Information & Communication Technology,Western Cape,"617 Kruger Road, witbank ",90000__________,witbank,Debt,"Funding is required for equipment, training and certification.",0 to R500K,0 to R500K,297099_________,Civil engineering contractor focused on roads and stormwater projects ,1.0,1.0,3,0%,0%,100%,Level 1,Rural,0%,Nokuthula Nkosi,nokuthulankosi@webmail.co.za,+27666059424
2025-09-23 04:44:32,Nosipho Ndlovu,Nexus Logistics ,2020/966406/07,Engineering & Construction,Western Cape,"1152 Main Avenue, Witbank",520000_________,Witbank,Other (Please specify),Working capital to fulfil confirmed purchase orders,R501K to R1M,R501K to R1M,348906_________,Independent pharmacy and primary healthcare clinic serving a rural community,10.0,17.0,2,0%,25–49%,100%,Level 1,Urban,0%,Nosipho Ndlovu,nosiphondlovu@icloud.com,+27666290860
2025-07-04 04:32:44,Shireen Motaung ,Motaung Engineering (Pty) Ltd ,2014/191400/07 ,Business Services (Agency & Consultancy),Gauteng,"1023 Protea Lane, Sasolburg ",4660000________,Sasolburg,Working Capital,Operational funding ,0 to R500K,0 to R500K,397485_________,Logistics company transporting goods between major metros. ,4.0,5.0,5,0%,0%,50–74%,Level 1,Township,0%,Shireen Motaung,shireenmotaung@gmail.com,+27636072009
2025-07-20 14:01:21,Mandla Davids,Clear Water Foods (Pty) Ltd,2009 / 883264 / 07,Information & Communication Technology,Gauteng,"2626 Umgeni Way, Gqeberha",22620000_______,Gqeberha,Purchase Order Funding,Purchase of a delivery vehicle and cold storage unit,R10 000 001 to R20M,R20 000 001 to R50M,37699850_______,We provide ICT support and cloud services to small businesses in the province.,120.0,14.0,1,25–49%,100%,100%,Level 1,Urban,0%,mandla davids,mandladavids805@gmail.com,0748885908
2025-08-06 19:13:03,Refilwe Plessis,Plessis Distributors,2022/625321/07,Entertainment and Media,Limpopo,"1195 Main Avenue, Richards Bay ",160000_________,Richards Bay,Debt & Equity,"Marketing, customer acquisition and website development ",0 to R500K,R501K to R1M,546437_________,A family-run bakery supplying schools and local retailers. ,4.0,2.0,3,100%,0%,100%,Level 1,Township,0%,Refilwe Plessis,refilweplessis@gmail.com,+27781083060
2025-09-08 06:03:49,Marlize Mabena,Mabena Logistics Group,2013/204665/07,Manufacturing,Limpopo,"1681 Main Crescent, Pietermaritzburg",88947077801____,Pietermaritzburg,Working Capital,To buy additional equipment and expand production capacity,R10 000 001 to R20M,Above R50M,56681248_______,,54.0,26.0,5,0%,0%,100%,Level 1,Rural,0%,Marlize Mabena,marlizemabena630@yahoo.com,+27667777350
2025-07-22 20:10:46,Vikash Ndlovu ,Vertex Holdings (Pty) Ltd ,2019/879298/07,Transportation and Logistics,Western Cape,"1105 Acacia Street, Port Elizabeth",450000_________,Port Elizabeth,Working Capital;Other (Please specify),To grow the business ,0 to R500K,R501K to R1M,558823_________,Independent pharmacy and primary healthcare clinic serving a rural community,1.0,5.0,10,100%,0%,100%,Level 1,Township,0%,Vikash Ndlovu,vikashndlovu393@webmail.co.za,079 231 8690
2025-08-21 10:46:12,Imran Van,Van Civils Group,2016/629425/07 ,Healthcare & Biotechnology,Western Cape,"1489 Marula Drive, Tzaneen",10000__________,Tzaneen,Working Capital,"Marketing, customer acquisition and website development ",0 to R500K,0 to R500K,0______________,Civil engineering contractor focused on roads and stormwater projects ,1.0,1.0,6,100%,100%,100%,Level 1,Rural,0%,imran van,imranvan@outlook.com,+27840307158
2025-07-20 14:11:25,Nosipho Zwane,Zwane Holdings Pty Ltd,2022/896019/07,Engineering & Construction,Western Cape,"2950 Rissik Road, Durban",250000_________,Durban,Other (Please specify),To upgrade our machinery and improve turnaround times.,0 to R500K,0 to R500K,0______________,We supply and install security systems and CCTV. ,1.0,0.16,4,100%,0%,100%,Level 1,Rural,0%,Nosipho Zwane,nosiphozwane308@gmail.com,+27746938563
2025-09-03 14:30:37,Yolandi Wyk,Sunrise Consulting,2024/693695/07,Transportation and Logistics,Free State,"2990 Aloe Avenue, Witbank",110000_________,Witbank ,Debt,"Funding is required for equipment, training and certification.",0 to R500K,0 to R500K,353980_________,,12.0,2.0,2,50–74%,50–74%,100%,Level 3,Rural,0%,Yolandi Wyk,yolandiwyk@icloud.com,0881422666
2025-09-02 08:15:49,Hendrik Nkosi,Nkosi Solutions (Pty) Ltd,2012/520671/07,Hospitality,Gauteng,"1071 Biko Street, Mokopane",1540000________,Mokopane,Working Capital;Other (Please specify),Expansion into a second branch and hiring of staff ,0 to R500K,R501K to R1M,615341_________,We supply and install security systems and CCTV. ,6.0,3.0,4,100%,50–74%,100%,Level 1,Township,0%,hendrik nkosi,hendriknkosi@mweb.co.za,+27690326669
2025-09-08 15:24:01,Refilwe Jacobs,Jacobs Consulting CC,2013/529043/07 ,Business Services (Agency & Consultancy),Gauteng,"2693 Rissik Crescent, Roodepoort",880000_________,Roodepoort ,Working Capital,"Purchase of farming implements, seed and irrigation infrastructure",0 to R500K,0 to R500K,175396_________,Solar installation business serving residential and small commercial clients ,5.0,2.0,6,0%,50–74%,100%,Level 1,Rural,0%,Refilwe Jacobs,refilwejacobs@gmail.com,+27619502812
2025-07-10 08:58:01,Johan Rakoma,Meridian Services Group,2019/878280/07,Manufacturing,Limpopo,"96 Tambo Lane, Thohoyandou",430000_________,Thohoyandou,Working Capital;Other (Please specify),"Marketing, customer acquisition and website development ",0 to R500K,0 to R500K,11605__________,We supply and install security systems and CCTV. ,2.0,0.0,1,50–74%,50–74%,100%,Level 1,Township,0%,Johan Rakoma,johanrakoma756@outlook.com,+27 61 425 7719
2025-07-14 00:27:32,Naledi Khumalo ,Karoo Investments CC,2009/562042/07,Agriculture - Secondary ,Free State,"3070 Rivonia Crescent, Kimberley",550000_________,Kimberley ,Equity,Operational funding ,0 to R500K,0 to R500K,218574_________,We design and sew corporate uniforms and protective clothing.,0.0,1.0,5,0%,0%,100%,Level 1,Urban,0%,Naledi Khumalo,naledikhumalo991@mweb.co.za,+27829812725
2025-07-20 01:32:12,Tumelo Dlamini,Fynbos Civils (Pty) Ltd ,2014/662700/07,Engineering & Construction,Western Cape,"673 Tambo Crescent, Pietermaritzburg ",10000__________,Pietermaritzburg,Working Capital,Purchase of a delivery vehicle and cold storage unit,0 to R500K,0 to R500K,6577___________,A tourism operator offering guided township and heritage tours,2.0,75.0,10,100%,50–74%,100%,Level 1,Urban,0%,Tumelo Dlamini,tumelodlamini@icloud.com,+27883196983
2025-09-08 03:06:25,Kgomotso Fortuin,Fortuin Enterprises (Pty) Ltd ,201275035807,Agriculture - Primary ,Western Cape,"949 Church Lane, NELSPRUIT",620000_________,NELSPRUIT,Debt;Working Capital,"Use of Funds
1.	Equipment purchase
2.	Staff expansion
3.	Marketing
",R1 000 001 to R5M,R1 000 001 to R5M,0______________,Independent pharmacy and primary healthcare clinic serving a rural community,2.0,7.0,3,0%,50–74%,100%,Level 1,Urban,0%,Kgomotso Fortuin,kgomotsofortuin677@icloud.com,+27751515277
2025-08-02 01:47:44,Lungile Sithole,Redline Civils (Pty) Ltd,2025/430759/07,Information & Communication Technology,Western Cape,"2437 Long Lane, Mthatha",3270000________,Mthatha,Debt & Equity;Working Capital,To buy additional equipment and expand production capacity,R5 000 001 to R10M,R10 000 001 to R20M,10903795_______,We manufacture and supply steel components to construction contractors.,20.0,,3,100%,100%,100%,Level 1,Township,0%,lungile sithole,lungilesithole544@webmail.co.za,+27711706836
2025-06-25 23:18:06,Annelie Zulu,Vantage Media Group,2023/780072/07,Manufacturing,Free State,"240 Rissik Avenue, Stellenbosch ",14900000_______,Stellenbosch,Debt & Equity,Operational funding ,R1 000 001 to R5M,R5 000 001 to R10M,5958482________,We supply and install security systems and CCTV. ,41.0,4.0,6,0%,0%,100%,Level 1,Rural,0%,Annelie Zulu,anneliezulu@mweb.co.za,+27 84 601 3758
2025-09-12 11:25:16,Ravi Mahlangu,Sunrise Agri (Pty) Ltd ,201196713307,Tourism,Gauteng,"3065 Sisulu Road, Ladysmith",10000__________,Ladysmith,Purchase Order Funding,To buy additional equipment and expand production capacity,0 to R500K,0 to R500K,10884__________,A tourism operator offering guided township and heritage tours,1.0,18.0,6,50–74%,100%,100%,Level 1,Township,0%,ravi mahlangu,ravimahlangu@gmail.com,+27816635559
2025-09-21 04:44:40,Andile Singh ,Riverstone Media (Pty) Ltd,2024/370865/07,Information & Communication Technology,Limpopo,"2172 Sisulu Road, Newcastle",1930000________,Newcastle,Debt,Expansion into a second branch and hiring of staff ,0 to R500K,0 to R500K,126281_________,,2.0,2.0,4,0%,100%,100%,Level 1,Urban,0%,Andile Singh,andilesingh133@icloud.com,0773989865
2025-09-18 15:42:05,Yolandi Jacobs,Catalyst Logistics Group ,2025/284096/07,,Western Cape,"279 Church Way, PORT ELIZABETH ",30000__________,PORT ELIZABETH,Debt;Working Capital,Expansion into a second branch and hiring of staff ,0 to R500K,0 to R500K,6556___________,We design and sew corporate uniforms and protective clothing.,2.0,1.0,2,0%,0%,100%,Level 1,Rural,0%,Yolandi Jacobs,yolandijacobs@mweb.co.za,0649867535
2025-09-17 23:18:04,Jaco Radebe,Zenzele Consulting (Pty) Ltd,2017/403480/07,Manufacturing,Gauteng,"1807 Main Lane, Tembisa",1310000________,Tembisa,Debt & Equity;Working Capital,To buy additional equipment and expand production capacity,0 to R500K,R501K to R1M,525008_________,A tourism operator offering guided township and heritage tours,8.0,11.0,1,0%,50–74%,100%,Level 1,Urban,0%,Jaco Radebe,jacoradebe@gmail.com,+27 76 466 8925
2025-08-11 00:20:39,Dineo Joubert,Joubert Logistics Group,2020/879542/07,Waste Management,Limpopo,"86 Main Street, Kimberley",21280000_______,Kimberley,Debt;Working Capital,To increase production and take on larger supply contracts ,0 to R500K,R501K to R1M,491750_________,We supply and install security systems and CCTV. ,16.0,1.0,1,100%,100%,100%,Level 1,Urban,0%,Dineo Joubert,dineojoubert@icloud.com,+27893555336
2025-09-13 01:19:00,Jaco Motaung ,Oakridge Consulting Group,2020/557727/07,Information & Communication Technology,Gauteng,"1301 Protea Avenue, Johannesburg",40000__________,Johannesburg,Working Capital,Working capital to fulfil confirmed purchase orders,0 to R500K,0 to R500K,14156__________,We recycle plastic waste and sell processed pellets to manufacturers.,6.0,1.0,5,1–24%,50–74%,100%,Level 1,Urban,0%,Jaco Motaung,jacomotaung@webmail.co.za,0654775951
2025-07-20 05:48:29,Ntando Ngcobo ,Thuso Holdings,2016/563350/07,Waste Management,Gauteng,"1993 Jan Smuts Avenue, MTHATHA",170000_________,MTHATHA,Other (Please specify),Purchase of a delivery vehicle and cold storage unit,0 to R500K,0 to R500K,83489__________,We supply and install security systems and CCTV. ,3.0,,2,0%,50–74%,100%,Level 8,Rural,0%,Ntando Ngcobo,ntandongcobo@mweb.co.za,0768572702
2025-08-19 14:45:55,Zanele Maharaj,Oakridge Trading CC,2012/519235/07,Healthcare & Biotechnology,Western Cape,"1861 Protea Drive, Newcastle ",6430000________,Newcastle,Purchase Order Funding;Working Capital,Operational funding ,0 to R500K,0 to R500K,0______________,,12.0,,10,0%,0%,100%,Level 1,Rural,0%,zanele maharaj,zanelemaharaj@gmail.com,081 926 3329
2025-08-03 22:58:56,Nokuthula Joubert ,Vantage Technologies (Pty) Ltd,2010/495621/07,Retail & Wholesale,Gauteng,"243 Loop Street, Worcester",490000_________,Worcester,Debt,Purchase of a delivery vehicle and cold storage unit,0 to R500K,0 to R500K,0______________,We manufacture and supply steel components to construction contractors.,5.0,1.0,2,0%,0%,100%,Level 1,Township,0%,Nokuthula Joubert,nokuthulajoubert@gmail.com,+27689268042
2025-09-03 01:06:27,Shireen Ndlovu,Ndlovu Investments CC ,2022/983582/07,Energy,Western Cape,"1953 Mandela Lane, Emalahleni",3000_0_________,Emalahleni,Equity,Working capital to fulfil confirmed purchase orders,0 to R500K,0 to R500K,1303___________,,4.0,3.0,1,50–74%,100%,100%,Level 1,Rural,0%,Shireen Ndlovu,shireenndlovu@yahoo.com,0692350656
2025-09-03 03:25:55,Amahle Singh ,Sondela Holdings,2017/234286/07,Retail & Wholesale,Western Cape,"2715 Main Road, Tzaneen",950000_________,Tzaneen,Debt & Equity;Working Capital,To grow the business ,0 to R500K,0 to R500K,190071_________,A tourism operator offering guided township and heritage tours,1.0,4.0,4,100%,100%,100%,Level 1,Urban,0%,Amahle Singh,amahlesingh9@yahoo.com,+27 61 953 4972
2025-09-22 21:05:26,Imran Wyk,Fynbos Projects,2025/574553/07,Financial Services,Western Cape,"2946 Umgeni Crescent, Mthatha",60000__________,Mthatha,Working Capital,To grow the business ,0 to R500K,0 to R500K,24025__________,We recycle plastic waste and sell processed pellets to manufacturers.,3.0,2.0,10,0%,100%,100%,Level 1,Rural,0%,Imran Wyk,imranwyk@gmail.com,+27 81 847 3572
2025-07-19 00:25:13,Adele Ngcobo ,Ngcobo Trading,2012/503601/07,,Gauteng,"1813 Mandela Drive, Kimberley",220000_________,Kimberley,Working Capital,"Funding is required for equipment, training and certification.",0 to R500K,0 to R500K,187386_________,We recycle plastic waste and sell processed pellets to manufacturers.,0.0,2.0,10,1–24%,0%,100%,Level 1,Urban,0%,Adele Ngcobo,adelengcobo518@gmail.com,+27897495516
2025-07-01 16:41:13,Jaco Zulu,Zulu Enterprises,2009/832433/07,Retail & Wholesale,Mpumalanga,"361 Sisulu Drive, Rustenburg",52510000_______,Rustenburg,Debt & Equity,To buy additional equipment and expand production capacity,R1 000 001 to R5M,R1 000 001 to R5M,2254586________,Commercial cleaning and hygiene services for offices and factories ,8.0,2.0,4,1–24%,100%,100%,Level 1,Urban,0%,Jaco Zulu,jacozulu@yahoo.com,+27666016671
2025-09-04 00:28:41,Lerato Maluleke,Blue Crane Construction,,Financial Services,Gauteng,"2012 Marula Street, Khayelitsha",87460000_______,Khayelitsha,Purchase Order Funding;Working Capital,To increase production and take on larger supply contracts ,0 to R500K,R1 000 001 to R5M,3006086________,Civil engineering contractor focused on roads and stormwater projects ,4.0,8.0,4,45 to 55,0%,50–74%,Level 1,Urban,0%,lerato maluleke,leratomaluleke@mweb.co.za,+27763067368
2025-07-28 10:40:47,Deepak Mabaso,Bright Path Civils,,Financial Services,Limpopo,"978 Jan Smuts Drive, Durban",14630000_______,Durban,Debt,Operational funding ,0 to R500K,0 to R500K,462819_________,We grow and pack vegetables for regional wholesalers and retailers.,2.0,,2,100%,100%,100%,Level 1,Township,0%,deepak mabaso,deepakmabaso@yahoo.com,+27681028860
2025-08-22 08:44:30,Naledi Baloyi,Lesedi Construction Group ,2013/213053/07 ,Business Services (Agency & Consultancy),Gauteng,"1330 Jan Smuts Road, Mahikeng ",250000_________,Mahikeng,Debt & Equity,"Funding is required for equipment, training and certification.",0 to R500K,0 to R500K,330____________,Commercial cleaning and hygiene services for offices and factories ,7.0,5.0,1,25–49%,100%,100%,Level 1,Township,0%,Naledi Baloyi,naledibaloyi879@gmail.com,079 257 7300
2025-07-13 03:12:47,Tumelo Fourie ,Blackwood Engineering (Pty) Ltd,2018/636230/07,Financial Services,Western Cape,"1596 Rivonia Road, Nelspruit",1220000________,Nelspruit,Purchase Order Funding,Bridging finance while awaiting payment from government contracts,0 to R500K,0 to R500K,405376_________,We supply and install security systems and CCTV. ,3.0,2.0,1,0%,0%,100%,Level 1,Township,75–99%,Tumelo Fourie,tumelofourie917@gmail.com,+27611084797
2025-08-27 12:48:02,Ruan Pretorius,Pretorius Engineering,2010/120277/07,Entertainment and Media,Gauteng,"2862 Rissik Street, Mokopane",1360000________,Mokopane,Debt & Equity,Bridging finance while awaiting payment from government contracts,0 to R500K,0 to R500K,39370__________,A tourism operator offering guided township and heritage tours,2.0,0.0,1,100%,0%,100%,Level 1,Township,0%,Ruan Pretorius,ruanpretorius@yahoo.com,+27 72 286 5838
2025-06-29 01:11:02,Deepak Moodley,Moodley Engineering CC,2020/774008/07,Financial Services,Gauteng,"2816 Marula Crescent, Mthatha",2_50000________,Mthatha,Equity;Working Capital,"Funding is required for equipment, training and certification.",0 to R500K,0 to R500K,370____________,We run a driving school and provide learner licence training.,2.0,3.0,one,0%,0%,100%,Level 1,Urban,0%,Deepak Moodley,deepakmoodley@outlook.com,087 679 9926
2025-09-05 10:07:22,Nandi Naidoo,Naidoo Construction ,2010/535665/07,Agriculture - Primary ,Gauteng,"1682 Rivonia Street, Paarl ",80000__________,Paarl,Other (Please specify),"Marketing, customer acquisition and website development ",0 to R500K,0 to R500K,52211__________,Logistics company transporting goods between major metros. ,2.0,4.0,3,0%,100%,100%,Level 1,Urban,0%,Nandi Naidoo,nandinaidoo221@outlook.com,+27 69 077 2739
2025-08-04 21:19:35,Andile Mnisi ,Mnisi Foods CC ,2018/247706/07,Hospitality,Western Cape,"672 Buitenkant Way, Richards Bay",20000__________,Richards Bay,Debt & Equity,Bridging finance while awaiting payment from government contracts,0 to R500K,0 to R500K,43153__________,A family-run bakery supplying schools and local retailers. ,3.0,2.0,1,50–74%,100%,100%,Level 1,Township,0%,Andile Mnisi,andilemnisi822@yahoo.com,+27814494538
2025-07-05 20:26:57,Jaco Hendricks,Amandla Consulting (Pty) Ltd,2018/946920/07 ,Hospitality,Mpumalanga,"106 Loop Street, Gqeberha",3600000________,Gqeberha ,Working Capital,To increase production and take on larger supply contracts ,0 to R500K,R501K to R1M,600230_________,We supply and install security systems and CCTV. ,,5.0,3,0%,0%,100%,Level 1,Urban,0%,Jaco Hendricks,jacohendricks36@outlook.com,+27 84 199 4868
2025-09-05 09:48:51,Marius Fourie ,Fourie Investments (Pty) Ltd,2014/875534/07,Engineering & Construction,Western Cape,"2220 Voortrekker Road, Gqeberha",77210000_______,Gqeberha,Debt & Equity,"Marketing, customer acquisition and website development ",Above R50M,Above R50M,0______________,A tourism operator offering guided township and heritage tours,15.0,13.0,1,0%,100%,0%,Level 1,Urban,0%,marius fourie,mariusfourie@mweb.co.za,+27881614709
2025-08-11 09:25:06,Themba Ngcobo,Ngcobo Engineering Group ,,Information & Communication Technology,Gauteng,"960 Jan Smuts Avenue, George",19220000_______,George,Debt,To grow the business ,0 to R500K,R1 000 001 to R5M,0______________,Solar installation business serving residential and small commercial clients ,,4.0,6,0%,0%,100%,Level 3,Urban,0%,Themba Ngcobo,thembangcobo@outlook.com,+27 72 727 4449
2025-09-11 02:05:01,Zainab Cele,Cele Projects (Pty) Ltd,2009/323369/07,Energy,Gauteng,"887 Kruger Lane, Thohoyandou",3300000________,Thohoyandou,Debt & Equity,Bridging finance while awaiting payment from government contracts,R1 000 001 to R5M,R5 000 001 to R10M,4121457________,We run a driving school and provide learner licence training.,8.0,6.0,1,100%,100%,100%,Level 1,Rural,0%,Zainab Cele,zainabcele@gmail.com,+27783590669
2025-08-03 01:13:52,Zainab Ngcobo,Pioneer Group Pty Ltd,,Financial Services,Limpopo,"638 Main Drive, Welkom ",2970000________,Welkom ,Working Capital,Stock purchase and general operational funding ,R1 000 001 to R5M,R1 000 001 to R5M,3711030________,Catering and events business servicing corporate functions.,9.0,2.0,2,100%,100%,100%,Level 1,Rural,0%,Zainab Ngcobo,zainabngcobo@gmail.com,084 092 5910
2025-07-11 13:50:36,Amahle Shabalala,Greenfield Agri CC,,Engineering & Construction,Western Cape,"365 Pretorius Road, Klerksdorp",1060000________,Klerksdorp,,"Raw materials, tooling and factory rental for the next 12 months",0 to R500K,0 to R500K,29929__________,,,1.0,3,0%,0%,100%,Level 8,Rural,0%,amahle shabalala,amahleshabalala@gmail.com,+27 74 626 8316
2025-07-10 11:12:17,Suzette Nel,Umlambo Services (Pty) Ltd,2011/218134/07 ,Hospitality,Western Cape,"3087 Acacia Lane, Newcastle ",10000__________,Newcastle ,Working Capital,Bridging finance while awaiting payment from government contracts,0 to R500K,0 to R500K,3303___________,We run a driving school and provide learner licence training.,6.0,1.0,6,100%,0%,75–99%,Level 4,Township,0%,Suzette Nel,suzettenel849@yahoo.com,+27892170783
2025-07-20 08:36:40,Sipho Davids,Vertex Trading (Pty) Ltd,2013/773342/07,Transportation and Logistics,Gauteng,"19 Umgeni Road, Benoni",31590000_______,Benoni ,Working Capital,Operational funding ,0 to R500K,R501K to R1M,737044_________,We run a driving school and provide learner licence training.,27.0,3.0,4,0%,0%,100%,Level 1,Urban,0%,Sipho Davids,siphodavids@gmail.com,0724294175
2025-07-11 22:42:29,Nosipho Ntuli ,Ntuli Engineering Group ,2012/994050/07,Engineering & Construction,Western Cape,"1146 Aloe Lane, Roodepoort",9780000________,Roodepoort ,Debt & Equity,Operational funding ,0 to R500K,R1 000 001 to R5M,1955534________,We recycle plastic waste and sell processed pellets to manufacturers.,23.0,1.0,3,100%,100%,0%,Level 1,Urban,0%,nosipho ntuli,nosiphontuli@outlook.com,0722572430
2025-09-14 20:42:13,Suzette Nel,Apex Trading,2012/928627/07,Manufacturing,Western Cape,"3115 Kingfisher Drive, Worcester ",71140000_______,Worcester,Purchase Order Funding;Working Capital,Purchase of a delivery vehicle and cold storage unit,R20 000 001 to R50M,R20 000 001 to R50M,23713627_______,Logistics company transporting goods between major metros. ,61.0,,10,100%,50–74%,100%,Level 2,Rural,0%,Suzette Nel,suzettenel@webmail.co.za,0630990542
2025-08-26 21:30:51,Sipho Zulu,Zulu Projects (Pty) Ltd ,2013/190941/07,Information & Communication Technology,Gauteng,"2258 Tambo Avenue, port elizabeth",250000_________,port elizabeth,Working Capital,Working capital to fulfil confirmed purchase orders,0 to R500K,0 to R500K,457____________,We recycle plastic waste and sell processed pellets to manufacturers.,2.0,9.0,2,0%,50–74%,100%,Level 1,Rural,0%,Sipho Zulu,siphozulu@gmail.com,0757682143
2025-08-26 20:31:03,Karin Govender,KOPANO ENGINEERING CC ,2011/218050/07,Business Services (Agency & Consultancy),North West,"688 Rissik Way, Pietermaritzburg",810000_________,Pietermaritzburg,Working Capital,"Marketing, customer acquisition and website development ",0 to R500K,0 to R500K,203611_________,A tourism operator offering guided township and heritage tours,2.0,6.0,2,0%,100%,1–24%,Level 1,Urban,0%,karin govender,karingovender@webmail.co.za,+27 89 360 6883
2025-07-07 03:55:03,Ntando Mokoena,Mokoena Transport Group,,Information & Communication Technology,Gauteng,"1273 Commissioner Drive, George",20000__________,George,Working Capital,Stock purchase and general operational funding ,0 to R500K,0 to R500K,26137__________,A family-run bakery supplying schools and local retailers. ,0.0,1.0,1,100%,0%,100%,Level 1,Rural,0%,Ntando Mokoena,ntandomokoena559@yahoo.com,+27 63 738 8005
2025-09-16 07:25:51,Pieter Ntuli ,Ntuli Projects (Pty) Ltd ,2012/367295/07,Engineering & Construction,Western Cape,"2653 Mandela Crescent, Ladysmith ",50000__________,Ladysmith,Equity,Stock purchase and general operational funding ,0 to R500K,0 to R500K,16479__________,We supply and install security systems and CCTV. ,0.78,,3,0%,100%,50–74%,Level 3,Urban,0%,pieter ntuli,pieterntuli@outlook.com,+27635759421
2025-09-14 13:40:02,Kavitha Rakoma,Rakoma Projects,201834295707,Transportation and Logistics,Gauteng,"386 Buitenkant Lane, Springs ",1160000________,Springs,Working Capital,Bridging finance while awaiting payment from government contracts,R501K to R1M,R501K to R1M,966763_________,We provide ICT support and cloud services to small businesses in the province.,6.0,13.0,3,75–99%,0%,0%,Level 1,Urban,0%,kavitha rakoma,kavitharakoma@webmail.co.za,+27669320602
2025-06-30 09:37:56,Yolandi Solomons ,SOLOMONS TECHNOLOGIES,2011/753041/07,Agriculture - Primary ,Western Cape,"72 Commissioner Road, Rustenburg",6780000________,Rustenburg ,,"Purchase of farming implements, seed and irrigation infrastructure",R1 000 001 to R5M,R5 000 001 to R10M,6782310________,We design and sew corporate uniforms and protective clothing.,13.0,3.0,1,0%,50–74%,100%,Level 1,Township,0%,Yolandi Solomons,yolandisolomons@gmail.com,+27838025244
2025-08-23 18:34:50,Annelie Zulu,Clear Water Trading (Pty) Ltd,2024 / 833761 / 07 ,Agriculture - Secondary ,Limpopo,"751 Aloe Street, Welkom",2350000________,Welkom,Working Capital,"Purchase of farming implements, seed and irrigation infrastructure",R501K to R1M,R1 000 001 to R5M,1567330________,Commercial cleaning and hygiene services for offices and factories ,12.0,3.0,4,1–24%,100%,100%,Level 1,Township,0%,annelie zulu,anneliezulu@icloud.com,+27743252949
2025-07-05 00:52:10,Faried Isaacs,Isaacs Logistics CC ,2010/367168/07,Engineering & Construction,Gauteng,"2369 Biko Lane, Kimberley",10000__________,Kimberley,Purchase Order Funding,"Purchase of farming implements, seed and irrigation infrastructure",0 to R500K,0 to R500K,1264___________,A tourism operator offering guided township and heritage tours,4.0,3.0,1,100%,100%,100%,Level 1,Urban,0%,Faried Isaacs,fariedisaacs@yahoo.com,+27678914192
2025-07-11 08:19:02,Marlize Tshabalala,Tshabalala Agri,,,Gauteng,"1543 Commissioner Way, Witbank ",130000,Witbank,,Expansion into a second branch and hiring of staff ,0 to R500K,R501K to R1M,436970_________,,,,4,100%,50–74%,100%,Level 7,Urban,0%,Marlize Tshabalala,marlizetshabalala@outlook.com,+27831905679
2025-09-04 11:59:14,Thandeka Moodley ,Moodley Transport ,2022/490855/07,Tourism,Gauteng,"1878 Umgeni Crescent, Mahikeng",160_80000______,Mahikeng,Working Capital,To upgrade our machinery and improve turnaround times.,0 to R500K,R1 000 001 to R5M,2679694________,Independent pharmacy and primary healthcare clinic serving a rural community,2.0,3.0,1,100%,0%,100%,Level 1,Township,0%,Thandeka Moodley,thandekamoodley965@gmail.com,+27869319428
2025-08-08 10:24:18,Willem Mabaso,Mabaso Consulting Pty Ltd ,2023 / 430516 / 07,Manufacturing,Limpopo,"1769 Voortrekker Road, WITBANK ",630000_________,WITBANK,,"Marketing, customer acquisition and website development ",0 to R500K,0 to R500K,104505_________,,,2.0,6,100%,100%,100%,Level 1,Urban,0%,Willem Mabaso,WILLEMMABASO617@OUTLOOK.COM,+27789257035
2025-06-27 17:43:17,Suzette Mabena ,Vuka Solutions (Pty) Ltd,,Agriculture - Primary ,North West,"2808 Commissioner Way, Rustenburg ",4760000________,Rustenburg ,,To grow the business ,0 to R500K,0 to R500K,125047_________,,2.0,2.0,6,100%,0%,1–24%,Level 8,Township,0%,Suzette Mabena,suzettemabena@mweb.co.za,+27626349724
2025-07-17 08:13:46,Francois Zwane,Vuka Investments (Pty) Ltd,2009/815043/07,Waste Management,Eastern Cape,"1304 Main Way, George",2720000________,George,Debt & Equity,Purchase of a delivery vehicle and cold storage unit,R1 000 001 to R5M,R5 000 001 to R10M,5430563________,Logistics company transporting goods between major metros. ,28.0,1.0,10,0%,0%,100%,Level 1,Urban,0%,Francois Zwane,francoiszwane@outlook.com,086 676 0537
2025-08-23 21:34:39,Vikash Ramaphakela,Ramaphakela Services,2024/910016/07,Retail & Wholesale,Gauteng,"398 Marula Avenue, SOWETO",5660000________,SOWETO,Purchase Order Funding;Working Capital,To upgrade our machinery and improve turnaround times.,R10 000 001 to R20M,R10 000 001 to R20M,7069415________,We manufacture and supply steel components to construction contractors.,3.0,44.0,1,100%,100%,100%,Level 2,Urban,1–24%,vikash ramaphakela,vikashramaphakela@gmail.com,+27863224531
2025-08-19 16:25:43,Chantelle Isaacs,Sunrise Services ,2022/202081/07,Agriculture - Primary ,Gauteng,"505 Long Road, Nelspruit ",330000_________,Nelspruit,Debt & Equity,"Use of Funds
1.	Equipment purchase
2.	Staff expansion
3.	Marketing
",0 to R500K,0 to R500K,277249_________,,1.0,0.32,3,100%,100%,75–99%,Level 2,Township,0%,Chantelle Isaacs,chantelleisaacs@mweb.co.za,0854815538
2025-09-24 07:58:30,Thandeka Ngcobo,Ikhaya Construction (Pty) Ltd,2016/728354/07 ,Transportation and Logistics,Gauteng,"2300 Aloe Drive, Ladysmith ",8400000________,Ladysmith,Debt & Equity;Invoice Financing,To grow the business ,0 to R500K,R501K to R1M,761310_________,Commercial cleaning and hygiene services for offices and factories ,9.0,3.0,3,0%,0%,100%,Level 1,Township,0%,Thandeka Ngcobo,thandekangcobo@yahoo.com,+27 73 118 1505
2025-07-30 16:08:24,Johan Du,Apex Holdings (Pty) Ltd,2022/352712/07,Transportation and Logistics,Gauteng,"1923 Sisulu Drive, Randburg",41500000_______,Randburg ,Working Capital,Expansion into a second branch and hiring of staff ,R10 000 001 to R20M,R20 000 001 to R50M,16601065_______,Logistics company transporting goods between major metros. ,24.0,4.0,5,0%,50–74%,100%,Level 1,Rural,0%,Johan Du,JOHANDU@GMAIL.COM,+27792745800
2025-07-28 14:12:03,Khanyisile Maluleke,Maluleke Agri Group,2008/339969/07,Mining,Limpopo,"374 Church Avenue, Emalahleni",313830000______,Emalahleni,Other (Please specify),To increase production and take on larger supply contracts ,Above R50M,Above R50M,45795063_______,We grow and pack vegetables for regional wholesalers and retailers.,107.0,25.0,1,100%,100%,100%,Level 1,Township,0%,Khanyisile Maluleke,khanyisilemaluleke@outlook.com,+27 65 234 0057
2025-07-11 16:08:32,Nadia Motaung ,Apex Holdings ,2011/617344/07,Manufacturing,Western Cape,"2100 Acacia Road, centurion",250000_________,centurion,Equity,"Use of Funds
1.	Equipment purchase
2.	Staff expansion
3.	Marketing
",0 to R500K,0 to R500K,65_____________,We run a driving school and provide learner licence training.,1.0,5.0,1,50–74%,0%,100%,Level 1,Rural,0%,Nadia Motaung,nadiamotaung@gmail.com,+27671399291
2025-09-23 18:01:36,Christo Zwane,Summit Solutions Pty Ltd,2022/605016/07,Entertainment and Media,Mpumalanga,"1741 Jakaranda Street, Thohoyandou",2270000________,Thohoyandou,Working Capital,"Raw materials, tooling and factory rental for the next 12 months",0 to R500K,R1 000 001 to R5M,906205_________,Civil engineering contractor focused on roads and stormwater projects ,20.0,8.0,2,100%,100%,0%,Level 1,Urban,0%,christo zwane,christozwane986@yahoo.com,+27 78 686 7856
2025-08-06 19:18:16,Tshepo Pillay,Pillay Holdings (Pty) Ltd ,2008/513398/07,,Western Cape,"444 Aloe Street, Pietermaritzburg",8030000________,Pietermaritzburg,,"Marketing, customer acquisition and website development ",0 to R500K,0 to R500K,252825_________,A family-run bakery supplying schools and local retailers. ,,2.0,100%,50–74%,100%,100%,Level 1,Township,0%,Tshepo Pillay,tshepopillay@yahoo.com,+27836244082
2025-08-23 03:15:05,Lwazi Abrahams,Abrahams Construction ,2023/693160/07,Automotive,Gauteng,"1892 Commissioner Road, WORCESTER",30000__________,WORCESTER,Purchase Order Funding;Working Capital,To upgrade our machinery and improve turnaround times.,0 to R500K,0 to R500K,52068__________,Commercial cleaning and hygiene services for offices and factories ,2.0,,2,0%,100%,100%,Level 2,Urban,0%,Lwazi Abrahams,lwaziabrahams@gmail.com,+27838483139
2025-09-03 04:01:41,Riyaad Wyk,Wyk Engineering Pty Ltd,2012/314829/07,Hospitality,Limpopo,"1098 Kingfisher Road, Mthatha",40000__________,Mthatha,Purchase Order Funding;Working Capital,To buy additional equipment and expand production capacity,0 to R500K,0 to R500K,7499___________,We run a driving school and provide learner licence training.,0.0,0.0,1,100%,0%,100%,Level 3,Urban,0%,riyaad wyk,riyaadwyk@gmail.com,074 889 9057
2025-07-13 12:49:09,Pieter Baloyi,Thuso Logistics (Pty) Ltd,2025/954521/07,Information & Communication Technology,Western Cape,"852 Loop Road, Centurion",9430000________,Centurion,Working Capital,To upgrade our machinery and improve turnaround times.,R5 000 001 to R10M,R5 000 001 to R10M,6287718________,Commercial cleaning and hygiene services for offices and factories ,15.0,5.0,5,25–49%,100%,100%,Level 1,Township,0%,pieter baloyi,pieterbaloyi@outlook.com,+27 77 675 3151
2025-08-30 06:10:59,Vusi Zwane,Copper Leaf Consulting ,,Tourism,Limpopo,"2894 Kingfisher Drive, UPINGTON",9620000________,,Working Capital,"Funding is required for equipment, training and certification.",0 to R500K,0 to R500K,249897_________,We supply and install security systems and CCTV. ,3.0,0.85,1,100%,100%,100%,Level 2,Township,0%,Vusi Zwane,vusizwane132@icloud.com,+27778990941
2025-07-30 08:46:41,Ashwin Venter,Venter Consulting Group,2025 / 131448 / 07,Mining,Western Cape,"1410 Marula Avenue, Mahikeng ",1920000________,Mahikeng,Debt & Equity;Working Capital,"Purchase of farming implements, seed and irrigation infrastructure",R501K to R1M,R501K to R1M,638880_________,We provide ICT support and cloud services to small businesses in the province.,5.0,9.0,1,0%,0%,100%,Level 1,Rural,0%,Ashwin Venter,ashwinventer@gmail.com,+27835629689
2025-08-27 05:38:20,Pieter Baloyi,Baloyi Construction,2009/335392/07,Financial Services,Western Cape,"1549 Kruger Crescent, Richards Bay",2560000________,Richards Bay ,Other (Please specify),Bridging finance while awaiting payment from government contracts,0 to R500K,R501K to R1M,511905_________,A tourism operator offering guided township and heritage tours,3.0,5.0,6,100%,0%,100%,Level 1,Rural,0%,Pieter Baloyi,pieterbaloyi544@icloud.com,+27 79 724 2280
2025-07-26 15:40:50,Mxolisi Ngcobo,Stone Bridge Group Pty Ltd,Stone Bridge Group Pty Ltd,Manufacturing,Western Cape,"819 Rivonia Lane, George",10000__________,George,Working Capital,Bridging finance while awaiting payment from government contracts,0 to R500K,0 to R500K,19143__________,Independent pharmacy and primary healthcare clinic serving a rural community,0.0,4.0,3,25–49%,0%,100%,Level 1,Urban,0%,mxolisi ngcobo,MXOLISINGCOBO498@GMAIL.COM,+27 64 211 4806
2025-07-21 10:31:01,Rukaya Davids,Davids Engineering ,2009/502383/07,Transportation and Logistics,Eastern Cape,"2828 Protea Street, Springs",30400000_______,Springs,Working Capital,Working capital to fulfil confirmed purchase orders,R10 000 001 to R20M,R10 000 001 to R20M,12158235_______,We manufacture and supply steel components to construction contractors.,22.0,42.0,3,0%,100%,100%,Level 1,Urban,0%,Rukaya Davids,rukayadavids@gmail.com,0864647892
2025-06-25 18:37:19,Andile Van,VAN TECHNOLOGIES (PTY) LTD,2015 / 659822 / 07,Automotive,Western Cape,"2935 Loop Street, tembisa",470000_________,tembisa,Debt;Purchase Order Funding,Operational funding ,0 to R500K,0 to R500K,392248_________,Civil engineering contractor focused on roads and stormwater projects ,5.0,20.0,VAN TECHNOLOGIES (PTY) LTD,100%,100%,100%,Level 1,Rural,1–24%,andile van,andilevan511@outlook.com,+27659321065
2025-07-07 14:15:03,Kabelo Mabena,Protea Enterprises (Pty) Ltd,2009/443290/07,Manufacturing,Gauteng,"1287 Sisulu Lane, Paarl",5920000________,Paarl,Working Capital,To increase production and take on larger supply contracts ,0 to R500K,0 to R500K,242683_________,Solar installation business serving residential and small commercial clients ,3.0,21.0,1,0%,100%,100%,Level 1,Urban,0%,kabelo mabena,kabelomabena734@outlook.com,063 307 7699
2025-09-07 11:16:33,Karin Naidoo,Naidoo Enterprises Group ,2012 / 196184 / 07,Manufacturing,Gauteng,"2574 Umgeni Lane, Springs ",20000__________,Springs ,Purchase Order Funding,Bridging finance while awaiting payment from government contracts,0 to R500K,0 to R500K,0______________,We design and sew corporate uniforms and protective clothing.,2.0,2.0,6,25–49%,25–49%,1–24%,Level 2,Rural,0%,karin naidoo,karinnaidoo@icloud.com,085 014 5874
2025-08-26 10:00:35,Naledi Chetty,Apex Logistics Pty Ltd,2025/320622/07,Education,Western Cape,"2781 Tambo Way, Khayelitsha",10000__________,Khayelitsha,Working Capital,"Purchase of farming implements, seed and irrigation infrastructure",0 to R500K,0 to R500K,19072__________,,6.0,,6,0%,0%,100%,Level 1,Township,25–49%,Naledi Chetty,naledichetty@gmail.com,0778322898
2025-06-27 20:45:33,Deon Singh,Singh Holdings (Pty) Ltd,2014/410918/07,Engineering & Construction,Gauteng,"3017 Loop Avenue, polokwane ",990000_________,polokwane,Other (Please specify),"Purchase of farming implements, seed and irrigation infrastructure",0 to R500K,0 to R500K,197292_________,Solar installation business serving residential and small commercial clients ,0.0,0.0,1,100%,0%,100%,Level 1,Urban,0%,Deon Singh,deonsingh138@gmail.com,+27 65 200 4163
2025-09-10 02:50:33,Nomsa Moodley,Moodley Services,2022/503959/07,Information & Communication Technology,Gauteng,"824 Rissik Crescent, Pretoria",8730000________,Pretoria,Working Capital,To buy additional equipment and expand production capacity,R1 000 001 to R5M,R1 000 001 to R5M,2182622________,Logistics company transporting goods between major metros. ,29.0,5.0,5,0%,0%,100%,Level 1,Urban,25–49%,Nomsa Moodley,nomsamoodley177@webmail.co.za,063 062 5323
2025-09-10 22:13:17,Andile Shabalala,Shabalala Transport Group,2009/616207/07,Waste Management,Gauteng,"500 Marula Road, Pretoria ",2000000________,Pretoria,Other (Please specify),To increase production and take on larger supply contracts ,0 to R500K,R501K to R1M,0______________,We recycle plastic waste and sell processed pellets to manufacturers.,13.0,3.0,4,100%,0%,100%,Level 1,Urban,0%,Andile Shabalala,andileshabalala@webmail.co.za,0844279241
2025-08-07 02:34:54,Nisha Pretorius ,Pretorius Transport ,2008/168397/07,Healthcare & Biotechnology,Western Cape,"761 Voortrekker Way, randburg",39720000_______,randburg ,Other (Please specify),To upgrade our machinery and improve turnaround times.,R501K to R1M,R1 000 001 to R5M,0______________,We recycle plastic waste and sell processed pellets to manufacturers.,7.0,,3,25–49%,0%,100%,Level 1,Township,0%,nisha pretorius,nishapretorius@mweb.co.za,+27 68 357 2918
2025-07-30 06:43:02,Kavitha Coetzee ,Coetzee Technologies ,2012/463284/07,Manufacturing,Limpopo,"1183 Pretorius Way, Worcester",410000_________,Worcester ,Working Capital,To upgrade our machinery and improve turnaround times.,0 to R500K,0 to R500K,408602_________,,9.0,0.0,5,100%,100%,100%,Level 4,Township,0%,Kavitha Coetzee,kavithacoetzee361@webmail.co.za,+27856103900
2025-08-14 20:23:45,Jaco Govender,Govender Investments CC,2022/649956/07,Business Services (Agency & Consultancy),Limpopo,"2762 Rissik Avenue, Centurion",220000_________,Centurion,Working Capital,To grow the business ,0 to R500K,0 to R500K,107588_________,We design and sew corporate uniforms and protective clothing.,7.0,2.0,100%,0%,0%,100%,Level 1,Urban,0%,Jaco Govender,jacogovender85@gmail.com,0613320629
2025-07-08 22:30:10,Ashraf Molefe,Molefe Construction,2010/294808/07,Agriculture - Secondary ,Western Cape,"3021 Commissioner Avenue, Vereeniging",170000_________,Vereeniging,Purchase Order Funding;Working Capital,To grow the business ,0 to R500K,0 to R500K,83546__________,We grow and pack vegetables for regional wholesalers and retailers.,7.0,3.0,3,0%,50–74%,100%,Level 1,Urban,0%,Ashraf Molefe,ashrafmolefe@gmail.com,+27786440492
2025-08-26 00:09:51,Ayanda Dlamini ,Dlamini Holdings ,2025/699669/07,Engineering & Construction,Gauteng,"2655 Rivonia Avenue, Witbank",14370000_______,Witbank,Purchase Order Funding,"Funding is required for equipment, training and certification.",0 to R500K,R1 000 001 to R5M,2395599________,We provide ICT support and cloud services to small businesses in the province.,2.0,6.0,3,0%,1–24%,100%,Level 1,Urban,0%,Ayanda Dlamini,ayandadlamini@webmail.co.za,0711885247
2025-09-09 01:37:57,Marlize Ndlovu ,Apex Services,2013/505167/07,Transportation and Logistics,Gauteng,"1210 Long Drive, Tembisa",420000_________,Tembisa,Purchase Order Funding;Working Capital,Stock purchase and general operational funding ,R501K to R1M,R501K to R1M,703981_________,A tourism operator offering guided township and heritage tours,18.0,9.0,1,100%,0%,100%,Level 1,Urban,0%,Marlize Ndlovu,marlizendlovu@mweb.co.za,+27689940283
2025-09-21 07:46:20,Tumelo Naidoo,Naidoo Civils (Pty) Ltd,2025/741842/07 ,Tourism,Limpopo,"122 Acacia Street, Springs",460000_________,Springs ,Equity,Operational funding ,0 to R500K,0 to R500K,17531__________,,1.0,3.0,5,0%,100%,100%,Level 1,Township,25–49%,Tumelo Naidoo,tumelonaidoo851@gmail.com,0749799087
2025-09-11 06:33:33,Riaan Van,Sondela Services CC ,2014/940564/07,Manufacturing,Gauteng,"2488 Sisulu Road, Mokopane ",80000__________,Mokopane,Purchase Order Funding;Working Capital,Operational funding ,0 to R500K,0 to R500K,65551__________,We grow and pack vegetables for regional wholesalers and retailers.,1.0,4.0,3,0%,0%,75–99%,Level 1,Rural,0%,Riaan Van,riaanvan@outlook.com,+27854994275
2025-08-18 14:54:36,Nandi Du,Lowveld Technologies (Pty) Ltd,2020/680640/07,Hospitality,Gauteng,"549 Jakaranda Lane, Randburg",20000__________,,Working Capital,Operational funding ,0 to R500K,0 to R500K,45233__________,Catering and events business servicing corporate functions.,3.0,11.0,2,0%,1–24%,100%,Level 1,Urban,0%,Nandi Du,nandidu@mweb.co.za,+27612953198
2025-09-23 15:33:38,Riaan Maluleke ,Vertex Trading Pty Ltd,2022/541441/07,,Limpopo,"2973 Pretorius Street, Khayelitsha",100000_________,Khayelitsha ,Invoice Financing;Working Capital,"Raw materials, tooling and factory rental for the next 12 months",0 to R500K,0 to R500K,97023__________,We manufacture and supply steel components to construction contractors.,5.0,5.0,3,100%,0%,100%,Level 1,Urban,0%,riaan maluleke,riaanmaluleke@gmail.com,0883414440
2025-09-03 22:05:18,Ashraf Dlamini,Blackwood Projects CC,2010/784825/07,Information & Communication Technology,Western Cape,"2216 Long Road, MBOMBELA ",230000_________,MBOMBELA,Working Capital,To upgrade our machinery and improve turnaround times.,0 to R500K,0 to R500K,155147_________,We manufacture and supply steel components to construction contractors.,3.0,2.0,1,100%,100%,100%,Level 1,Urban,0%,Ashraf Dlamini,ashrafdlamini@gmail.com,+27758370646
2025-09-02 16:10:06,Nisha Chauke ,Chauke Trading,201919263007,Business Services (Agency & Consultancy),Limpopo,"1006 Sisulu Street, Nelspruit",40000__________,Nelspruit,Other (Please specify),"Raw materials, tooling and factory rental for the next 12 months",0 to R500K,0 to R500K,16085__________,We design and sew corporate uniforms and protective clothing.,2.0,3.0,6,100%,0%,100%,Level 1,Rural,0%,nisha chauke,nishachauke399@gmail.com,+27742693214
2025-06-30 04:44:29,Deepak Sithole,Sithole Construction (Pty) Ltd ,2022/219036/07,Retail & Wholesale,Western Cape,"1518 Main Avenue, Springs ",290000_________,Springs,,Working capital to fulfil confirmed purchase orders,0 to R500K,0 to R500K,144116_________,,5.0,1.0,5,100%,100%,0%,Level 5,Urban,0%,Deepak Sithole,deepaksithole438@yahoo.com,0696856590
2025-09-09 18:35:00,Sibusiso Cele,Kopano Civils,2025/856924/07,Manufacturing,Gauteng,"587 Biko Lane, Ladysmith",3220000________,Ladysmith,Other (Please specify),Purchase of a delivery vehicle and cold storage unit,R1 000 001 to R5M,R1 000 001 to R5M,73092005432____,Commercial cleaning and hygiene services for offices and factories ,16.0,3.0,1,50–74%,1–24%,100%,Level 1,Township,0%,Sibusiso Cele,sibusisocele324@gmail.com,+27898687111
2025-09-01 22:56:33,Lerato Reddy ,Karoo Distributors CC,2014/608529/07,Engineering & Construction,Limpopo,"2964 Rivonia Avenue, Richards Bay",250000_________,,Purchase Order Funding,"Raw materials, tooling and factory rental for the next 12 months",0 to R500K,0 to R500K,0______________,We grow and pack vegetables for regional wholesalers and retailers.,7.0,1.0,10,50–74%,0%,100%,Level 1,Urban,0%,Lerato Reddy,leratoreddy@gmail.com,+27811329485
2025-08-17 05:18:58,Willem Nel ,Nel Media Group ,201313693907 ,Tourism,Western Cape,"2345 Voortrekker Lane, Rustenburg",70000__________,Rustenburg,Working Capital;Other (Please specify),Expansion into a second branch and hiring of staff ,0 to R500K,0 to R500K,121801_________,We grow and pack vegetables for regional wholesalers and retailers.,2.0,4.0,1,0%,0%,100%,Level 1,Township,0%,willem nel,willemnel310@icloud.com,+27627864663
2025-07-22 19:58:39,Ntombi Mabena ,Stone Bridge Technologies CC,2012/849445/07,Business Services (Agency & Consultancy),Limpopo,"1464 Buitenkant Crescent, Johannesburg",1200000________,Johannesburg,Other (Please specify),"Funding is required for equipment, training and certification.",R1 000 001 to R5M,R1 000 001 to R5M,2403585________,We supply and install security systems and CCTV. ,15.0,21.0,3,0%,100%,100%,Level 1,Township,0%,Ntombi Mabena,ntombimabena@mweb.co.za,0713546723
2025-07-29 21:15:49,Thandeka Maharaj,Thuso Investments CC ,2014/889095/07,Information & Communication Technology,Western Cape,"584 Protea Way, Welkom",50000__________,Welkom,Debt,To buy additional equipment and expand production capacity,0 to R500K,0 to R500K,33119__________,Catering and events business servicing corporate functions.,1.0,4.0,1,100%,50–74%,100%,Level 1,Township,0%,Thandeka Maharaj,thandekamaharaj@gmail.com,+27667235974
2025-09-13 16:28:28,Lwazi Pillay,Vuka Technologies ,2010/924476/07,Entertainment and Media,Limpopo,"2712 Loop Avenue, Upington",40000__________,Upington,Other (Please specify),Operational funding ,0 to R500K,0 to R500K,143201_________,Civil engineering contractor focused on roads and stormwater projects ,9.0,7.0,4,100%,50–74%,100%,Level 1,Township,0%,Lwazi Pillay,lwazipillay@gmail.com,+27 84 045 2035
2025-08-31 00:23:33,Lwazi Mthembu ,Nexus Distributors (Pty) Ltd,201162386707 ,Healthcare & Biotechnology,Gauteng,"1674 Marula Street, Mahikeng ",300000_________,Mahikeng,Working Capital,Operational funding ,0 to R500K,0 to R500K,0______________,We design and sew corporate uniforms and protective clothing.,1.0,2.0,2,0%,100%,100%,Level 1,Urban,0%,Lwazi Mthembu,lwazimthembu@outlook.com,+27718379517
2025-08-08 10:24:18,Willem Mabaso,Mabaso Consulting Pty Ltd ,2023 / 430516 / 07,Manufacturing,Limpopo,"1769 Voortrekker Road, WITBANK ",630000_________,WITBANK,,"Marketing, customer acquisition and website development ",0 to R500K,0 to R500K,104505_________,,,2.0,6,100%,100%,100%,Level 1,Urban,0%,Willem Mabaso,WILLEMMABASO617@OUTLOOK.COM,+27789257035
2025-07-25 20:43:39,Vusi Maluleke ,Vuka Foods Pty Ltd ,2020/951322/07,Manufacturing,Gauteng,"2487 Kruger Street, Sandton",60000__________,Sandton,Debt;Purchase Order Funding,Purchase of a delivery vehicle and cold storage unit,0 to R500K,0 to R500K,48895__________,A family-run bakery supplying schools and local retailers. ,0.0,6.0,1,0%,100%,100%,Level 6,Urban,0%,vusi maluleke,vusimaluleke@mweb.co.za,+27663083524
2025-07-31 05:41:12,Nadia Chauke ,Blue Crane Manufacturing,2012 / 423570 / 07 ,Energy,Gauteng,"524 Jan Smuts Crescent, Pietermaritzburg",250000_________,Pietermaritzburg,Working Capital,Working capital to fulfil confirmed purchase orders,0 to R500K,0 to R500K,86_____________,We design and sew corporate uniforms and protective clothing.,1.0,3.0,2,50–74%,0%,100%,Level 1,Urban,25–49%,Nadia Chauke,nadiachauke663@yahoo.com,+27633715596
2025-08-21 16:35:35,Annelie Mthembu,Mthembu Solutions Group,2009/491829/07 ,Manufacturing,Western Cape,"1817 Kruger Drive, Welkom",600000_________,Welkom,Debt & Equity,"Marketing, customer acquisition and website development ",0 to R500K,R501K to R1M,558322_________,Resubmitted application. ,3.0,1.0,3,0%,0%,100%,Level 1,Urban,0%,Annelie Mthembu,anneliemthembu@gmail.com,+27 74 037 4429
2025-07-12 16:13:29,Adele Sekgobela ,Redline Transport ,2017/667812/07,Agriculture - Primary ,Western Cape,"973 Church Crescent, Johannesburg",9100000________,Johannesburg,Working Capital,"Raw materials, tooling and factory rental for the next 12 months",R1 000 001 to R5M,R1 000 001 to R5M,3639310________,,,3.0,2,100%,100%,100%,Level 1,Township,0%,Adele Sekgobela,adelesekgobela@gmail.com,+27885852132
2025-07-05 11:44:38,Tshepo Hendricks,Hendricks Technologies (Pty) Ltd,2010/337593/07 ,,Western Cape,"1341 Pretorius Lane, Welkom ",7030000________,Welkom ,Working Capital,To buy additional equipment and expand production capacity,0 to R500K,0 to R500K,344824_________,,1.0,4.0,5,25–49%,0%,100%,Level 1,Rural,0%,Tshepo Hendricks,tshepohendricks977@yahoo.com,+27789741159
2025-07-03 23:43:55,Palesa Van,Kalahari Trading,2019/983545/07,Information & Communication Technology,Mpumalanga,"1284 Acacia Avenue, Bloemfontein",390000_________,Bloemfontein,Working Capital,Stock purchase and general operational funding ,0 to R500K,0 to R500K,154410_________,Commercial cleaning and hygiene services for offices and factories ,1.0,0.0,1,100%,0%,100%,Level 1,Urban,0%,Palesa Van,palesavan@gmail.com,0670971728
2025-07-26 16:20:54,Riyaad Pretorius,Marula Enterprises,2012 / 525629 / 07,Engineering & Construction,Limpopo,"999 Sisulu Drive, George ",13840000_______,George,Debt & Equity,Bridging finance while awaiting payment from government contracts,R5 000 001 to R10M,R5 000 001 to R10M,4613891________,Civil engineering contractor focused on roads and stormwater projects ,20.0,,2,0%,100%,100%,Level 1,Township,0%,Riyaad Pretorius,riyaadpretorius@gmail.com,0850592775
2025-08-14 05:14:39,Hendrik Radebe,Sondela Manufacturing ,2020/371123/07,Retail & Wholesale,Gauteng,"198 Protea Way, Pretoria",250000_________,Pretoria,Other (Please specify),Stock purchase and general operational funding ,0 to R500K,0 to R500K,0______________,We run a driving school and provide learner licence training.,2.0,4.0,2,0%,50–74%,100%,Level 1,Urban,1–24%,Hendrik Radebe,hendrikradebe@gmail.com,+27780533714
2025-09-13 13:25:46,Mandla Mabena,Sunrise Trading,2025/372208/07,Hospitality,Gauteng,"2210 Commissioner Crescent, midrand ",460000_________,midrand,Purchase Order Funding;Working Capital,"Marketing, customer acquisition and website development ",0 to R500K,R501K to R1M,763502_________,We design and sew corporate uniforms and protective clothing.,6.0,3.0,3,0%,0%,100%,Level 1,Rural,0%,Mandla Mabena,mandlamabena@icloud.com,+27 67 247 3188
2025-09-24 21:03:38,Imran Mthembu,Summit Services,2011 / 440758 / 07,Mining,Gauteng,"2222 Voortrekker Lane, Bloemfontein",140000_________,Bloemfontein,Equity,To grow the business ,0 to R500K,0 to R500K,278046_________,We design and sew corporate uniforms and protective clothing.,1.0,4.0,3,100%,0%,100%,Level 8,Rural,0%,Imran Mthembu,imranmthembu@gmail.com,+27780688218
2025-07-15 07:08:56,Tariq Mokoena,Mokoena Civils ,2022/928815/07,Transportation and Logistics,Western Cape,"2025 Protea Drive, JOHANNESBURG",8170000________,JOHANNESBURG,Working Capital;Other (Please specify),"Use of Funds
1.	Equipment purchase
2.	Staff expansion
3.	Marketing
",0 to R500K,R1 000 001 to R5M,1361272________,Solar installation business serving residential and small commercial clients ,13.0,10.0,3,100%,25–49%,100%,Level 1,Rural,0%,Tariq Mokoena,tariqmokoena@gmail.com,0824360146
2025-07-25 03:07:32,Ntando Mashaba,Mashaba Solutions ,202285791607,Retail & Wholesale,Gauteng,"336 Commissioner Street, East London",7930000,East London,Equity;Debt & Equity;Working Capital,"Marketing, customer acquisition and website development ",0 to R500K,R1 000 001 to R5M,3964696________,Commercial cleaning and hygiene services for offices and factories ,20.0,8.0,3,100%,0%,100%,Level 1,Township,0%,Ntando Mashaba,ntandomashaba@mweb.co.za,+27683969256
2025-07-28 12:34:52,Kagiso Hendricks,Hendricks Media Group,202324994907 ,Information & Communication Technology,Gauteng,"221 Sisulu Crescent, Khayelitsha",1000000________,Khayelitsha,Other (Please specify),"Marketing, customer acquisition and website development ",0 to R500K,0 to R500K,0______________,We grow and pack vegetables for regional wholesalers and retailers.,0.0,4.0,5,100%,0%,100%,Level 1,Rural,0%,Kagiso Hendricks,kagisohendricks@yahoo.com,+27664104585
2025-07-05 19:21:47,Musa Isaacs,Isaacs Investments,2023/365513/07,Automotive,Gauteng,"323 Long Drive, Durban ",250000_________,Durban,Equity,"Funding is required for equipment, training and certification.",0 to R500K,0 to R500K,126078_________,,10.0,1.0,1,0%,100%,100%,Level 1,Urban,0%,Musa Isaacs,musaisaacs@mweb.co.za,072 288 2504
2025-07-01 20:43:34,Puleng Sekgobela,Sizani Transport CC ,2015/851903/07,Engineering & Construction,Western Cape,"2533 Voortrekker Crescent, Mahikeng",250000_________,Mahikeng,Purchase Order Funding,"Marketing, customer acquisition and website development ",0 to R500K,0 to R500K,447____________,,15.0,3.0,6,25–49%,100%,100%,Level 1,Township,0%,Puleng Sekgobela,pulengsekgobela@webmail.co.za,+27 81 198 3140
2025-09-10 01:15:35,Hendrik Nkosi,Ubuntu Technologies Group,Ubuntu Technologies Group,Information & Communication Technology,Eastern Cape,"424 Pretorius Avenue, Soweto ",10000__________,Soweto,Equity,To grow the business ,0 to R500K,0 to R500K,7779___________,Independent pharmacy and primary healthcare clinic serving a rural community,1.0,2.0,1,1–24%,100%,100%,Level 2,Township,0%,Hendrik Nkosi,hendriknkosi571@webmail.co.za,+27627363124
2025-09-22 13:33:44,Elmarie Pillay,Pillay Trading,2020/577705/07 ,Automotive,Gauteng,"1045 Rissik Way, Newcastle",21980000_______,Newcastle,,Operational funding ,0 to R500K,R1 000 001 to R5M,1080713________,,,4.0,5,0%,100%,100%,Level 1,Township,0%,elmarie pillay,elmariepillay@gmail.com,+27 61 612 1666
2025-08-10 05:51:37,Deon Govender,Zenzele Foods CC,2022/412117/07,Healthcare & Biotechnology,Western Cape,"1252 Mandela Way, kimberley ",710000_________,kimberley,Other (Please specify),Bridging finance while awaiting payment from government contracts,0 to R500K,0 to R500K,142819_________,We grow and pack vegetables for regional wholesalers and retailers.,4.0,7.0,1,100%,0%,100%,Level 4,Rural,0%,Deon Govender,deongovender607@webmail.co.za,+27742769612
2025-09-14 19:33:23,Imran Mkhize,Mkhize Services,2010/397913/07,Waste Management,Western Cape,"737 Aloe Crescent, WITBANK",6690000,WITBANK ,Debt & Equity,Working capital to fulfil confirmed purchase orders,R5 000 001 to R10M,R5 000 001 to R10M,6686802________,We design and sew corporate uniforms and protective clothing.,14.0,20.0,4,0%,0%,100%,Level 1,Urban,0%,Imran Mkhize,imranmkhize307@mweb.co.za,+27684818384
2025-07-06 06:22:02,Danie Venter ,Northstar Distributors ,2011/113746/07,Manufacturing,North West,"1607 Acacia Way, Kimberley",6580000________,Kimberley,Working Capital,To grow the business ,R5 000 001 to R10M,R5 000 001 to R10M,5480198________,,2.0,9.0,Danie Venter,0%,0%,100%,Level 1,Township,0%,Danie Venter,danieventer@webmail.co.za,+27 83 771 5415
2025-07-20 06:58:58,Mpho Isaacs,Isaacs Projects,2010/428802/07,Energy,Mpumalanga,"291 Umgeni Street, Giyani",2830000________,Giyani,Working Capital,"Funding is required for equipment, training and certification.",0 to R500K,0 to R500K,472276_________,We grow and pack vegetables for regional wholesalers and retailers.,3.0,3.0,1,25–49%,1–24%,100%,Level 1,Township,0%,mpho isaacs,mphoisaacs@gmail.com,+27641835648
2025-08-15 15:18:25,Kavitha Govender,Govender Holdings Group,2019/381638/07,Business Services (Agency & Consultancy),Mpumalanga,"2822 Acacia Drive, Tzaneen",7060000________,Tzaneen ,Debt;Working Capital,"Raw materials, tooling and factory rental for the next 12 months",R5 000 001 to R10M,R5 000 001 to R10M,4706462________,,32.0,12.0,3,0%,100%,100%,Level 1,Rural,0%,kavitha govender,kavithagovender@yahoo.com,+27869741292
2025-06-28 04:41:27,Faried Naidoo,Naidoo Distributors Group ,2020/854550/07 ,Agriculture - Secondary ,Limpopo,"2748 Jakaranda Lane, RICHARDS BAY ",640000_________,RICHARDS BAY,Working Capital,"Raw materials, tooling and factory rental for the next 12 months",0 to R500K,R501K to R1M,795675_________,Catering and events business servicing corporate functions.,,1.0,6,0%,100%,75–99%,Level 1,Township,0%,Faried Naidoo,fariednaidoo616@icloud.com,+27768883349
2025-08-16 15:07:15,Dineo Davids ,Davids Investments ,2019/135832/07,Waste Management,Gauteng,"675 Pretorius Road, TEMBISA ",1570000________,TEMBISA ,Working Capital,"Purchase of farming implements, seed and irrigation infrastructure",0 to R500K,R501K to R1M,392977_________,A family-run bakery supplying schools and local retailers. ,9.0,3.0,1,100%,0%,100%,Level 1,Urban,0%,Dineo Davids,dineodavids@mweb.co.za,+27797222088
2025-09-13 11:17:28,Faried Nkosi,Nkosi Engineering Group ,2017/700388/07,Retail & Wholesale,Gauteng,"1863 Pretorius Street, Randburg",10950000_______,Randburg,Debt;Working Capital,"Purchase of farming implements, seed and irrigation infrastructure",R1 000 001 to R5M,R1 000 001 to R5M,1824804________,We manufacture and supply steel components to construction contractors.,1.0,6.0,1,0%,100%,100%,Level 1,Township,0%,Faried Nkosi,fariednkosi795@yahoo.com,073 035 2034
2025-08-20 19:27:40,Boitumelo Molefe ,Silver Oak Holdings ,2025/972775/07,NPO & NPC,Limpopo,"642 Biko Drive, Sasolburg",170000_________,Sasolburg,Other (Please specify),"Raw materials, tooling and factory rental for the next 12 months",0 to R500K,R501K to R1M,335676_________,Independent pharmacy and primary healthcare clinic serving a rural community,5.0,4.0,1,100%,0%,100%,Level 1,Urban,0%,Boitumelo Molefe,boitumelomolefe@gmail.com,+27 85 881 5421
2025-08-13 00:00:32,Tariq Dlamini ,Lowveld Solutions CC,2014/840677/07,,Western Cape,"506 Biko Lane, Ladysmith",250000_________,Ladysmith,Debt;Working Capital,Purchase of a delivery vehicle and cold storage unit,0 to R500K,0 to R500K,0______________,Commercial cleaning and hygiene services for offices and factories ,6.0,9.0,3,100%,100%,100%,Level 1,Rural,0%,Tariq Dlamini,tariqdlamini477@outlook.com,0718340520
2025-07-26 19:59:53,Mxolisi Sibeko,Sibeko Consulting (Pty) Ltd ,2009/867241/07,Financial Services,Gauteng,"2698 Rivonia Street, Giyani",12890000_______,Giyani,Working Capital,Working capital to fulfil confirmed purchase orders,0 to R500K,R501K to R1M,0______________,We design and sew corporate uniforms and protective clothing.,16.0,1.0,1,0%,1–24%,100%,Level 1,Rural,0%,Mxolisi Sibeko,mxolisisibeko@gmail.com,0679081849
2025-07-06 03:26:51,Nisha Steyn,Steyn Services Pty Ltd,,Engineering & Construction,Western Cape,"1325 Loop Road, Durban",1520000________,Durban,Equity;Working Capital,Working capital to fulfil confirmed purchase orders,0 to R500K,R501K to R1M,761116_________,Logistics company transporting goods between major metros. ,9.0,2.0,2,1–24%,100%,100%,Level 1,Rural,0%,nisha steyn,nishasteyn@gmail.com,+27 85 310 0394
2025-08-10 08:37:16,Nadia Zulu,Beacon Engineering,2014/607442/07 ,Agriculture - Primary ,Gauteng,"2314 Voortrekker Crescent, Tembisa",260000_________,Tembisa,Debt & Equity;Working Capital,"Use of Funds
1.	Equipment purchase
2.	Staff expansion
3.	Marketing
",0 to R500K,R501K to R1M,430150_________,Commercial cleaning and hygiene services for offices and factories ,8.0,10.0,2,100%,0%,100%,Level 1,Rural,50–74%,Nadia Zulu,nadiazulu@gmail.com,+27811997889
2025-08-15 19:56:20,Sanjay Mnisi ,Beacon Media,2019/370382/07,Tourism,Gauteng,"2884 Marula Drive, Kimberley",26377703416____,Kimberley,Working Capital,"Marketing, customer acquisition and website development ",0 to R500K,0 to R500K,632____________,Commercial cleaning and hygiene services for offices and factories ,5.0,2.0,2,100%,100%,100%,Level 1,Township,0%,Sanjay Mnisi,sanjaymnisi185@outlook.com,+27695055516
2025-07-21 01:02:01,Riyaad Adams,Adams Holdings,2021/876728/07,Real Estate,Limpopo,"341 Main Crescent, Paarl ",910000_________,Paarl,Working Capital,Expansion into a second branch and hiring of staff ,0 to R500K,R501K to R1M,0______________,A family-run bakery supplying schools and local retailers. ,33.0,3.0,3,0%,1–24%,100%,Level 1,Township,0%,Riyaad Adams,riyaadadams327@icloud.com,065 353 8406
2025-08-07 09:10:51,Sipho Maharaj,Greenfield Consulting ,2023/676207/07,Engineering & Construction,Limpopo,"929 Protea Lane, Gqeberha",250 000,Gqeberha,Working Capital;Other (Please specify),"Purchase of farming implements, seed and irrigation infrastructure",0 to R500K,R501K to R1M,491510_________,A family-run bakery supplying schools and local retailers. ,3.0,2.0,2,50–74%,0%,100%,Level 1,Rural,0%,Sipho Maharaj,siphomaharaj13@gmail.com,081 958 9656
2025-08-03 10:08:51,Ntando Du ,Du Transport,2013/653343/07,Entertainment and Media,Western Cape,"2619 Biko Drive, Sandton",40000__________,Sandton ,Purchase Order Funding,Working capital to fulfil confirmed purchase orders,0 to R500K,0 to R500K,44623__________,We recycle plastic waste and sell processed pellets to manufacturers.,0.0,2.0,1,0%,100%,100%,Level 1,Township,0%,Ntando Du,ntandodu396@outlook.com,+27795127286
2025-07-26 13:32:28,Ntando Motaung ,Fairview Media (Pty) Ltd,2025/845058/07,Education,Western Cape,"2830 Buitenkant Way, Emalahleni",50000__________,Emalahleni,Debt,Expansion into a second branch and hiring of staff ,0 to R500K,0 to R500K,4725___________,We provide ICT support and cloud services to small businesses in the province.,5.0,2.0,6,0%,0%,100%,Level 1,Township,0%,Ntando Motaung,ntandomotaung232@icloud.com,+27828589530
2025-07-04 17:47:05,Aisha Mokoena,Mokoena Investments (Pty) Ltd,2020/955211/07,Hospitality,Gauteng,"1470 Tambo Way, Durban",500000_________,Durban,Debt & Equity,Working capital to fulfil confirmed purchase orders,R501K to R1M,R501K to R1M,504919_________,A tourism operator offering guided township and heritage tours,4.0,6.0,1,100%,50–74%,100%,Level 1,Township,0%,Aisha Mokoena,aishamokoena@gmail.com,+27678479597
2025-08-25 15:09:42,Annelie Chauke,Copper Leaf Consulting Group,2014/743666/07,NPO & NPC,Eastern Cape,"1068 Long Way, Nelspruit ",1960000________,Nelspruit,Working Capital;Other (Please specify),To grow the business ,0 to R500K,R501K to R1M,391218_________,We provide ICT support and cloud services to small businesses in the province.,7.0,5.0,1,100%,0%,100%,Level 1,Township,0%,Annelie Chauke,ANNELIECHAUKE@GMAIL.COM,+27848088291
2025-09-22 18:31:43,Sipho Mthembu ,Mthembu Enterprises,2023/996433/07,,Western Cape,"2593 Rissik Way, Worcester",50000__________,Worcester,Debt,"Funding is required for equipment, training and certification.",0 to R500K,0 to R500K,47457__________,We provide ICT support and cloud services to small businesses in the province.,2.0,1.0,1,50–74%,0%,100%,Level 2,Urban,0%,Sipho Mthembu,siphomthembu@webmail.co.za,0740475152
2025-07-07 03:37:41,Johan Solomons ,Riverstone Consulting Pty Ltd,2021 / 259438 / 07,Information & Communication Technology,Western Cape,"2404 Main Way, Mthatha",30000__________,Mthatha,Working Capital,Purchase of a delivery vehicle and cold storage unit,0 to R500K,0 to R500K,49033__________,,5.0,5.0,2,100%,50–74%,100%,Level 1,Rural,0%,Johan Solomons,johansolomons202@gmail.com,+27819947496
2025-08-08 11:39:54,Chantelle Cele,Vertex Holdings Pty Ltd,2021/927474/07,Engineering & Construction,Western Cape,"3124 Commissioner Way, Port Elizabeth",900000_________,Port Elizabeth,Other (Please specify),Bridging finance while awaiting payment from government contracts,0 to R500K,R501K to R1M,748347_________,A family-run bakery supplying schools and local retailers. ,3.0,5.0,1,0%,0%,100%,Level 1,Rural,0%,chantelle cele,chantellecele@gmail.com,0744261311
2025-09-07 16:15:35,Reshma Mabena ,Mabena Foods CC,2011/440776/07,Information & Communication Technology,Gauteng,"1951 Pretorius Road, Witbank",1620000________,Witbank,Working Capital,Operational funding ,0 to R500K,0 to R500K,51621__________,We manufacture and supply steel components to construction contractors.,3.0,1.0,2,100%,25–49%,100%,Level 1,Township,1–24%,Reshma Mabena,reshmamabena843@mweb.co.za,+27891335586
2025-07-23 06:53:40,Thabo Mkhize,Bright Path Civils Group ,2011/574244/07,Retail & Wholesale,Free State,"1500 Rissik Lane, Mahikeng ",240000_________,Mahikeng ,Debt;Working Capital,Expansion into a second branch and hiring of staff ,0 to R500K,0 to R500K,237495_________,,4.0,2.0,10,100%,0%,100%,Level 1,Rural,0%,thabo mkhize,thabomkhize416@icloud.com,+27688582849
2025-07-28 17:57:51,Danie Reddy,Reddy Enterprises Group ,2017/146227/07,Healthcare & Biotechnology,Gauteng,"232 Voortrekker Drive, Bloemfontein",730000_________,Bloemfontein,Other (Please specify),"Use of Funds
1.	Equipment purchase
2.	Staff expansion
3.	Marketing
",0 to R500K,0 to R500K,290945_________,Civil engineering contractor focused on roads and stormwater projects ,5.0,13.0,1,100%,0%,100%,Level 8,Rural,0%,Danie Reddy,DANIEREDDY@GMAIL.COM,+27746460731
2025-07-07 11:41:13,Musa Sithole,Ubuntu Solutions,2017/451664/07,Public Sector ,KZN,"45 Kruger Crescent, CAPE TOWN",250000_________,CAPE TOWN ,Working Capital,"Use of Funds
1.	Equipment purchase
2.	Staff expansion
3.	Marketing
",0 to R500K,0 to R500K,0______________,Catering and events business servicing corporate functions.,10.0,6.0,10,0%,0%,100%,Level 1,Urban,0%,Musa Sithole,musasithole@webmail.co.za,+27834288942
2025-09-01 05:44:05,Aisha Sibeko ,Sibeko Group (Pty) Ltd ,2021 / 732609 / 07,Agriculture - Primary ,Gauteng,"1283 Kingfisher Drive, Nelspruit ",170000_________,Nelspruit,Purchase Order Funding;Working Capital,Operational funding ,0 to R500K,R501K to R1M,345493_________,,12.0,5.0,1,75–99%,100%,100%,Level 1,Rural,0%,Aisha Sibeko,aishasibeko@gmail.com,+27799988181
2025-07-28 11:41:17,Kavitha Ramaphakela,Oakridge Agri,2014/695344/07,Engineering & Construction,KZN,"1264 Jan Smuts Avenue, Randburg",140000_________,Randburg,Working Capital,Working capital to fulfil confirmed purchase orders,0 to R500K,0 to R500K,281728_________,We grow and pack vegetables for regional wholesalers and retailers.,5.0,0.0,1,0%,50–74%,100%,Level 1,Township,0%,Kavitha Ramaphakela,kavitharamaphakela@yahoo.com,+27831261749
2025-09-07 07:53:01,Willem Singh,Singh Construction,2015/290750/07,Agriculture - Primary ,Limpopo,"2252 Biko Street, Bloemfontein",10000__________,Bloemfontein ,Working Capital,Expansion into a second branch and hiring of staff ,0 to R500K,0 to R500K,7800___________,Catering and events business servicing corporate functions.,1.0,1.0,1,50–74%,0%,100%,Level 1,Township,0%,Willem Singh,willemsingh@gmail.com,+27649231645
2025-07-04 00:09:52,Christo Van,Van Construction,2018/893000/07,Tourism,Gauteng,"475 Kingfisher Crescent, Paarl",250000_________,Paarl,Working Capital,Working capital to fulfil confirmed purchase orders,0 to R500K,0 to R500K,1189___________,,,2.0,2,50–74%,100%,100%,Level 4,Urban,0%,Christo Van,christovan508@outlook.com,+27821487238
2025-08-09 11:09:29,Hendrik Ngcobo ,Ngcobo Civils,2024/887509/07 ,Information & Communication Technology,Western Cape,"1808 Mandela Way, Cape Town",230000_________,Cape Town,Working Capital,Working capital to fulfil confirmed purchase orders,0 to R500K,0 to R500K,228274_________,Logistics company transporting goods between major metros. ,6.0,3.0,1,0%,0%,100%,Level 1,Township,0%,Hendrik Ngcobo,hendrikngcobo@webmail.co.za,077 808 6301
2025-09-12 15:10:20,Riyaad Zulu,Iron Gate Transport (Pty) Ltd,2014/637876/07,Business Services (Agency & Consultancy),Gauteng,"603 Protea Way, Mthatha",9040000________,Mthatha,Debt & Equity,Operational funding ,0 to R500K,0 to R500K,412109_________,Catering and events business servicing corporate functions.,2.0,3.0,1,1–24%,0%,100%,Level 1,Rural,100%,Riyaad Zulu,riyaadzulu@mweb.co.za,+27659149046
2025-07-24 20:59:11,Nisha Daniels,NEXUS MANUFACTURING (PTY) LTD ,,,Gauteng,"568 Marula Lane, potchefstroom",18920000_______,potchefstroom,,"Purchase of farming implements, seed and irrigation infrastructure",0 to R500K,0 to R500K,442649_________,Commercial cleaning and hygiene services for offices and factories ,,7.0,1,100%,100%,100%,Level 1,Township,0%,nisha daniels,nishadaniels@yahoo.com,+27896302970
2025-08-25 08:27:38,Tumelo Mkhize,Nexus Consulting,Nexus Consulting,Hospitality,Gauteng,"835 Biko Crescent, Roodepoort",5230000________,Roodepoort,Working Capital,"Marketing, customer acquisition and website development ",0 to R500K,0 to R500K,177025_________,We provide ICT support and cloud services to small businesses in the province.,4.0,3.0,1,100%,25–49%,100%,Level 1,Urban,0%,Tumelo Mkhize,tumelomkhize@gmail.com,+27814140459
2025-08-15 08:11:41,Sizwe Zulu ,Vantage Engineering Pty Ltd,2025 / 139039 / 07,Agriculture - Primary ,Limpopo,"1696 Umgeni Avenue, Thohoyandou",12820000_______,Thohoyandou,Other (Please specify),Purchase of a delivery vehicle and cold storage unit,0 to R500K,0 to R500K,448396_________,We run a driving school and provide learner licence training.,37.0,2.0,2,100%,0%,1–24%,Level 1,Township,0%,Sizwe Zulu,sizwezulu@icloud.com,083 563 6872
2025-08-10 17:30:10,Musa Dlamini,Dlamini Services CC,2019/118311/07,,Mpumalanga,"1717 Long Avenue, Giyani",250000_________,Giyani,,"Use of Funds
1.	Equipment purchase
2.	Staff expansion
3.	Marketing
",0 to R500K,0 to R500K,1220___________,,,1.0,1,0%,100%,100%,Level 1,Urban,0%,Musa Dlamini,musadlamini@gmail.com,061 905 6800
2025-08-11 17:20:47,Suzette Ramaphakela,Ramaphakela Logistics,2019/516768/07,Agriculture - Secondary ,Western Cape,"1351 Kruger Lane, Mthatha",11950000_______,Mthatha,Equity,"Purchase of farming implements, seed and irrigation infrastructure",R1 000 001 to R5M,R5 000 001 to R10M,7966866________,Civil engineering contractor focused on roads and stormwater projects ,9.0,9.0,Suzette Ramaphakela,1–24%,1–24%,100%,Level 1,Rural,0%,Suzette Ramaphakela,suzetteramaphakela696@gmail.com,+27687254006
2025-09-13 11:39:28,Elmarie Davids,Davids Engineering (Pty) Ltd,2019/625382/07,Information & Communication Technology,Gauteng,"1392 Loop Way, Newcastle",530000_________,Newcastle,Equity;Working Capital;Other (Please specify),Expansion into a second branch and hiring of staff ,0 to R500K,0 to R500K,213039_________,A tourism operator offering guided township and heritage tours,15.0,1.0,4,0%,100%,100%,Level 1,Urban,0%,elmarie davids,elmariedavids269@icloud.com,+27752237162
2025-07-22 08:40:26,Kagiso Moodley ,Fynbos Projects,2016/644390/07,Transportation and Logistics,Gauteng,"2765 Rivonia Way, Upington",10000__________,Upington,Working Capital,Expansion into a second branch and hiring of staff ,0 to R500K,0 to R500K,2616___________,We provide ICT support and cloud services to small businesses in the province.,0.0,9.0,1,0%,25–49%,100%,Level 8,Township,0%,Kagiso Moodley,kagisomoodley766@outlook.com,+27830351543
2025-07-02 04:44:38,Boitumelo Solomons,Solomons Agri ,2022/895615/07,Manufacturing,Limpopo,"700 Acacia Drive, Benoni",450000_________,Benoni ,Working Capital,To increase production and take on larger supply contracts ,R501K to R1M,R501K to R1M,750953_________,Catering and events business servicing corporate functions.,1.0,3.0,100%,0%,0%,100%,Level 3,Township,0%,Boitumelo Solomons,boitumelosolomons@mweb.co.za,+27650070020
2025-08-01 00:47:07,Sanele Adams,Adams Group,2013/925986/07,Mining,Gauteng,"2584 Rivonia Way, Tembisa",17820000_______,Tembisa,Debt,"Raw materials, tooling and factory rental for the next 12 months",R1 000 001 to R5M,R5 000 001 to R10M,8912252________,We grow and pack vegetables for regional wholesalers and retailers.,28.0,12.0,3,100%,25–49%,100%,Level 1,Urban,0%,Sanele Adams,saneleadams@webmail.co.za,+27728336379
2025-09-10 18:40:18,Yolandi Jacobs,Jacobs Investments Group,2023/482886/07,Entertainment and Media,Western Cape,"1365 Pretorius Road, Sandton",30930000_______,Sandton,Equity,To grow the business ,R5 000 001 to R10M,R10 000 001 to R20M,0______________,We run a driving school and provide learner licence training.,10.0,9.0,Jacobs Investments Group,100%,1–24%,100%,Level 1,Rural,0%,Yolandi Jacobs,yolandijacobs@outlook.com,088 800 4064
2025-06-25 02:26:08,Faried Fourie ,Fourie Holdings (Pty) Ltd,2022/964132/07,Information & Communication Technology,Limpopo,"3195 Acacia Avenue, Klerksdorp",320000_________,Klerksdorp,Debt,Expansion into a second branch and hiring of staff ,0 to R500K,0 to R500K,0______________,Independent pharmacy and primary healthcare clinic serving a rural community,5.0,1.0,5,100%,100%,100%,Level 1,Rural,0%,Faried Fourie,fariedfourie259@gmail.com,+27777403970
2025-08-02 15:50:55,Vusi Mkhize ,Mkhize Investments (Pty) Ltd,2015/624464/07,Mining,KZN,"2960 Acacia Lane, Tzaneen",74070000_______,Tzaneen ,Working Capital,"Purchase of farming implements, seed and irrigation infrastructure",R1 000 001 to R5M,R10 000 001 to R20M,9063904________,A tourism operator offering guided township and heritage tours,,57.0,,100%,1–24%,1–24%,Level 1,Rural,0%,vusi mkhize,vusimkhize350@gmail.com,+27826227465
2025-07-15 12:36:59,Musa Pillay,Sunrise Manufacturing Pty Ltd,Sunrise Manufacturing Pty Ltd,Tourism,Gauteng,"910 Church Way, Randburg",6290000________,Randburg,Working Capital,To upgrade our machinery and improve turnaround times.,R5 000 001 to R10M,R5 000 001 to R10M,5239874________,We provide ICT support and cloud services to small businesses in the province.,21.0,14.0,2,0%,100%,100%,Level 1,Township,0%,Musa Pillay,musapillay@gmail.com,+27 75 158 1652
2025-07-19 13:30:59,Deepak Pillay,Summit Media Group,2021/516606/07,Retail & Wholesale,Limpopo,"1305 Biko Avenue, Soweto ",650000_________,Soweto,Other (Please specify),"Funding is required for equipment, training and certification.",0 to R500K,0 to R500K,129788_________,We supply and install security systems and CCTV. ,0.0,,1,75–99%,50–74%,100%,Level 1,Township,0%,Deepak Pillay,deepakpillay@gmail.com,+27 67 177 0942
2025-07-10 19:27:39,Bianca Ramaphakela,Vuka Holdings Group,2017/374254/07,Tourism,Gauteng,"1306 Long Drive, Pietermaritzburg",1330000________,Pietermaritzburg,Purchase Order Funding,To grow the business ,0 to R500K,0 to R500K,0______________,,7.0,1.0,10,100%,100%,100%,Level 1,Township,0%,Bianca Ramaphakela,biancaramaphakela398@gmail.com,+27634199464
2025-07-31 09:56:33,Thabo Zwane,Thuso Engineering (Pty) Ltd ,2016/271826/07,Agriculture - Primary ,Limpopo,"1269 Pretorius Street, Mthatha",330000_________,Mthatha,Invoice Financing,Stock purchase and general operational funding ,0 to R500K,0 to R500K,108841_________,Logistics company transporting goods between major metros. ,1.0,5.0,1,0%,50–74%,100%,Level 1,Township,0%,thabo zwane,THABOZWANE@ICLOUD.COM,+27719671650
2025-09-07 06:30:46,Khanyisile Fortuin,Frontier Transport (Pty) Ltd,2009/350119/07,Information & Communication Technology,Gauteng,"636 Jan Smuts Road, Stellenbosch",29900000_______,Stellenbosch,Debt,Expansion into a second branch and hiring of staff ,R1 000 001 to R5M,R5 000 001 to R10M,7475568________,We grow and pack vegetables for regional wholesalers and retailers.,22.0,27.0,1,0%,100%,100%,Level 1,Township,0%,khanyisile fortuin,khanyisilefortuin@gmail.com,+27 77 248 9280
2025-07-15 14:05:47,Sipho Ntuli,Fynbos Distributors ,2019/584489/07,Mining,Gauteng,"438 Main Road, Richards Bay",330000_________,Richards Bay,Debt & Equity;Working Capital,"Purchase of farming implements, seed and irrigation infrastructure",0 to R500K,0 to R500K,66025__________,Independent pharmacy and primary healthcare clinic serving a rural community,1.0,15.0,5,75–99%,0%,100%,Level 1,Township,0%,Sipho Ntuli,siphontuli@outlook.com,0621618988
2025-08-08 16:49:22,Christo Tshabalala,Tshabalala Transport,2009/567385/07,Waste Management,Limpopo,"304 Rivonia Crescent, Mbombela",2440000________,Mbombela ,Equity,"Purchase of farming implements, seed and irrigation infrastructure",0 to R500K,0 to R500K,116951_________,Catering and events business servicing corporate functions.,2.0,10.0,2,25–49%,50–74%,100%,Level 1,Rural,0%,christo tshabalala,christotshabalala477@yahoo.com,+27 76 371 5279
2025-06-25 22:22:22,Imran Govender,Govender Holdings,2018/140332/07,Engineering & Construction,Western Cape,"2776 Pretorius Way, SOWETO",230000_________,SOWETO ,Working Capital,Working capital to fulfil confirmed purchase orders,0 to R500K,0 to R500K,46501__________,We manufacture and supply steel components to construction contractors.,6.0,3.0,one,0%,0%,100%,Level 4,Urban,0%,Imran Govender,imrangovender@gmail.com,0836759619
2025-06-30 03:30:59,Tshepo Davids,Davids Civils ,2013/715209/07 ,events and catering,Eastern Cape,"1037 Umgeni Crescent, Randburg ",1030000________,Randburg,Purchase Order Funding;Working Capital,"Raw materials, tooling and factory rental for the next 12 months",R501K to R1M,R1 000 001 to R5M,0______________,A tourism operator offering guided township and heritage tours,11.0,16.0,2,50–74%,100%,100%,Level 8,Township,0%,Tshepo Davids,tshepodavids@gmail.com,+27 73 500 5031
2025-08-10 16:31:52,Nadia Hendricks,MARULA MANUFACTURING (PTY) LTD,2015/272991/07,Engineering & Construction,Limpopo,"2875 Biko Crescent, Port Elizabeth ",630000_________,Port Elizabeth,Working Capital,"Raw materials, tooling and factory rental for the next 12 months",0 to R500K,0 to R500K,422777_________,We design and sew corporate uniforms and protective clothing.,1.0,0.0,1,0%,0%,100%,Level 1,Rural,0%,Nadia Hendricks,nadiahendricks@gmail.com,+27718217234
2025-07-14 17:04:11,Reshma Mokoena,Sizani Trading,2017/559769/07,Education,Western Cape,"2856 Marula Drive, Benoni ",20000__________,,Other (Please specify),Purchase of a delivery vehicle and cold storage unit,0 to R500K,0 to R500K,16333__________,A family-run bakery supplying schools and local retailers. ,2.0,0.0,1,100%,0%,100%,Level 1,Township,0%,Reshma Mokoena,reshmamokoena@icloud.com,+27 89 174 6567
2025-08-24 11:56:01,Kavitha Mnisi,Mnisi Holdings,2021/382265/07 ,Fashion ,Limpopo,"2564 Commissioner Crescent, GIYANI",2750000________,GIYANI,Equity;Working Capital,Expansion into a second branch and hiring of staff ,R501K to R1M,R1 000 001 to R5M,4590779________,We design and sew corporate uniforms and protective clothing.,7.0,1.0,1,50–74%,100%,100%,Level 1,Urban,0%,kavitha mnisi,kavithamnisi96@mweb.co.za,+27 82 552 9122
2025-08-20 20:01:46,Thulani Coetzee,Catalyst Solutions,2013/501608/07,Retail & Wholesale,KZN,"195 Rissik Way, Pietermaritzburg",14380000_______,Pietermaritzburg,Debt,"Funding is required for equipment, training and certification.",R501K to R1M,R501K to R1M,471189_________,Commercial cleaning and hygiene services for offices and factories ,6.0,4.0,2,100%,50–74%,100%,Level 1,Rural,100%,Thulani Coetzee,thulanicoetzee@mweb.co.za,+27857428684
2025-07-05 06:35:31,Riyaad Mashaba ,Blackwood Distributors ,2013/941738/07,Manufacturing,Limpopo,"1009 Kingfisher Crescent, durban",1800000________,durban,Working Capital,To grow the business ,0 to R500K,R501K to R1M,599419_________,Logistics company transporting goods between major metros. ,0.0,20.0,1,100%,0%,100%,Level 1,Rural,0%,Riyaad Mashaba,riyaadmashaba193@gmail.com,+27665049155
2025-07-12 09:02:46,Sizwe Ntuli,NTULI CIVILS,2010/749690/07,Tourism,Gauteng,"2909 Acacia Drive, MOKOPANE ",160000_________,MOKOPANE,Working Capital,"Marketing, customer acquisition and website development ",0 to R500K,0 to R500K,109600_________,Commercial cleaning and hygiene services for offices and factories ,1.0,11.0,1,0%,0%,100%,Level 1,Rural,0%,sizwe ntuli,sizwentuli763@icloud.com,+27 76 369 9397
2025-08-24 21:32:11,Christo Mokoena ,Mokoena Consulting ,2009 / 324047 / 07 ,Agriculture - Primary ,Gauteng,"2507 Rissik Street, Tzaneen",250000_________,Tzaneen,Other (Please specify),"Funding is required for equipment, training and certification.",0 to R500K,0 to R500K,1479___________,Commercial cleaning and hygiene services for offices and factories ,3.0,7.0,4,100%,100%,100%,Level 4,Urban,1–24%,christo mokoena,CHRISTOMOKOENA@GMAIL.COM,0725632019
2025-07-03 07:55:03,Ntombi Petersen,Northstar Distributors Group,2009/521194/07,Manufacturing,Gauteng,"1335 Biko Crescent, Witbank",4760000________,Witbank ,Working Capital,Purchase of a delivery vehicle and cold storage unit,R501K to R1M,R5 000 001 to R10M,5948479________,Commercial cleaning and hygiene services for offices and factories ,45.0,13.0,6,0%,100%,100%,Level 1,Urban,0%,ntombi petersen,ntombipetersen293@mweb.co.za,+27820629613
2025-09-22 00:56:39,Ashwin Mabena,Mabena Logistics,2024/412868/07,Agriculture - Primary ,Gauteng,"2715 Buitenkant Street, Worcester",9160000________,Worcester,Working Capital,"Use of Funds
1.	Equipment purchase
2.	Staff expansion
3.	Marketing
",R1 000 001 to R5M,R1 000 001 to R5M,3054907________,,4.0,2.0,1,0%,100%,100%,Level 1,Urban,0%,ashwin mabena,ashwinmabena@icloud.com,+27880726624
2025-09-23 06:52:16,Andile Plessis ,Plessis Agri,2010/271416/07,Waste Management,Limpopo,"1250 Long Street, Centurion",180000_________,Centurion,Working Capital,Stock purchase and general operational funding ,0 to R500K,0 to R500K,0______________,,4.0,1.0,100% black woman owned ,0%,0%,100%,Level 1,Township,0%,Andile Plessis,andileplessis@yahoo.com,+27741229600
2025-07-14 19:59:30,Thandeka Pretorius ,Summit Services CC,2016/456693/07,Hospitality,Gauteng,"1829 Rissik Way, Pretoria ",8050000________,Pretoria,Equity,To upgrade our machinery and improve turnaround times.,0 to R500K,R501K to R1M,0______________,Logistics company transporting goods between major metros. ,4.0,3.0,1,100%,100%,100%,Level 1,Urban,0%,Thandeka Pretorius,thandekapretorius@mweb.co.za,+27696627409
2025-07-31 01:58:36,Deon Rakoma,Iron Gate Media,2025/118977/07,Agriculture - Primary ,Limpopo,"2125 Pretorius Way, Randburg ",19940000_______,Randburg,Debt & Equity;Working Capital,Expansion into a second branch and hiring of staff ,R1 000 001 to R5M,R1 000 001 to R5M,0______________,Solar installation business serving residential and small commercial clients ,41.0,2.0,6,0%,100%,100%,Level 1,Township,0%,Deon Rakoma,deonrakoma@gmail.com,+27 87 812 7130
2025-07-12 01:49:33,Khanyisile Hendricks,Hendricks Group (Pty) Ltd,2013/374971/07,Manufacturing,Limpopo,"2342 Voortrekker Road, Bloemfontein",1320000________,Bloemfontein,Purchase Order Funding;Working Capital,"Use of Funds
1.	Equipment purchase
2.	Staff expansion
3.	Marketing
",R501K to R1M,R501K to R1M,878151_________,,2.0,6.0,1,25–49%,0%,100%,Level 1,Urban,0%,Khanyisile Hendricks,khanyisilehendricks857@mweb.co.za,+27796859975
2025-08-30 21:04:19,Anisha Daniels,Pioneer Solutions,,Manufacturing,Western Cape,"3100 Main Drive, Bloemfontein",3750000________,Bloemfontein,Working Capital,To increase production and take on larger supply contracts ,0 to R500K,0 to R500K,0______________,A tourism operator offering guided township and heritage tours,4.0,3.0,1,50–74%,0%,100%,Level 1,Urban,0%,Anisha Daniels,anishadaniels@webmail.co.za,+27895185151
2025-09-08 18:52:55,Sibusiso Venter,Venter Consulting ,2019/114455/07,Agriculture - Primary ,Gauteng,"2264 Acacia Avenue, SPRINGS",5290000________,SPRINGS,Invoice Financing;Working Capital,Purchase of a delivery vehicle and cold storage unit,R1 000 001 to R5M,R1 000 001 to R5M,2115413________,Logistics company transporting goods between major metros. ,4.0,,1,0%,50–74%,100%,Level 1,Rural,0%,Sibusiso Venter,sibusisoventer700@icloud.com,+27 66 194 1158
2025-08-15 18:35:33,Rukaya Fortuin,Thuso Group,2012/530451/07,Mining,Western Cape,"1653 Jakaranda Lane, Paarl",10000__________,Paarl ,Purchase Order Funding;Working Capital,Bridging finance while awaiting payment from government contracts,0 to R500K,0 to R500K,1276___________,Logistics company transporting goods between major metros. ,4.0,5.0,one,0%,100%,100%,Level 1,Urban,0%,Rukaya Fortuin,rukayafortuin@gmail.com,+27820535118
2025-08-13 00:29:52,Nomsa Ramaphakela,Fairview Services,2025/903496/07,Tourism,Gauteng,"542 Main Drive, Klerksdorp",80000__________,Klerksdorp,Working Capital;Other (Please specify),Working capital to fulfil confirmed purchase orders,0 to R500K,0 to R500K,12832__________,Commercial cleaning and hygiene services for offices and factories ,9.0,17.0,2,0%,100%,100%,Level 1,Rural,0%,nomsa ramaphakela,nomsaramaphakela995@gmail.com,+27 73 924 8416
2025-07-05 13:24:56,Musa Plessis ,Lesedi Transport Group ,2016/861586/07,Automotive,Gauteng,"1018 Loop Avenue, Gqeberha","1,5m",Gqeberha,Purchase Order Funding,Stock purchase and general operational funding ,0 to R500K,0 to R500K,225300_________,We grow and pack vegetables for regional wholesalers and retailers.,1.0,4.0,2,25–49%,50–74%,100%,Level 1,Urban,0%,Musa Plessis,musaplessis@webmail.co.za,+27680201511
2025-08-22 22:54:52,Karin Du ,Catalyst Logistics (Pty) Ltd,2008/621626/07,Engineering & Construction,Gauteng,"846 Kingfisher Lane, Mahikeng",570000_________,Mahikeng,Working Capital;Other (Please specify),Operational funding ,0 to R500K,R501K to R1M,479005_________,Civil engineering contractor focused on roads and stormwater projects ,2.0,4.0,1,100%,100%,100%,Level 1,Township,0%,Karin Du,karindu223@webmail.co.za,+27874911642
2025-07-16 04:56:40,Jaco Maharaj,Umlambo Media Pty Ltd,2016/687991/07,Education,Western Cape,"1992 Buitenkant Street, centurion",30000__________,centurion,Purchase Order Funding;Working Capital,To increase production and take on larger supply contracts ,0 to R500K,0 to R500K,42856__________,A family-run bakery supplying schools and local retailers. ,5.0,3.0,4,25–49%,0%,100%,Level 1,Township,0%,jaco maharaj,jacomaharaj@icloud.com,+27833017788
2025-09-24 10:31:14,Priya Jacobs,FYNBOS LOGISTICS GROUP ,2024/696674/07,Manufacturing,KZN,"1203 Jan Smuts Avenue, Uitenhage ",70000__________,Uitenhage ,Working Capital,Expansion into a second branch and hiring of staff ,0 to R500K,0 to R500K,22686__________,Logistics company transporting goods between major metros. ,5.0,1.0,3,100%,0%,100%,Level 1,Urban,0%,Priya Jacobs,priyajacobs@yahoo.com,0861795932
2025-09-24 02:59:07,Sibusiso Shabalala,Shabalala Technologies (Pty) Ltd,2010/626051/07,Retail & Wholesale,Gauteng,"1501 Protea Lane, Khayelitsha",77400000_______,Khayelitsha,Purchase Order Funding,Operational funding ,R1 000 001 to R5M,R10 000 001 to R20M,0______________,Independent pharmacy and primary healthcare clinic serving a rural community,23.0,17.0,2,0%,0%,100%,Level 1,Urban,0%,Sibusiso Shabalala,sibusisoshabalala@gmail.com,0879554273
2025-08-02 20:47:03,Lwazi Ramaphakela,Ramaphakela Consulting Pty Ltd,2017/504031/07,Information & Communication Technology,Gauteng,"3040 Buitenkant Drive, Midrand",2080000________,Midrand ,Working Capital,"Marketing, customer acquisition and website development ",0 to R500K,0 to R500K,91249__________,We grow and pack vegetables for regional wholesalers and retailers.,6.0,10.0,1,0%,100%,100%,Level 2,Urban,0%,Lwazi Ramaphakela,lwaziramaphakela@yahoo.com,0691147741
2025-06-27 20:46:55,Siyabonga Ndlovu,Ndlovu Civils Group,2025/943724/07,Hospitality,Limpopo,"3025 Biko Crescent, Rustenburg",590000_________,Rustenburg,Working Capital,To increase production and take on larger supply contracts ,0 to R500K,0 to R500K,97864__________,A family-run bakery supplying schools and local retailers. ,0.0,13.0,2,100%,0%,50–74%,Level 1,Rural,0%,Siyabonga Ndlovu,siyabongandlovu@gmail.com,+27743052640
2025-08-25 00:45:15,Jabulani Singh,Riverstone Enterprises,2012/863753/07 ,Education,Gauteng,"801 Pretorius Avenue, Bloemfontein",17100000_______,Bloemfontein,Purchase Order Funding,Bridging finance while awaiting payment from government contracts,R20 000 001 to R50M,R20 000 001 to R50M,28494093_______,We run a driving school and provide learner licence training.,19.0,11.0,2,100%,25–49%,100%,Level 2,Urban,0%,Jabulani Singh,jabulanisingh@gmail.com,+27797944336
2025-06-27 04:29:34,Reshma Dlamini,Oakridge Civils,2014/821226/07,Transportation and Logistics,KZN,"744 Mandela Lane, Benoni",4300000________,Benoni,Working Capital,"Marketing, customer acquisition and website development ",0 to R500K,0 to R500K,320520_________,Solar installation business serving residential and small commercial clients ,4.0,2.0,4,0%,0%,100%,Level 8,Rural,25–49%,Reshma Dlamini,reshmadlamini@gmail.com,+27865239324
2025-07-22 20:37:45,Ravi Singh,Clear Water Logistics Pty Ltd,2014/434296/07,Engineering & Construction,Western Cape,"2464 Kingfisher Street, Giyani",10000__________,Giyani,Debt & Equity,To grow the business ,0 to R500K,0 to R500K,19256__________,Catering and events business servicing corporate functions.,6.0,1.0,2,25–49%,100%,100%,Level 1,Rural,1–24%,Ravi Singh,ravisingh433@gmail.com,+27832532583
2025-09-05 01:41:25,Aisha Steyn,Greenfield Projects CC,2018 / 533364 / 07,Manufacturing,Limpopo,"1037 Marula Road, EMALAHLENI",14800000_______,EMALAHLENI,Working Capital,"Use of Funds
1.	Equipment purchase
2.	Staff expansion
3.	Marketing
",0 to R500K,0 to R500K,436398_________,,1.0,2.0,1,25–49%,50–74%,100%,Level 1,Urban,1–24%,Aisha Steyn,aishasteyn109@webmail.co.za,+27767193358
2025-07-19 11:09:39,Hendrik Daniels,Daniels Investments,2009/870527/07,Textiles,Western Cape,"1807 Voortrekker Avenue, Upington",4640000________,Upington ,Working Capital,Working capital to fulfil confirmed purchase orders,R1 000 001 to R5M,R1 000 001 to R5M,1855670________,We manufacture and supply steel components to construction contractors.,17.0,4.0,2,1–24%,0%,100%,Level 1,Township,0%,Hendrik Daniels,hendrikdaniels@webmail.co.za,065 934 7586
2025-08-24 07:18:48,Anisha Mnisi,Amandla Agri Group,2021/643656/07,Retail & Wholesale,Gauteng,"1200 Long Crescent, Centurion",14490000_______,Centurion,Equity,Bridging finance while awaiting payment from government contracts,0 to R500K,R1 000 001 to R5M,2414842________,Solar installation business serving residential and small commercial clients ,20.0,10.0,1,0%,100%,25–49%,Level 1,Rural,0%,Anisha Mnisi,ANISHAMNISI@OUTLOOK.COM,0821656043
2025-08-12 23:56:47,Kagiso Daniels ,Summit Logistics Group,Summit Logistics Group ,Manufacturing,Limpopo,"2333 Rivonia Street, gqeberha ",270000_________,gqeberha,Invoice Financing,Expansion into a second branch and hiring of staff ,0 to R500K,0 to R500K,268898_________,Logistics company transporting goods between major metros. ,4.0,3.0,1,50–74%,50–74%,100%,Level 1,Township,0%,Kagiso Daniels,KAGISODANIELS965@GMAIL.COM,+27686625396
2025-08-03 11:17:16,Ashwin Ndlovu,Northstar Technologies CC,2023/866860/07,Healthcare & Biotechnology,Western Cape,"192 Biko Way, Klerksdorp",4410000________,Klerksdorp ,Purchase Order Funding,To increase production and take on larger supply contracts ,0 to R500K,0 to R500K,0______________,Logistics company transporting goods between major metros. ,,4.0,1,25–49%,1–24%,100%,Level 1,Rural,0%,Ashwin Ndlovu,ashwinndlovu@outlook.com,+27 61 629 6941
2025-08-20 07:15:27,Riyaad Sithole,Blue Crane Projects,2022/626229/07,Hospitality,Gauteng,"1324 Jakaranda Way, Benoni",1860000________,Benoni,Other (Please specify),Bridging finance while awaiting payment from government contracts,R501K to R1M,R501K to R1M,618365_________,Catering and events business servicing corporate functions.,6.0,6.0,6,75–99%,0%,100%,Level 1,Urban,0%,Riyaad Sithole,riyaadsithole616@gmail.com,+27740634096
2025-07-29 16:10:36,Fatima Zwane,Bright Path Engineering Pty Ltd,2025/841156/07,Tourism,Limpopo,"2728 Biko Drive, PORT ELIZABETH",2050000________,PORT ELIZABETH,Working Capital,"Use of Funds
1.	Equipment purchase
2.	Staff expansion
3.	Marketing
",R1 000 001 to R5M,R1 000 001 to R5M,2565275________,Independent pharmacy and primary healthcare clinic serving a rural community,19.0,7.0,3,1–24%,100%,100%,Level 1,Rural,0%,Fatima Zwane,fatimazwane@gmail.com,+27761633281
2025-06-27 22:01:36,Bianca Mnisi,Beacon Logistics CC,,Waste Management,Gauteng,"2926 Voortrekker Drive, Klerksdorp",250000_________,Klerksdorp ,Debt,Working capital to fulfil confirmed purchase orders,0 to R500K,0 to R500K,273____________,A tourism operator offering guided township and heritage tours,4.0,3.0,4,0%,100%,100%,Level 1,Rural,0%,Bianca Mnisi,biancamnisi@gmail.com,064 915 1756
2025-07-17 08:47:04,Imran Jacobs ,Marula Construction Group,2008/242263/07,Hospitality,Gauteng,"72 Long Street, Uitenhage",1150000________,,Other (Please specify),Expansion into a second branch and hiring of staff ,0 to R500K,R501K to R1M,574268_________,We recycle plastic waste and sell processed pellets to manufacturers.,4.0,62.0,one,100%,0%,50–74%,Level 1,Urban,0%,imran jacobs,imranjacobs@gmail.com,+27655608538
2025-09-14 04:55:56,Musa Rakoma ,Vuka Distributors,2025/315899/07,Transportation and Logistics,Gauteng,"1116 Main Lane, Ladysmith",250000_________,Ladysmith,Working Capital,To upgrade our machinery and improve turnaround times.,0 to R500K,0 to R500K,3600___________,We grow and pack vegetables for regional wholesalers and retailers.,3.0,1.0,1,100%,100%,100%,Level 1,Urban,0%,Musa Rakoma,musarakoma888@mweb.co.za,+27652113793
2025-07-29 03:16:46,Refilwe Joubert,Joubert Distributors Pty Ltd ,Joubert Distributors Pty Ltd,Financial Services,Gauteng,"2493 Voortrekker Street, Mbombela ",4430000________,Mbombela,Working Capital,Expansion into a second branch and hiring of staff ,R1 000 001 to R5M,R5 000 001 to R10M,0______________,We supply and install security systems and CCTV. ,10.0,5.0,2,50–74%,0%,100%,Level 1,Rural,0%,Refilwe Joubert,refilwejoubert@gmail.com,+27746783450
2025-08-03 08:50:10,Jabulani Rakoma,Karoo Media,2009/314093/07,Textiles,Gauteng,"3057 Biko Way, paarl",290000_________,paarl ,Working Capital,"Raw materials, tooling and factory rental for the next 12 months",0 to R500K,0 to R500K,367095_________,A family-run bakery supplying schools and local retailers. ,4.0,2.0,6,100%,100%,100%,Level 7,Rural,0%,Jabulani Rakoma,jabulanirakoma819@gmail.com,071 175 3440
2025-07-08 02:07:34,Marius Jacobs,Jacobs Holdings,2009/130425/07,Engineering & Construction,Gauteng,"3157 Pretorius Way, Tembisa ",50000__________,Tembisa ,Debt;Purchase Order Funding,To increase production and take on larger supply contracts ,0 to R500K,0 to R500K,11391__________,Logistics company transporting goods between major metros. ,3.0,2.0,5,50–74%,0%,100%,Level 1,Township,0%,Marius Jacobs,mariusjacobs491@gmail.com,+27686201565
2025-07-15 02:24:42,Sanjay Pillay ,Blue Crane Services,201031408407,Waste Management,Western Cape,"663 Jakaranda Street, Kimberley",250000_________,Kimberley,Equity;Working Capital,To buy additional equipment and expand production capacity,0 to R500K,0 to R500K,19_____________,We supply and install security systems and CCTV. ,1.0,14.0,1,0%,50–74%,100%,Level 1,Rural,0%,Sanjay Pillay,sanjaypillay@yahoo.com,+27627861006
2025-08-07 22:01:20,Marlize Solomons,Solomons Technologies,2022/540412/07,Education,Limpopo,"2770 Jakaranda Drive, cape town",170000_________,cape town,Other (Please specify),"Marketing, customer acquisition and website development ",0 to R500K,R501K to R1M,566620_________,,3.0,5.0,3,100%,50–74%,100%,Level 1,Urban,0%,Marlize Solomons,marlizesolomons38@outlook.com,+27764085015
2025-07-24 13:17:22,Willem Petersen ,Summit Construction (Pty) Ltd,201414823207,Transportation and Logistics,Limpopo,"1491 Rissik Way, Newcastle",15120000,Newcastle,Working Capital,"Marketing, customer acquisition and website development ",0 to R500K,0 to R500K,351655_________,Civil engineering contractor focused on roads and stormwater projects ,10.0,7.0,2,0%,25–49%,100%,Level 1,Township,0%,willem petersen,willempetersen@outlook.com,+27864019427
2025-07-01 15:25:27,Annelie Nkosi,Nkosi Construction,202337239107,Engineering & Construction,Mpumalanga,"1663 Biko Drive, Benoni ",70000__________,,Debt,To upgrade our machinery and improve turnaround times.,0 to R500K,0 to R500K,43485__________,We recycle plastic waste and sell processed pellets to manufacturers.,4.0,,6,100%,1–24%,100%,Level 1,Urban,0%,Annelie Nkosi,annelienkosi@yahoo.com,079 551 6697
2025-07-04 17:26:33,Ruan Coetzee,COETZEE DISTRIBUTORS GROUP ,2012/902411/07 ,Mining,Western Cape,"293 Main Street, Uitenhage",410000_________,Uitenhage ,Invoice Financing,To upgrade our machinery and improve turnaround times.,0 to R500K,0 to R500K,0______________,We manufacture and supply steel components to construction contractors.,3.0,1.0,3,0%,0%,100%,Level 1,Urban,0%,Ruan Coetzee,ruancoetzee35@mweb.co.za,+27 79 983 8775
2025-08-24 00:15:43,Vikash Mkhize,Mkhize Group,2025/104662/07,Information & Communication Technology,Mpumalanga,"496 Umgeni Way, Pretoria",20000__________,Pretoria,,Purchase of a delivery vehicle and cold storage unit,0 to R500K,0 to R500K,1771___________,We manufacture and supply steel components to construction contractors.,,6.0,2,0%,100%,100%,Level 1,Township,0%,Vikash Mkhize,vikashmkhize@webmail.co.za,+27743077213
2025-06-27 06:59:06,Marius Maharaj,Protea Manufacturing,2010/876123/07,Tourism,Western Cape,"2740 Rivonia Lane, Welkom ",71800000_______,Welkom,Debt & Equity,Stock purchase and general operational funding ,R5 000 001 to R10M,R5 000 001 to R10M,0______________,We recycle plastic waste and sell processed pellets to manufacturers.,11.0,22.0,3,0%,50–74%,100%,Level 8,Township,0%,marius maharaj,mariusmaharaj162@outlook.com,+27 86 995 0747
2025-08-17 19:11:05,Nokuthula Tshabalala,TSHABALALA HOLDINGS,2014/333980/07,Manufacturing,Gauteng,"2770 Tambo Lane, Sasolburg",70000__________,Sasolburg,Purchase Order Funding;Working Capital,Expansion into a second branch and hiring of staff ,0 to R500K,0 to R500K,26710__________,We run a driving school and provide learner licence training.,1.0,1.0,10,100%,100%,100%,Level 1,Rural,0%,Nokuthula Tshabalala,nokuthulatshabalala631@gmail.com,+27 87 265 7105
2025-07-28 12:51:37,Anisha Nel,Summit Distributors ,2021/965639/07 ,Information & Communication Technology,Limpopo,"1231 Biko Drive, Vereeniging",19260000_______,Vereeniging ,Other (Please specify),Bridging finance while awaiting payment from government contracts,0 to R500K,R501K to R1M,0______________,Catering and events business servicing corporate functions.,3.0,7.0,10,25–49%,100%,100%,Level 1,Township,0%,anisha nel,anishanel@yahoo.com,0692127148
2025-08-08 02:31:10,Nisha Mthembu,Mthembu Enterprises,2013 / 198002 / 07 ,Entertainment and Media,Western Cape,"1129 Protea Way, Sandton",40000__________,Sandton,Debt & Equity,"Marketing, customer acquisition and website development ",0 to R500K,0 to R500K,42075__________,Civil engineering contractor focused on roads and stormwater projects ,9.0,3.0,1,100%,25–49%,100%,Level 1,Township,0%,Nisha Mthembu,nishamthembu608@gmail.com,+27673180426
2025-09-13 15:29:24,Lerato Shabalala,Shabalala Enterprises (Pty) Ltd ,2022/511071/07,Entertainment and Media,Western Cape,"2845 Aloe Way, Polokwane",1320000________,Polokwane,Equity;Working Capital,Working capital to fulfil confirmed purchase orders,R501K to R1M,R501K to R1M,527781_________,Independent pharmacy and primary healthcare clinic serving a rural community,2.0,17.0,3,0%,100%,100%,Level 1,Township,0%,Lerato Shabalala,leratoshabalala939@mweb.co.za,+27854060835
2025-09-12 17:40:24,Lindiwe Sithole ,Ubuntu Solutions,2010/145706/07,Hospitality,Gauteng,"882 Main Street, Tembisa",250000_________,Tembisa,Other (Please specify),"Raw materials, tooling and factory rental for the next 12 months",0 to R500K,0 to R500K,1722___________,We supply and install security systems and CCTV. ,3.0,2.0,4,0%,50–74%,100%,Level 1,Township,25–49%,Lindiwe Sithole,lindiwesithole@outlook.com,0876609472
2025-07-10 21:13:57,Zodwa Wyk ,Wyk Media,2020/354466/07,Manufacturing,Gauteng,"3125 Long Crescent, Centurion",250000_________,Centurion,Equity;Working Capital,Operational funding ,0 to R500K,0 to R500K,416____________,Civil engineering contractor focused on roads and stormwater projects ,2.0,11.0,6,0%,0%,100%,Level 1,Urban,0%,zodwa wyk,zodwawyk944@gmail.com,+27 61 993 4158
2025-07-09 19:14:11,Sizwe Sithole,Sithole Manufacturing CC ,2013/500764/07,Financial Services,Western Cape,"1598 Biko Avenue, Sandton",3810000________,Sandton,Other (Please specify),Working capital to fulfil confirmed purchase orders,0 to R500K,R501K to R1M,635607_________,,2.0,2.0,6,0%,0%,0%,Level 1,Rural,0%,Sizwe Sithole,sizwesithole@yahoo.com,0817541932
2025-08-09 11:03:38,Dineo Wyk,WYK TECHNOLOGIES (PTY) LTD ,2021/895476/07,,Western Cape,"2069 Kingfisher Lane, Sasolburg ",260000_________,Sasolburg,,To grow the business ,0 to R500K,0 to R500K,220448_________,We provide ICT support and cloud services to small businesses in the province.,,1.0,2,0%,0%,100%,Level 1,Township,0%,dineo wyk,dineowyk783@icloud.com,061 395 7977
2025-07-29 07:18:18,Annelie Ngcobo,Silver Oak Transport CC,2020/675791/07,Retail & Wholesale,North West,"1751 Biko Crescent, Pretoria ",2290000________,Pretoria,Working Capital,To buy additional equipment and expand production capacity,0 to R500K,0 to R500K,0______________,We recycle plastic waste and sell processed pellets to manufacturers.,2.0,3.0,2,1–24%,100%,100%,Level 1,Urban,0%,Annelie Ngcobo,anneliengcobo528@gmail.com,+27 74 273 3560
2025-07-16 01:08:56,Ntombi Molefe ,Fynbos Investments CC,2008/953373/07,Hospitality,Western Cape,"1488 Jakaranda Street, Durban",16390000_______,Durban,Debt & Equity;Invoice Financing,To buy additional equipment and expand production capacity,R501K to R1M,R501K to R1M,38600400228____,Civil engineering contractor focused on roads and stormwater projects ,1.0,7.0,4,50–74%,100%,100%,Level 1,Township,0%,Ntombi Molefe,ntombimolefe@mweb.co.za,0637454268
2025-09-22 16:01:21,Deon Rakoma,Sunrise Consulting Group,2008/504742/07,Mining,KZN,"2086 Sisulu Crescent, Pretoria",2840000________,Pretoria,Debt & Equity,"Purchase of farming implements, seed and irrigation infrastructure",R501K to R1M,R5 000 001 to R10M,4732885________,We recycle plastic waste and sell processed pellets to manufacturers.,6.0,3.0,6,0%,0%,100%,Level 1,Township,0%,Deon Rakoma,deonrakoma@gmail.com,+27623142471
2025-08-08 03:50:26,Reshma Zwane,Fynbos Technologies,2012/147536/07,Business Services (Agency & Consultancy),Limpopo,"1763 Jan Smuts Drive, Mthatha",40000__________,Mthatha,Equity,To upgrade our machinery and improve turnaround times.,0 to R500K,0 to R500K,44259__________,We run a driving school and provide learner licence training.,1.0,4.0,Fynbos Technologies,50–74%,50–74%,100%,Level 1,Rural,0%,Reshma Zwane,reshmazwane@webmail.co.za,+27716068745
2025-07-01 00:06:03,Kgomotso Venter,Venter Enterprises CC,2023/301750/07,Healthcare & Biotechnology,Western Cape,"2178 Rissik Avenue, Thohoyandou",290000_________,Thohoyandou,Debt,To upgrade our machinery and improve turnaround times.,0 to R500K,0 to R500K,114488_________,Catering and events business servicing corporate functions.,3.0,4.0,2,25–49%,50–74%,100%,Level 1,Rural,0%,kgomotso venter,kgomotsoventer@gmail.com,+27790319171
2025-09-12 05:33:39,Zodwa Rakoma,Baobab Investments ,2020/191507/07,Manufacturing,Mpumalanga,"868 Voortrekker Road, Kimberley",100000_________,Kimberley,Debt & Equity,"Purchase of farming implements, seed and irrigation infrastructure",0 to R500K,0 to R500K,2404___________,Logistics company transporting goods between major metros. ,9.0,4.0,1,75–99%,100%,100%,Level 1,Township,0%,Zodwa Rakoma,zodwarakoma@yahoo.com,+27 85 975 1680
2025-08-16 17:29:51,Siyabonga Mashaba,Mashaba Media,2009/518161/07,Tourism,Western Cape,"1241 Commissioner Way, Welkom",250000_________,Welkom,Equity,Working capital to fulfil confirmed purchase orders,0 to R500K,0 to R500K,119____________,Commercial cleaning and hygiene services for offices and factories ,3.0,4.0,10,0%,0%,100%,Level 1,Rural,0%,Siyabonga Mashaba,siyabongamashaba@gmail.com,+27656665859
2025-08-21 10:15:02,Elmarie Sithole,Stone Bridge Distributors (Pty) Ltd,2015/224897/07,Engineering & Construction,Western Cape,"3017 Umgeni Lane, Upington",330000_________,Upington,Working Capital,"Raw materials, tooling and factory rental for the next 12 months",0 to R500K,0 to R500K,109943_________,We run a driving school and provide learner licence training.,4.0,5.0,10,100%,0%,100%,Level 1,Township,0%,elmarie sithole,elmariesithole@gmail.com,+27861310573
2025-09-23 18:24:51,Nokuthula Khumalo,Khumalo Construction (Pty) Ltd,2017/167282/07,Manufacturing,Gauteng,"600 Tambo Way, Roodepoort ",120000_________,Roodepoort,Working Capital,"Marketing, customer acquisition and website development ",0 to R500K,0 to R500K,20328__________,We recycle plastic waste and sell processed pellets to manufacturers.,1.0,21.0,5,100%,0%,100%,Level 1,Township,0%,nokuthula khumalo,nokuthulakhumalo@gmail.com,0823494009
2025-09-02 21:04:45,Pieter Shabalala,Ubuntu Construction,,Energy,Gauteng,"2596 Buitenkant Drive, soweto",550000_________,soweto,Working Capital,"Use of Funds
1.	Equipment purchase
2.	Staff expansion
3.	Marketing
",0 to R500K,0 to R500K,183597_________,,1.0,2.0,1,0%,1–24%,100%,Level 1,Township,0%,pieter shabalala,pietershabalala872@icloud.com,0681626660
2025-08-24 03:07:09,Khanyisile Mkhize,Apex Civils (Pty) Ltd,,Business Services (Agency & Consultancy),Gauteng,"979 Rissik Street, Sasolburg",4960000________,Sasolburg,Other (Please specify),Working capital to fulfil confirmed purchase orders,0 to R500K,R1 000 001 to R5M,2480757________,We design and sew corporate uniforms and protective clothing.,20.0,1.0,1,50–74%,100%,100%,Level 3,Urban,0%,khanyisile mkhize,khanyisilemkhize@yahoo.com,+27662613350
2025-07-03 23:43:55,Palesa Van,Kalahari Trading,2019/983545/07,Information & Communication Technology,Mpumalanga,"1284 Acacia Avenue, Bloemfontein",390000_________,Bloemfontein,Working Capital,Stock purchase and general operational funding ,0 to R500K,0 to R500K,154410_________,Commercial cleaning and hygiene services for offices and factories ,1.0,0.0,1,100%,0%,100%,Level 1,Urban,0%,Palesa Van,palesavan@gmail.com,0670971728
2025-09-03 04:37:06,Yusuf Motaung ,Motaung Foods,2018/380554/07,Healthcare & Biotechnology,Limpopo,"407 Mandela Crescent, Pretoria",120000_________,Pretoria ,Equity,To upgrade our machinery and improve turnaround times.,0 to R500K,0 to R500K,237438_________,We run a driving school and provide learner licence training.,12.0,7.0,10,100%,0%,100%,Level 3,Urban,0%,Yusuf Motaung,yusufmotaung36@mweb.co.za,+27759585396
2025-07-08 09:01:24,Lerato Botha,Botha Media Pty Ltd ,2011/131075/07,Mining,Mpumalanga,"3140 Protea Road, Bloemfontein ",10000__________,Bloemfontein,,Purchase of a delivery vehicle and cold storage unit,0 to R500K,0 to R500K,0______________,,,3.0,5,25–49%,0%,100%,Level 1,Urban,0%,lerato botha,leratobotha@gmail.com,0759579851
2025-07-02 18:09:04,Yusuf Mokoena ,Copper Leaf Technologies ,2021/188505/07,Agriculture - Primary ,Western Cape,"2879 Tambo Drive, Nelspruit",420000_________,Nelspruit,Other (Please specify),Operational funding ,0 to R500K,0 to R500K,0______________,,1.0,7.0,6,100%,100%,50–74%,Level 2,Township,0%,Yusuf Mokoena,YUSUFMOKOENA@YAHOO.COM,+27617301301
2025-07-06 14:23:43,Jabulani Ngcobo,Thuso Engineering,2017/348475/07,Healthcare & Biotechnology,Western Cape,"1753 Loop Street, Klerksdorp",100000_________,Klerksdorp,Working Capital,"Use of Funds
1.	Equipment purchase
2.	Staff expansion
3.	Marketing
",0 to R500K,0 to R500K,0______________,We recycle plastic waste and sell processed pellets to manufacturers.,1.0,2.0,1,100%,0%,100%,Level 1,Urban,0%,Jabulani Ngcobo,jabulaningcobo@gmail.com,084 139 7077
2025-08-07 05:31:32,Nosipho Rakoma,Rakoma Engineering ,2019/440589/07,Agriculture - Primary ,Gauteng,"317 Biko Lane, Upington",10130000_______,Upington,Purchase Order Funding,"Funding is required for equipment, training and certification.",R1 000 001 to R5M,R1 000 001 to R5M,3376429________,We provide ICT support and cloud services to small businesses in the province.,31.0,6.0,3,100%,100%,100%,Level 1,Rural,75–99%,Nosipho Rakoma,nosiphorakoma@yahoo.com,+27831551769
2025-07-11 08:45:17,Marius Fortuin,Fortuin Foods,2022/354816/07,,Western Cape,"870 Pretorius Avenue, Polokwane",11080000_______,Polokwane,Working Capital,To buy additional equipment and expand production capacity,R5 000 001 to R10M,R1 000 001 to R5M,4430577________,Catering and events business servicing corporate functions.,2.0,14.0,5,100%,100%,100%,Level 4,Urban,0%,Marius Fortuin,mariusfortuin@icloud.com,+27 74 071 6718
2025-07-04 16:41:55,Christo Nel ,Sunrise Investments Pty Ltd ,2017/444579/07,Information & Communication Technology,Western Cape,"1850 Rivonia Crescent, Paarl ",610000_________,Paarl,Debt & Equity;Working Capital,To buy additional equipment and expand production capacity,0 to R500K,R501K to R1M,767890_________,We supply and install security systems and CCTV. ,44.0,0.0,2,100%,0%,100%,Level 1,Township,0%,Christo Nel,christonel@gmail.com,0772387903
2025-07-02 06:35:10,Karin Ramaphakela,Sizani Foods,2013/712683/07,Education,Limpopo,"232 Kruger Street, MBOMBELA ",570000_________,MBOMBELA,Working Capital,Working capital to fulfil confirmed purchase orders,0 to R500K,0 to R500K,382210_________,A tourism operator offering guided township and heritage tours,3.0,3.0,2,100%,100%,1–24%,Level 1,Rural,0%,Karin Ramaphakela,karinramaphakela@outlook.com,+27 65 190 6535
2025-08-12 18:50:38,Faried Zulu ,Zulu Logistics ,2008/855942/07,Energy,Gauteng,"50 Sisulu Avenue, Midrand ",12090000_______,Midrand,Debt & Equity,To upgrade our machinery and improve turnaround times.,R10 000 001 to R20M,R10 000 001 to R20M,8057472________,Logistics company transporting goods between major metros. ,53.0,8.0,1,0%,100%,100%,Level 1,Township,0%,faried zulu,fariedzulu@yahoo.com,+27898558853
2025-08-01 06:42:35,Nosipho Zwane,Zwane Enterprises Group ,2011 / 944646 / 07,Hospitality,Gauteng,"700 Mandela Street, Mbombela",180000_________,Mbombela,Other (Please specify),Operational funding ,0 to R500K,0 to R500K,0______________,Independent pharmacy and primary healthcare clinic serving a rural community,1.0,1.0,2,1–24%,100%,100%,Level 1,Township,0%,Nosipho Zwane,nosiphozwane787@gmail.com,+27 73 964 3412
2025-07-18 23:46:51,Naledi Adams ,Northstar Engineering,2014/106907/07,Mining,Western Cape,"1113 Marula Avenue, Polokwane",100000_________,Polokwane,Other (Please specify),"Purchase of farming implements, seed and irrigation infrastructure",0 to R500K,0 to R500K,318444_________,Solar installation business serving residential and small commercial clients ,1.0,2.0,5,0%,0%,100%,Level 1,Township,1–24%,Naledi Adams,nalediadams@gmail.com,+27663607645
2025-07-03 05:48:30,Reshma Dlamini,Lesedi Projects,2016/742491/07,Retail & Wholesale,Western Cape,"1981 Rivonia Crescent, Mbombela",400000_________,Mbombela,Working Capital,Working capital to fulfil confirmed purchase orders,0 to R500K,R501K to R1M,663021_________,We grow and pack vegetables for regional wholesalers and retailers.,3.0,1.0,Lesedi Projects,100%,100%,100%,Level 1,Township,0%,Reshma Dlamini,reshmadlamini@gmail.com,+27790879136
2025-07-27 19:45:26,Sibusiso Nkosi ,Frontier Solutions,2023/327608/07,Agriculture - Secondary ,Gauteng,"2369 Long Lane, Paarl",110000_________,Paarl,Debt & Equity,To upgrade our machinery and improve turnaround times.,0 to R500K,0 to R500K,180996_________,Independent pharmacy and primary healthcare clinic serving a rural community,11.0,,4,0%,50–74%,100%,Level 1,Urban,0%,sibusiso nkosi,sibusisonkosi@webmail.co.za,+27675968771
2025-08-17 06:04:06,Rukaya Mkhize,Mkhize Trading (Pty) Ltd,2024/413802/07,Entertainment and Media,Gauteng,"2496 Buitenkant Drive, Centurion",250000_________,Centurion,Working Capital,Working capital to fulfil confirmed purchase orders,0 to R500K,0 to R500K,1______________,A tourism operator offering guided township and heritage tours,1.0,3.0,1,0%,100%,100%,Level 1,Urban,0%,rukaya mkhize,rukayamkhize@gmail.com,+27745963901
2025-09-02 21:02:07,Deepak Molefe,Sizani Civils Group,2018/215842/07,Healthcare & Biotechnology,Western Cape,"1047 Main Lane, Midrand",6670000________,,Debt,"Use of Funds
1.	Equipment purchase
2.	Staff expansion
3.	Marketing
",0 to R500K,0 to R500K,234366_________,Catering and events business servicing corporate functions.,,2.0,2,0%,100%,100%,Level 8,Township,0%,Deepak Molefe,deepakmolefe977@outlook.com,064 118 5818
2025-07-02 22:35:50,Suzette Molefe ,Molefe Construction,2020/152356/07,Engineering & Construction,Northern Cape,"745 Rissik Drive, Rustenburg",207870000______,Rustenburg,Working Capital;Other (Please specify),Bridging finance while awaiting payment from government contracts,R20 000 001 to R50M,R20 000 001 to R50M,0______________,Logistics company transporting goods between major metros. ,56.0,7.0,4,0%,0%,100%,Level 1,Urban,0%,Suzette Molefe,suzettemolefe@webmail.co.za,+27 71 448 6029
2025-07-27 04:13:51,Khanyisile Coetzee,Coetzee Agri Pty Ltd ,2017/201911/07,Agriculture - Primary ,Gauteng,"176 Buitenkant Street, Khayelitsha ",150000_________,Khayelitsha,Equity,"Raw materials, tooling and factory rental for the next 12 months",0 to R500K,0 to R500K,24764__________,We run a driving school and provide learner licence training.,2.0,7.0,6,75–99%,0%,100%,Level 1,Urban,0%,Khanyisile Coetzee,khanyisilecoetzee@yahoo.com,+27 83 140 8580
2025-08-09 03:09:32,Lindiwe Mokoena ,Copper Leaf Civils,,Agriculture - Primary ,Limpopo,"2852 Aloe Lane, Khayelitsha",60000__________,Khayelitsha ,,Expansion into a second branch and hiring of staff ,0 to R500K,0 to R500K,9315___________,,10.0,0.0,1,0%,0%,100%,Level 1,Urban,0%,Lindiwe Mokoena,lindiwemokoena786@mweb.co.za,+27871725667
2025-09-10 22:53:09,Bongani Botha,VANTAGE FOODS ,2023/875891/07,Engineering & Construction,Western Cape,"2210 Marula Lane, Port Elizabeth",2810000________,Port Elizabeth,Debt,"Use of Funds
1.	Equipment purchase
2.	Staff expansion
3.	Marketing
",0 to R500K,0 to R500K,65594__________,Catering and events business servicing corporate functions.,5.0,11.0,one,75–99%,50–74%,100%,Level 8,Township,0%,bongani botha,bonganibotha@gmail.com,0796694101
2025-07-24 12:15:49,Zanele Maharaj,Maharaj Enterprises ,2024 / 714431 / 07,Business Services (Agency & Consultancy),Gauteng,"2344 Umgeni Road, BENONI",4810000________,BENONI,Equity;Working Capital,Working capital to fulfil confirmed purchase orders,R10 000 001 to R20M,R10 000 001 to R20M,0______________,We manufacture and supply steel components to construction contractors.,,7.0,3,100%,100%,100%,Level 1,Urban,0%,zanele maharaj,ZANELEMAHARAJ@GMAIL.COM,+27681614182
2025-09-02 19:00:51,Marlize Mabaso,Mabaso Services,2012/657677/07,Tourism,Mpumalanga,"835 Marula Road, George",1011_0000______,,Working Capital,"Funding is required for equipment, training and certification.",R1 000 001 to R5M,R5 000 001 to R10M,0______________,Independent pharmacy and primary healthcare clinic serving a rural community,20.0,13.0,3,25–49%,100%,100%,Level 1,Rural,0%,Marlize Mabaso,marlizemabaso540@outlook.com,+27 87 253 0774
2025-07-30 08:42:18,Musa Solomons,Vantage Foods Group,2016/330324/07,Manufacturing,Limpopo,"2462 Acacia Street, Polokwane",1230000________,Polokwane ,Working Capital,Stock purchase and general operational funding ,R501K to R1M,R501K to R1M,491079_________,A family-run bakery supplying schools and local retailers. ,5.0,,1,100%,50–74%,100%,Level 1,Township,0%,Musa Solomons,musasolomons@gmail.com,+27 74 844 1973
2025-07-09 10:49:21,Rukaya Mabena ,Mabena Logistics,2020 / 882135 / 07,Retail & Wholesale,Limpopo,"906 Marula Crescent, Klerksdorp",14220000_______,Klerksdorp,Other (Please specify),To grow the business ,0 to R500K,R1 000 001 to R5M,1434074________,Catering and events business servicing corporate functions.,6.0,11.0,4,1–24%,0%,100%,Level 1,Urban,75–99%,Rukaya Mabena,RUKAYAMABENA@GMAIL.COM,+27634258375
2025-08-10 22:43:21,Mxolisi Mthembu,Meridian Transport,2021/489061/07,Agriculture - Primary ,Gauteng,"2616 Jakaranda Lane, MAHIKENG",800000_________,MAHIKENG,Purchase Order Funding;Working Capital,Working capital to fulfil confirmed purchase orders,0 to R500K,R501K to R1M,666368_________,We recycle plastic waste and sell processed pellets to manufacturers.,4.0,4.0,10,0%,0%,0%,Level 8,Township,0%,mxolisi mthembu,mxolisimthembu@gmail.com,+27 77 637 3037
2025-08-08 17:59:02,Shireen Cele,Catalyst Enterprises,2011/847043/07,Mining,Mpumalanga,"2835 Voortrekker Avenue, Tembisa ",20000__________,Tembisa,Other (Please specify),"Marketing, customer acquisition and website development ",0 to R500K,0 to R500K,0______________,Catering and events business servicing corporate functions.,0.0,12.0,5,100%,100%,100%,Level 1,Urban,0%,Shireen Cele,shireencele@gmail.com,+27660248438
2025-07-06 03:29:20,Nandi Rakoma ,Summit Media Group,2017 / 261738 / 07,Information & Communication Technology,Western Cape,"43 Jakaranda Lane, Upington ",630000_________,Upington,Equity;Working Capital,To grow the business ,R501K to R1M,R501K to R1M,632171_________,Solar installation business serving residential and small commercial clients ,1.0,6.0,4,0%,0%,100%,Level 1,Rural,0%,nandi rakoma,nandirakoma@icloud.com,+27637780052
2025-08-06 04:50:56,Nandi Botha,Bright Path Distributors,2017/705838/07,Entertainment and Media,Gauteng,"2942 Rissik Road, Cape Town",7930000________,Cape Town,Invoice Financing,"Use of Funds
1.	Equipment purchase
2.	Staff expansion
3.	Marketing
",R501K to R1M,R1 000 001 to R5M,0 to R500K,We recycle plastic waste and sell processed pellets to manufacturers.,11.0,4.0,100%,100%,0%,100%,Level 1,Township,0%,Nandi Botha,nandibotha902@webmail.co.za,+27892437389
2025-09-23 11:02:59,Adele Maharaj,Maharaj Media,,,Free State,"376 Kingfisher Way, Upington",1630000________,Upington,,Operational funding ,0 to R500K,0 to R500K,325872_________,,6.0,1.0,,0%,0%,0%,Level 1,Urban,0%,Adele Maharaj,adelemaharaj78@webmail.co.za,0757743299
2025-08-11 11:07:57,Sizwe Davids,Sunrise Projects ,200819341707,Entertainment and Media,Limpopo,"304 Church Road, Soweto",1510000________,Soweto,Debt & Equity,Working capital to fulfil confirmed purchase orders,0 to R500K,R501K to R1M,503124_________,A tourism operator offering guided township and heritage tours,5.0,,5,100%,1–24%,25–49%,Level 1,Township,0%,Sizwe Davids,sizwedavids@mweb.co.za,0613637063
2025-09-16 11:49:09,Kabelo Davids ,Davids Group,2019/596967/07,Hospitality,Western Cape,"3001 Sisulu Lane, Johannesburg",290000,Johannesburg,Working Capital,To upgrade our machinery and improve turnaround times.,0 to R500K,0 to R500K,363761_________,,1.0,0.0,3,100%,100%,25–49%,Level 1,Township,0%,kabelo davids,kabelodavids@gmail.com,+27621367536
2025-09-23 03:27:57,Yusuf Abrahams,Abrahams Manufacturing Pty Ltd,2009/655704/07,Engineering & Construction,Western Cape,"2962 Protea Road, Thohoyandou ",135610000______,Thohoyandou ,Debt,Bridging finance while awaiting payment from government contracts,R1 000 001 to R5M,R1 000 001 to R5M,3821763________,Civil engineering contractor focused on roads and stormwater projects ,6.0,1.0,2,100%,0%,25–49%,Level 1,Rural,0%,yusuf abrahams,yusufabrahams@webmail.co.za,+27854498756
2025-08-21 21:13:51,Yusuf Reddy,Nexus Enterprises CC ,2015/264935/07,Engineering & Construction,Limpopo,"2854 Kruger Way, Richards Bay",410000_________,Richards Bay ,Working Capital,Expansion into a second branch and hiring of staff ,0 to R500K,0 to R500K,101437_________,We manufacture and supply steel components to construction contractors.,3.0,2.0,10,25–49%,50–74%,100%,Level 1,Rural,0%,Yusuf Reddy,yusufreddy179@gmail.com,+27 81 171 8673
2025-09-18 20:22:29,Tariq Botha,Ubuntu Group,2018 / 446909 / 07,Energy,Limpopo,"72 Biko Crescent, worcester",250000_________,worcester ,Debt & Equity,Stock purchase and general operational funding ,0 to R500K,0 to R500K,0______________,We manufacture and supply steel components to construction contractors.,3.0,4.0,1,0%,100%,50–74%,Level 1,Urban,0%,Tariq Botha,tariqbotha705@icloud.com,0759994950
2025-07-24 23:52:10,Shireen Botha,Sizani Consulting,2013/798458/07,Manufacturing,Western Cape,"2061 Pretorius Street, Newcastle ",490000_________,Newcastle ,Other (Please specify),"Purchase of farming implements, seed and irrigation infrastructure",0 to R500K,0 to R500K,246838_________,We recycle plastic waste and sell processed pellets to manufacturers.,,6.0,100% black woman owned ,0%,0%,100%,Level 1,Rural,0%,shireen botha,shireenbotha@icloud.com,+27815725948
2025-09-18 02:13:25,Rukaya Daniels,Kalahari Holdings (Pty) Ltd,2014/200055/07,Mining,Limpopo,"931 Main Lane, Giyani",13880000_______,Giyani,Working Capital,Stock purchase and general operational funding ,R5 000 001 to R10M,R5 000 001 to R10M,6940341________,We provide ICT support and cloud services to small businesses in the province.,32.0,7.0,6,25–49%,100%,100%,Level 1,Township,0%,Rukaya Daniels,rukayadaniels@gmail.com,+27712307977
2025-09-13 17:17:50,Ayanda Du,Amandla Trading,2015/493929/07,Tourism,Gauteng,"1756 Biko Lane, Pretoria",100000_________,Pretoria ,Debt & Equity;Working Capital,"Use of Funds
1.	Equipment purchase
2.	Staff expansion
3.	Marketing
",0 to R500K,0 to R500K,51849__________,We recycle plastic waste and sell processed pellets to manufacturers.,9.0,2.0,3,0%,100%,100%,Level 2,Urban,0%,Ayanda Du,ayandadu@webmail.co.za,+27 78 856 3606
2025-08-12 11:37:47,Elmarie Davids,Thuso Media,201772720507,Transportation and Logistics,Gauteng,"3063 Loop Street, Sandton ",300000_________,Sandton,,Bridging finance while awaiting payment from government contracts,R501K to R1M,R501K to R1M,0______________,A tourism operator offering guided township and heritage tours,2.0,3.0,1,0%,100%,100%,Level 1,Township,0%,elmarie davids,elmariedavids@outlook.com,+27 63 289 7568
2025-07-29 17:39:35,Marius Mthembu,Mthembu Technologies Pty Ltd,2009 / 477823 / 07,Information & Communication Technology,Gauteng,"2185 Protea Drive, Kuruman",250000_________,Kuruman ,Working Capital,"Funding is required for equipment, training and certification.",0 to R500K,0 to R500K,1410___________,We design and sew corporate uniforms and protective clothing.,1.0,2.0,4,0%,0%,50–74%,Level 1,Urban,0%,Marius Mthembu,mariusmthembu@gmail.com,+27 78 608 8998
2025-08-14 20:03:01,Deon Joubert,Vertex Investments (Pty) Ltd,2018/143318/07,Automotive,Eastern Cape,"618 Church Drive, Mahikeng",410000_________,Mahikeng ,Invoice Financing;Working Capital,To increase production and take on larger supply contracts ,0 to R500K,R501K to R1M,513899_________,We recycle plastic waste and sell processed pellets to manufacturers.,4.0,18.0,1,50–74%,100%,100%,Level 1,Urban,0%,Deon Joubert,deonjoubert@gmail.com,+27751511069
2025-08-20 20:27:40,Lindiwe Joubert,Joubert Media ,2022/562239/07,Information & Communication Technology,Limpopo,"998 Aloe Road, East London",250000_________,East London,Debt & Equity;Working Capital,Purchase of a delivery vehicle and cold storage unit,0 to R500K,0 to R500K,2241___________,Independent pharmacy and primary healthcare clinic serving a rural community,6.0,3.0,3,0%,100%,100%,Level 1,Urban,0%,Lindiwe Joubert,lindiwejoubert@webmail.co.za,+27735833405
2025-08-21 21:39:19,Deepak Ntuli,Ntuli Engineering (Pty) Ltd,2017/376478/07,Transportation and Logistics,Gauteng,"718 Rivonia Road, Richards Bay",250000_________,Richards Bay,Equity,Bridging finance while awaiting payment from government contracts,0 to R500K,0 to R500K,946____________,We manufacture and supply steel components to construction contractors.,5.0,3.0,6,0%,100%,100%,Level 1,Rural,0%,Deepak Ntuli,deepakntuli@webmail.co.za,0622089635
2025-08-07 12:37:26,Sanele Fourie,Fourie Holdings CC,2011/680187/07,Entertainment and Media,Western Cape,"1475 Aloe Street, UPINGTON",12580000_______,UPINGTON,Equity,To upgrade our machinery and improve turnaround times.,0 to R500K,R501K to R1M,445842_________,We grow and pack vegetables for regional wholesalers and retailers.,1.0,2.0,5,100%,0%,25–49%,Level 1,Rural,0%,Sanele Fourie,sanelefourie@gmail.com,0753566461
2025-09-14 10:20:39,Francois Molefe ,Molefe Holdings,2014/114699/07,Transportation and Logistics,Gauteng,"1737 Acacia Avenue, mahikeng ",104000000______,mahikeng ,Purchase Order Funding,To increase production and take on larger supply contracts ,R1 000 001 to R5M,R10 000 001 to R20M,17332591_______,Logistics company transporting goods between major metros. ,9.0,24.0,6,25–49%,50–74%,100%,Level 1,Urban,0%,Francois Molefe,francoismolefe@gmail.com,+27 68 892 3069
2025-08-24 07:29:42,Nomsa Botha,STONE BRIDGE CONSULTING,2017/126673/07,Information & Communication Technology,Western Cape,"1068 Jan Smuts Crescent, Welkom",50000__________,Welkom,Debt;Working Capital,"Use of Funds
1.	Equipment purchase
2.	Staff expansion
3.	Marketing
",0 to R500K,0 to R500K,0______________,A tourism operator offering guided township and heritage tours,3.0,18.0,3,100%,0%,100%,Level 2,Rural,0%,Nomsa Botha,nomsabotha763@yahoo.com,+27677866755
2025-08-23 05:56:55,Zodwa Pillay ,Pillay Enterprises Group,2014/132178/07,,Limpopo,"1192 Sisulu Drive, Thohoyandou",1030000________,Thohoyandou,Working Capital,Purchase of a delivery vehicle and cold storage unit,R501K to R1M,R501K to R1M,412244_________,We run a driving school and provide learner licence training.,4.0,0.0,1,0%,100%,100%,Level 1,Township,0%,Zodwa Pillay,zodwapillay491@gmail.com,0787821677
2025-08-05 02:53:32,Zodwa Baloyi,BLUE CRANE SOLUTIONS ,2009/806063/07,Agriculture - Primary ,Limpopo,"2998 Mandela Road, Upington",250000_________,Upington,Debt;Working Capital,Expansion into a second branch and hiring of staff ,0 to R500K,0 to R500K,2335___________,We supply and install security systems and CCTV. ,2.0,2.0,6,1–24%,0%,100%,Level 1,Township,1–24%,Zodwa Baloyi,zodwabaloyi@mweb.co.za,+27830975105
2025-08-30 17:17:57,Deepak Botha,Riverstone Trading (Pty) Ltd ,2011 / 917263 / 07,Business Services (Agency & Consultancy),Western Cape,"2311 Protea Lane, Mthatha",12560000_______,Mthatha,Other (Please specify),"Raw materials, tooling and factory rental for the next 12 months",0 to R500K,0 to R500K,399893_________,Logistics company transporting goods between major metros. ,,10.0,10,0%,0%,100%,Level 1,Urban,0%,Deepak Botha,deepakbotha@outlook.com,+27729904369
2025-07-06 09:52:30,Willem Tshabalala,Tshabalala Construction Group,,,Gauteng,"2350 Rissik Crescent, NEWCASTLE",3230000________,NEWCASTLE,Other (Please specify),Stock purchase and general operational funding ,0 to R500K,R501K to R1M,806449_________,,,2.0,2,100%,50–74%,100%,Level 1,Urban,0%,Willem Tshabalala,willemtshabalala591@icloud.com,+27839239757
2025-08-12 04:30:27,Siyabonga Chetty,Clear Water Media,2010/986531/07,Manufacturing,Western Cape,"221 Protea Road, Mthatha",650000_________,,Working Capital,"Marketing, customer acquisition and website development ",0 to R500K,R501K to R1M,544431_________,Civil engineering contractor focused on roads and stormwater projects ,6.0,9.0,3,0%,0%,100%,Level 1,Urban,0%,Siyabonga Chetty,siyabongachetty509@mweb.co.za,+27775216020
2025-07-08 14:27:15,Aisha Maharaj ,Protea Solutions ,2021/377517/07,Healthcare & Biotechnology,Western Cape,"1893 Kingfisher Crescent, Soweto",330000_________,Soweto ,Other (Please specify),Purchase of a delivery vehicle and cold storage unit,0 to R500K,0 to R500K,0______________,Independent pharmacy and primary healthcare clinic serving a rural community,0.0,8.0,2,1–24%,100%,100%,Level 7,Urban,0%,Aisha Maharaj,aishamaharaj@icloud.com,+27738068123
2025-07-15 18:12:08,Marlize Cele ,Cele Enterprises ,,Transportation and Logistics,Western Cape,"80 Protea Street, Cape Town ",22090000_______,Cape Town ,Purchase Order Funding,Stock purchase and general operational funding ,R5 000 001 to R10M,R5 000 001 to R10M,0______________,Commercial cleaning and hygiene services for offices and factories ,45.0,23.0,2,0%,0%,100%,Level 2,Rural,0%,Marlize Cele,marlizecele503@gmail.com,+27871705857
2025-09-17 15:23:17,Nomsa Mnisi ,Mnisi Holdings ,2013/596308/07,Entertainment and Media,Free State,"2962 Rivonia Way, Johannesburg",40000__________,Johannesburg,Working Capital,To upgrade our machinery and improve turnaround times.,0 to R500K,0 to R500K,148224_________,,1.0,3.0,1,0%,100%,100%,Level 1,Urban,0%,Nomsa Mnisi,nomsamnisi@mweb.co.za,+27833427728
2025-09-15 00:14:55,Lindiwe Chetty,Chetty Civils Group,2012/705628/07,Education,Western Cape,"844 Jan Smuts Road, KIMBERLEY ",300000_________,KIMBERLEY,Debt & Equity,"Funding is required for equipment, training and certification.",0 to R500K,0 to R500K,60167__________,Solar installation business serving residential and small commercial clients ,5.0,5.0,10,100%,0%,100%,Level 1,Rural,0%,Lindiwe Chetty,lindiwechetty@yahoo.com,088 128 3334
2025-07-02 13:21:13,Musa Chetty,Chetty Solutions,2013/493524/07,Transportation and Logistics,Gauteng,"1914 Kruger Crescent, polokwane ",17290000_______,polokwane ,Working Capital,Purchase of a delivery vehicle and cold storage unit,R501K to R1M,R501K to R1M,0______________,Catering and events business servicing corporate functions.,3.0,13.0,1,0%,50–74%,100%,Level 1,Rural,0%,musa chetty,musachetty@gmail.com,+27889511699
2025-07-24 12:15:49,Zanele Maharaj,Maharaj Enterprises ,2024 / 714431 / 07,Business Services (Agency & Consultancy),Gauteng,"2344 Umgeni Road, BENONI",4810000________,BENONI,Equity;Working Capital,Working capital to fulfil confirmed purchase orders,R10 000 001 to R20M,R10 000 001 to R20M,0______________,We manufacture and supply steel components to construction contractors.,,7.0,3,100%,100%,100%,Level 1,Urban,0%,zanele maharaj,ZANELEMAHARAJ@GMAIL.COM,+27681614182
2025-07-21 16:01:03,Naledi Pillay ,Pillay Consulting (Pty) Ltd ,2017/854033/07,Engineering & Construction,Gauteng,"2679 Sisulu Way, Sandton",2260000________,Sandton,Debt;Working Capital,To increase production and take on larger supply contracts ,0 to R500K,0 to R500K,52690__________,We recycle plastic waste and sell processed pellets to manufacturers.,8.0,3.0,4,100%,100%,100%,Level 1,Rural,0%,Naledi Pillay,naledipillay@webmail.co.za,+27643967852
2025-06-28 14:13:02,Amahle Du,DU INVESTMENTS ,2022/566831/07,Business Services (Agency & Consultancy),Western Cape,"2221 Biko Lane, Upington ",250000_________,Upington,Invoice Financing;Working Capital,"Marketing, customer acquisition and website development ",0 to R500K,0 to R500K,3036___________,Solar installation business serving residential and small commercial clients ,0.0,18.0,6,0%,100%,100%,Level 1,Urban,0%,Amahle Du,amahledu@gmail.com,+27676136105
2025-08-31 02:15:20,Ntando Abrahams,Abrahams Logistics (Pty) Ltd,2017/829054/07,Retail & Wholesale,Limpopo,"530 Long Crescent, Bloemfontein",30000__________,Bloemfontein,Purchase Order Funding;Invoice Financing;Working Capital,Operational funding ,0 to R500K,0 to R500K,41995__________,We supply and install security systems and CCTV. ,3.0,1.0,1,0%,50–74%,100%,Level 1,Township,0%,Ntando Abrahams,ntandoabrahams567@webmail.co.za,+27856532406
2025-08-31 15:30:42,Khanyisile Cele,Cele Civils,2019/224518/07,Mining,Mpumalanga,"18 Loop Drive, Ladysmith ",1370000________,Ladysmith,Working Capital,Working capital to fulfil confirmed purchase orders,R501K to R1M,R501K to R1M,547656_________,We supply and install security systems and CCTV. ,4.0,6.0,1,0%,100%,100%,Level 1,Rural,50–74%,khanyisile cele,khanyisilecele@outlook.com,0715502558
2025-08-30 07:04:01,Thandeka Ngcobo,Ngcobo Construction CC ,2019 / 334566 / 07,Financial Services,Limpopo,"148 Sisulu Lane, Nelspruit",20000__________,Nelspruit,Working Capital,Bridging finance while awaiting payment from government contracts,0 to R500K,0 to R500K,1143___________,Solar installation business serving residential and small commercial clients ,2.0,2.0,6,0%,25–49%,100%,Level 1,Rural,0%,thandeka ngcobo,thandekangcobo834@mweb.co.za,+27690759068
2025-07-28 03:24:36,Fatima Petersen,Petersen Projects ,2019/574461/07,Financial Services,Limpopo,"1098 Aloe Avenue, Witbank",10630000_______,Witbank,Working Capital,Stock purchase and general operational funding ,0 to R500K,0 to R500K,241806_________,Commercial cleaning and hygiene services for offices and factories ,1.0,2.0,6,100%,0%,50–74%,Level 1,Township,0%,Fatima Petersen,fatimapetersen@gmail.com,0683924696
2025-07-10 13:00:29,Chantelle Ndlovu,Fynbos Projects,2014 / 327365 / 07,Education,Gauteng,"380 Loop Lane, PIETERMARITZBURG",7350000________,PIETERMARITZBURG,Equity,"Use of Funds
1.	Equipment purchase
2.	Staff expansion
3.	Marketing
",0 to R500K,R1 000 001 to R5M,4901593________,Catering and events business servicing corporate functions.,16.0,6.0,3,100%,25–49%,100%,Level 1,Urban,50–74%,chantelle ndlovu,chantellendlovu491@gmail.com,+27618860453
2025-07-10 16:39:22,Amahle Fortuin,Fortuin Projects,2009/649315/07 ,Business Services (Agency & Consultancy),Limpopo,"723 Acacia Way, Soweto ",1130000________,Soweto,Working Capital,To upgrade our machinery and improve turnaround times.,0 to R500K,0 to R500K,188339_________,We provide ICT support and cloud services to small businesses in the province.,2.0,2.0,1,50–74%,100%,100%,Level 1,Township,0%,Amahle Fortuin,AMAHLEFORTUIN@GMAIL.COM,081 037 7443
2025-09-19 01:18:06,Sizwe Mahlangu,Mahlangu Media,2023/354977/07,Education,Western Cape,"1021 Rivonia Road, giyani",770000_________,giyani ,Working Capital,To grow the business ,0 to R500K,R501K to R1M,0______________,Solar installation business serving residential and small commercial clients ,1.0,13.0,3,100%,100%,100%,Level 1,Township,0%,sizwe mahlangu,sizwemahlangu@yahoo.com,074 489 5639
2025-06-26 04:17:13,Christo Petersen ,Petersen Civils,,Information & Communication Technology,Gauteng,"2484 Marula Avenue, Benoni",2650000________,Benoni,Working Capital,To increase production and take on larger supply contracts ,R501K to R1M,R501K to R1M,529180_________,We grow and pack vegetables for regional wholesalers and retailers.,1.0,14.0,1,0%,0%,100%,Level 2,Urban,0%,Christo Petersen,christopetersen@mweb.co.za,+27 82 017 9154
2025-07-20 19:30:11,Riaan Pretorius,Marula Trading Pty Ltd ,,Business Services (Agency & Consultancy),Mpumalanga,"3156 Protea Street, GEORGE ",51370000_______,GEORGE,Equity;Working Capital,Operational funding ,R10 000 001 to R20M,R20 000 001 to R50M,100 000 ,,291.0,13.0,3,1–24%,0%,100%,Level 1,Rural,0%,Riaan Pretorius,riaanpretorius@outlook.com,+27 79 999 4041
2025-07-26 05:03:17,Ayanda Radebe ,Lesedi Distributors,2022/908247/07,Business Services (Agency & Consultancy),Western Cape,"1708 Protea Avenue, cape town",250000_________,cape town,Debt & Equity,To increase production and take on larger supply contracts ,0 to R500K,0 to R500K,87_____________,Independent pharmacy and primary healthcare clinic serving a rural community,1.0,4.0,5,0%,0%,100%,Level 1,Township,0%,Ayanda Radebe,ayandaradebe@icloud.com,0854939469
2025-09-01 17:43:48,Siyabonga Zulu,Riverstone Media (Pty) Ltd ,2023/501769/07,Manufacturing,Western Cape,"674 Sisulu Street, Port Elizabeth",220000_________,Port Elizabeth,Working Capital,Purchase of a delivery vehicle and cold storage unit,0 to R500K,R501K to R1M,727189_________,We design and sew corporate uniforms and protective clothing.,6.0,21.0,10,0%,50–74%,100%,Level 1,Township,0%,Siyabonga Zulu,siyabongazulu979@webmail.co.za,0851711079
2025-07-10 05:41:53,Thandeka Ntuli ,Vertex Holdings Pty Ltd ,Vertex Holdings Pty Ltd,Business Services (Agency & Consultancy),Gauteng,"1217 Rivonia Way, Polokwane",10880000_______,Polokwane,Working Capital,To buy additional equipment and expand production capacity,R1 000 001 to R5M,R5 000 001 to R10M,9063269________,We provide ICT support and cloud services to small businesses in the province.,11.0,5.0,6,0%,50–74%,100%,Level 1,Township,100%,Thandeka Ntuli,thandekantuli@gmail.com,+27633653701
2025-08-18 08:44:53,Kavitha Chetty,Chetty Investments CC,2023/118838/07,Education,Gauteng,"458 Kingfisher Crescent, Upington",860000_________,Upington ,Working Capital,To upgrade our machinery and improve turnaround times.,0 to R500K,R501K to R1M,575680_________,A family-run bakery supplying schools and local retailers. ,9.0,10.0,6,0%,0%,100%,Level 1,Urban,0%,Kavitha Chetty,kavithachetty@icloud.com,+27855301597
2025-08-28 04:08:22,Mpho Fourie,Blue Crane Enterprises ,Blue Crane Enterprises ,Healthcare & Biotechnology,Gauteng,"2938 Aloe Lane, NEWCASTLE ",410000_________,NEWCASTLE,Working Capital,To buy additional equipment and expand production capacity,0 to R500K,R501K to R1M,509952_________,We recycle plastic waste and sell processed pellets to manufacturers.,9.0,9.0,5,0%,100%,100%,Level 1,Urban,0%,Mpho Fourie,mphofourie@yahoo.com,0895755597
2025-09-01 21:28:43,Ayanda Mahlangu,Redline Consulting,2021/705385/07,Education,Western Cape,"3154 Jan Smuts Road, Pretoria",12170000_______,Pretoria,Equity;Working Capital;Other (Please specify),To grow the business ,R5 000 001 to R10M,R10 000 001 to R20M,15209478_______,We recycle plastic waste and sell processed pellets to manufacturers.,20.0,9.0,1,0%,100%,100%,Level 1,Rural,0%,Ayanda Mahlangu,ayandamahlangu781@gmail.com,+27698177552
2025-08-03 12:46:22,Lindiwe Ntuli,Ntuli Manufacturing (Pty) Ltd ,2011/948073/07,Tourism,Limpopo,"641 Commissioner Crescent, UPINGTON",530000_________,UPINGTON,Working Capital,To grow the business ,0 to R500K,0 to R500K,0______________,Solar installation business serving residential and small commercial clients ,7.0,3.0,2,0%,100%,100%,Level 2,Urban,0%,Lindiwe Ntuli,lindiwentuli@yahoo.com,+27794096871
2025-09-07 00:17:08,Bongani Mthembu,Catalyst Solutions (Pty) Ltd,,,Gauteng,"466 Buitenkant Crescent, Rustenburg",550000_________,Rustenburg,Purchase Order Funding,"Purchase of farming implements, seed and irrigation infrastructure",0 to R500K,0 to R500K,272825_________,Commercial cleaning and hygiene services for offices and factories ,,8.0,1,0%,50–74%,100%,Level 1,Urban,0%,bongani mthembu,bonganimthembu@webmail.co.za,0738624401
2025-09-19 10:06:55,Zodwa Govender,Govender Holdings,,Manufacturing,Limpopo,"2579 Kruger Avenue, Pretoria ",3750000________,Pretoria,Debt & Equity;Working Capital,Operational funding ,0 to R500K,R501K to R1M,624534_________,We design and sew corporate uniforms and protective clothing.,15.0,3.0,5,0%,0%,100%,Level 1,Urban,0%,Zodwa Govender,zodwagovender@gmail.com,+27695377755
2025-09-16 00:01:19,Lwazi Shabalala,Stone Bridge Construction CC,2022/663748/07,Automotive,Gauteng,"1330 Pretorius Crescent, George ",100000_________,George,Working Capital,To upgrade our machinery and improve turnaround times.,0 to R500K,0 to R500K,161063_________,Independent pharmacy and primary healthcare clinic serving a rural community,11.0,4.0,10,0%,0%,100%,Level 1,Township,0%,Lwazi Shabalala,lwazishabalala@gmail.com,072 469 4559
2025-08-10 00:42:56,Bongani Ramaphakela,Apex Investments CC ,2018/186571/07,Information & Communication Technology,Western Cape,"991 Commissioner Way, Mbombela",41970000_______,Mbombela,Working Capital,To increase production and take on larger supply contracts ,R501K to R1M,R1 000 001 to R5M,1772717________,We manufacture and supply steel components to construction contractors.,16.0,9.0,5,0%,25–49%,100%,Level 1,Urban,0%,Bongani Ramaphakela,bonganiramaphakela586@mweb.co.za,+27 67 596 1353
2025-08-02 05:48:05,Lerato Zwane,Riverstone Enterprises Group,2011/676583/07,Real Estate,Limpopo,"361 Main Crescent, Mahikeng",860000_________,Mahikeng,Equity;Working Capital,"Marketing, customer acquisition and website development ",0 to R500K,0 to R500K,0______________,Commercial cleaning and hygiene services for offices and factories ,1.0,0.0,2,25–49%,50–74%,100%,Level 1,Township,0%,lerato zwane,leratozwane@gmail.com,+27853747054
2025-07-29 13:06:48,Lwazi Ngcobo,Ngcobo Solutions (Pty) Ltd,2025/393768/07,Mining,Gauteng,"3035 Long Crescent, Welkom",500000_________,Welkom,Other (Please specify),Purchase of a delivery vehicle and cold storage unit,0 to R500K,0 to R500K,0______________,Commercial cleaning and hygiene services for offices and factories ,1.0,1.0,3,1–24%,0%,1–24%,Level 1,Urban,1–24%,Lwazi Ngcobo,lwazingcobo848@gmail.com,0656676162
2025-09-11 17:31:38,Refilwe Sekgobela,Sekgobela Construction Pty Ltd,2014/968139/07,,Western Cape,"1550 Voortrekker Lane, Tembisa ",790000_________,Tembisa,,"Raw materials, tooling and factory rental for the next 12 months",R501K to R1M,0 to R500K,19072__________,,,0.0,1,50–74%,0%,100%,Level 1,Rural,0%,Refilwe Sekgobela,refilwesekgobela@mweb.co.za,+27794727499
2025-06-26 15:45:03,Bongani Khumalo ,Khumalo Distributors ,,Mining,Limpopo,"1018 Protea Street, Pietermaritzburg",120000_________,Pietermaritzburg,Debt,"Funding is required for equipment, training and certification.",0 to R500K,0 to R500K,80417__________,Commercial cleaning and hygiene services for offices and factories ,14.0,2.0,1,100%,100%,100%,Level 1,Urban,25–49%,Bongani Khumalo,bonganikhumalo@yahoo.com,0829791211
2025-08-01 03:45:47,Yolandi Wyk ,Wyk Consulting,2009/975604/07 ,Leasing company and construction ,Western Cape,"2482 Umgeni Avenue, Potchefstroom",2050000________,Potchefstroom,Equity;Working Capital,To buy additional equipment and expand production capacity,0 to R500K,0 to R500K,342341_________,We supply and install security systems and CCTV. ,6.0,,3,100%,0%,75–99%,Level 1,Rural,0%,Yolandi Wyk,yolandiwyk287@yahoo.com,+27684492279
2025-07-15 12:36:59,Musa Pillay,Sunrise Manufacturing Pty Ltd,Sunrise Manufacturing Pty Ltd,Tourism,Gauteng,"910 Church Way, Randburg",6290000________,Randburg,Working Capital,To upgrade our machinery and improve turnaround times.,R5 000 001 to R10M,R5 000 001 to R10M,5239874________,We provide ICT support and cloud services to small businesses in the province.,21.0,14.0,2,0%,100%,100%,Level 1,Township,0%,Musa Pillay,musapillay@gmail.com,+27 75 158 1652
2025-09-17 19:19:33,Danie Mokoena,Sondela Civils Group ,2017/913326/07,Information & Communication Technology,Western Cape,"462 Jan Smuts Crescent, Thohoyandou ",1550000________,Thohoyandou,Working Capital,Working capital to fulfil confirmed purchase orders,R501K to R1M,R501K to R1M,0 to R500K,We recycle plastic waste and sell processed pellets to manufacturers.,7.0,13.0,10,25–49%,0%,100%,Level 1,Township,0%,Danie Mokoena,daniemokoena@icloud.com,+27743887522
2025-07-23 04:07:54,Deepak Steyn,Steyn Consulting Pty Ltd,2019 / 433814 / 07,Information & Communication Technology,Northern Cape,"513 Protea Street, Kimberley",590000_________,Kimberley,Equity;Working Capital,Expansion into a second branch and hiring of staff ,0 to R500K,R501K to R1M,0______________,Commercial cleaning and hygiene services for offices and factories ,,2.0,3,0%,50–74%,100%,Level 1,Township,0%,Deepak Steyn,deepaksteyn@gmail.com,+27823492039
2025-09-24 14:06:29,Nisha Sibeko ,IKHAYA GROUP PTY LTD ,2008/907557/07,Mining,Limpopo,"1938 Rissik Street, Khayelitsha",8000_0_________,Khayelitsha,Working Capital,To increase production and take on larger supply contracts ,0 to R500K,0 to R500K,0______________,We provide ICT support and cloud services to small businesses in the province.,4.0,4.0,2,100%,100%,100%,Level 8,Rural,0%,Nisha Sibeko,nishasibeko736@gmail.com,+27 63 391 9038
2025-08-07 20:46:52,Reshma Joubert,Joubert Trading,2014/283567/07,Mining,Limpopo,"3141 Voortrekker Way, Rustenburg",260000_________,Rustenburg ,Working Capital,"Marketing, customer acquisition and website development ",0 to R500K,0 to R500K,441526_________,,6.0,1.0,2,100%,1–24%,0%,Level 1,Township,0%,reshma joubert,reshmajoubert@gmail.com,+27 89 906 6692
2025-07-16 01:36:42,Naledi Plessis,Frontier Investments,2018/972347/07,Healthcare & Biotechnology,Gauteng,"78 Rivonia Street, LADYSMITH",250000_________,LADYSMITH ,Equity;Working Capital;Other (Please specify),"Marketing, customer acquisition and website development ",0 to R500K,0 to R500K,75_____________,,3.0,7.0,2,100%,0%,100%,Level 1,Township,1–24%,Naledi Plessis,nalediplessis@outlook.com,+27813647192
2025-08-08 05:18:27,Boitumelo Pillay,Pillay Construction Group ,,Engineering & Construction,Gauteng,"2038 Buitenkant Lane, tembisa",6780000________,tembisa,Working Capital,To grow the business ,R1 000 001 to R5M,R1 000 001 to R5M,4517958________,We recycle plastic waste and sell processed pellets to manufacturers.,9.0,7.0,10,25–49%,0%,100%,Level 2,Urban,0%,Boitumelo Pillay,BOITUMELOPILLAY239@MWEB.CO.ZA,+27664859764
2025-07-12 17:45:49,Tumelo Pretorius,Pretorius Transport ,2020/846567/07,Engineering & Construction,Gauteng,"1465 Aloe Street, George",120000_________,George,Working Capital,To upgrade our machinery and improve turnaround times.,0 to R500K,0 to R500K,122481_________,We manufacture and supply steel components to construction contractors.,1.0,4.0,1,1–24%,25–49%,100%,Level 1,Urban,0%,Tumelo Pretorius,tumelopretorius@gmail.com,077 448 4033
2025-08-27 21:30:12,Jabulani Dlamini,Kalahari Services (Pty) Ltd,2019 / 781629 / 07,Engineering & Construction,Limpopo,"51 Biko Way, Giyani ",19740000_______,Giyani ,Purchase Order Funding,"Marketing, customer acquisition and website development ",0 to R500K,0 to R500K,468223_________,We recycle plastic waste and sell processed pellets to manufacturers.,3.0,0.76,3,0%,50–74%,100%,Level 1,Township,0%,Jabulani Dlamini,jabulanidlamini@mweb.co.za,+27642035918
2025-08-24 17:18:44,Karin Sibeko ,Sibeko Engineering ,2018 / 688836 / 07 ,Business Services (Agency & Consultancy),Gauteng,"1195 Kruger Drive, Soweto",16700000_______,Soweto,Other (Please specify),Stock purchase and general operational funding ,R1 000 001 to R5M,R1 000 001 to R5M,2784141________,Commercial cleaning and hygiene services for offices and factories ,37.0,28.0,1,1–24%,0%,100%,Level 1,Urban,0%,Karin Sibeko,karinsibeko@gmail.com,+27678432854
2025-08-21 04:32:32,Sanjay Fortuin,Marula Logistics Pty Ltd ,2021/660452/07,Information & Communication Technology,Western Cape,"984 Jan Smuts Avenue, Richards Bay",960000_________,Richards Bay,Working Capital,Stock purchase and general operational funding ,R501K to R1M,R501K to R1M,641627_________,We design and sew corporate uniforms and protective clothing.,,2.0,3,0%,0%,100%,Level 1,Township,0%,sanjay fortuin,SANJAYFORTUIN746@OUTLOOK.COM,+27796508836
2025-08-12 03:09:45,Elmarie Adams,Adams Holdings (Pty) Ltd,2020/892377/07,Manufacturing,Western Cape,"3120 Long Avenue, Benoni ",1520000________,Benoni,Debt;Purchase Order Funding,Purchase of a delivery vehicle and cold storage unit,0 to R500K,0 to R500K,379645_________,A tourism operator offering guided township and heritage tours,0.0,1.0,Adams Holdings (Pty) Ltd,0%,25–49%,100%,Level 1,Township,75–99%,Elmarie Adams,elmarieadams@gmail.com,+27 73 061 8392
2025-08-09 15:11:35,Karin Du,Du Logistics CC ,2013/382947/07,Real Estate,Gauteng,"2606 Jakaranda Avenue, ladysmith ",10000__________,ladysmith ,Purchase Order Funding;Working Capital,"Marketing, customer acquisition and website development ",0 to R500K,0 to R500K,0______________,Independent pharmacy and primary healthcare clinic serving a rural community,5.0,3.0,1,100%,50–74%,100%,Level 1,Township,0%,karin du,KARINDU131@GMAIL.COM,0877081632
2025-08-28 03:16:44,Ravi Mashaba ,Nexus Investments ,2020/368005/07,NPO & NPC,Western Cape,"2873 Commissioner Drive, Tzaneen ",250000_________,Tzaneen,Debt & Equity;Working Capital,Purchase of a delivery vehicle and cold storage unit,0 to R500K,0 to R500K,4957___________,Commercial cleaning and hygiene services for offices and factories ,2.0,8.0,3,0%,100%,100%,Level 3,Urban,0%,ravi mashaba,ravimashaba@gmail.com,+27720767761
2025-07-23 21:30:43,Boitumelo Chetty,Vertex Solutions (Pty) Ltd ,2018/349308/07,Tourism,Western Cape,"733 Pretorius Way, Richards Bay",180000_________,Richards Bay,Purchase Order Funding;Working Capital,"Purchase of farming implements, seed and irrigation infrastructure",0 to R500K,0 to R500K,29911__________,We supply and install security systems and CCTV. ,5.0,2.0,2,100%,0%,100%,Level 1,Township,0%,Boitumelo Chetty,boitumelochetty@outlook.com,+27639662469
2025-07-01 11:51:30,Sizwe Petersen,BEACON CONSULTING ,2010/634128/07,Tourism,Limpopo,"2657 Marula Crescent, Kimberley",20000__________,Kimberley ,Purchase Order Funding,To grow the business ,0 to R500K,0 to R500K,6158___________,We recycle plastic waste and sell processed pellets to manufacturers.,0.0,4.0,10,25–49%,100%,100%,Level 1,Urban,0%,Sizwe Petersen,sizwepetersen@gmail.com,083 848 7171
2025-07-22 08:39:23,Vikash Naidoo,Vertex Group,,Hospitality,Gauteng,"2508 Voortrekker Street, Pietermaritzburg ",8380000________,Pietermaritzburg,Other (Please specify),Bridging finance while awaiting payment from government contracts,0 to R500K,R501K to R1M,500983_________,,2.0,1.0,one,0%,100%,100%,Level 2,Township,0%,vikash naidoo,VIKASHNAIDOO@OUTLOOK.COM,+27864075490
2025-07-08 06:37:10,Rukaya Steyn ,Steyn Construction,2020/762303/07,Agriculture - Secondary ,Mpumalanga,"1201 Rissik Drive, Pietermaritzburg",1450000________,Pietermaritzburg,Purchase Order Funding,Working capital to fulfil confirmed purchase orders,0 to R500K,0 to R500K,108335_________,Solar installation business serving residential and small commercial clients ,11.0,3.0,2,100%,0%,100%,Level 1,Urban,100%,Rukaya Steyn,rukayasteyn@mweb.co.za,+27 66 504 4097
2025-09-04 07:22:24,Nadia Solomons ,Solomons Civils (Pty) Ltd ,2019/114127/07,,Free State,"853 Tambo Street, Upington",10560000_______,Upington,Working Capital,Operational funding ,0 to R500K,R1 000 001 to R5M,0______________,,17.0,3.0,10,100%,0%,100%,Level 1,Township,0%,Nadia Solomons,nadiasolomons@gmail.com,+27 81 024 2566
2025-08-21 11:10:52,Ayanda Shabalala ,Shabalala Technologies,,Agriculture - Primary ,Limpopo,"445 Kruger Road, Soweto ",700000_________,Soweto,Purchase Order Funding,To grow the business ,0 to R500K,0 to R500K,350933_________,We design and sew corporate uniforms and protective clothing.,3.0,1.0,1,0%,0%,100%,Level 1,Township,50–74%,Ayanda Shabalala,ayandashabalala@yahoo.com,+27 72 550 8562
2025-07-23 04:42:46,Annelie Coetzee,Coetzee Media ,2018/693953/07,Agriculture - Primary ,Gauteng,"3191 Rivonia Crescent, Tembisa ",29110000_______,Tembisa,Working Capital,Operational funding ,0 to R500K,R501K to R1M,945209_________,Commercial cleaning and hygiene services for offices and factories ,24.0,25.0,1,0%,0%,0%,Level 1,Urban,0%,Annelie Coetzee,anneliecoetzee@icloud.com,+27 69 649 4420
2025-07-21 21:14:32,Mxolisi Fourie,Sondela Logistics,2015/755317/07,Information & Communication Technology,Gauteng,"1117 Main Avenue, Bloemfontein",265170000______,Bloemfontein,Working Capital,"Raw materials, tooling and factory rental for the next 12 months",Above R50M,Above R50M,88391248_______,We grow and pack vegetables for regional wholesalers and retailers.,19.0,27.0,2,0%,0%,100%,Level 1,Township,0%,mxolisi fourie,mxolisifourie@outlook.com,+27842013801
2025-09-03 14:30:37,Yolandi Wyk,Sunrise Consulting,2024/693695/07,Transportation and Logistics,Free State,"2990 Aloe Avenue, Witbank",110000_________,Witbank ,Debt,"Funding is required for equipment, training and certification.",0 to R500K,0 to R500K,353980_________,,12.0,2.0,2,50–74%,50–74%,100%,Level 3,Rural,0%,Yolandi Wyk,yolandiwyk@icloud.com,0881422666
2025-09-01 00:17:13,Jaco Mokoena,Vertex Civils Pty Ltd,2018/237247/07,Transportation and Logistics,Western Cape,"2901 Church Way, Springs",3890000________,Springs,Working Capital;Other (Please specify),Expansion into a second branch and hiring of staff ,R501K to R1M,R1 000 001 to R5M,1944861________,We design and sew corporate uniforms and protective clothing.,5.0,1.0,1,0%,100%,100%,Level 1,Urban,0%,Jaco Mokoena,jacomokoena@yahoo.com,+27 69 221 9241
2025-09-21 22:24:26,Lindiwe Botha,BOTHA HOLDINGS (PTY) LTD,2018/246429/07,Engineering & Construction,Gauteng,"358 Long Street, Polokwane",2360000________,Polokwane,Working Capital,Expansion into a second branch and hiring of staff ,R501K to R1M,R501K to R1M,590602_________,We provide ICT support and cloud services to small businesses in the province.,1.0,2.0,2,100%,100%,100%,Level 1,Township,0%,Lindiwe Botha,lindiwebotha@icloud.com,+27746320438
2025-07-22 05:29:51,Nisha Hendricks,Vuka Foods CC,,Financial Services,Gauteng,"2615 Commissioner Avenue, Tembisa",63790000_______,Tembisa,Working Capital,Purchase of a delivery vehicle and cold storage unit,Above R50M,R20 000 001 to R50M,78264693366____,We supply and install security systems and CCTV. ,90.0,25.0,1,0%,0%,100%,Level 1,Urban,0%,Nisha Hendricks,nishahendricks691@yahoo.com,+27728584247
2025-08-17 15:25:58,Hendrik Govender,Pioneer Solutions (Pty) Ltd,2014 / 643731 / 07,Engineering & Construction,Gauteng,"2078 Jan Smuts Way, RANDBURG",19990000_______,RANDBURG,Debt;Purchase Order Funding,"Funding is required for equipment, training and certification.",0 to R500K,R501K to R1M,0______________,Logistics company transporting goods between major metros. ,39.0,0.0,1,0%,0%,100%,Level 1,Rural,100%,hendrik govender,hendrikgovender@mweb.co.za,+27672246582
2025-07-25 20:55:40,Naledi Botha ,Botha Consulting CC,2017/507930/07,Energy,North West,"833 Kingfisher Drive, Gqeberha ",1250000________,Gqeberha ,Equity,Expansion into a second branch and hiring of staff ,R1 000 001 to R5M,R1 000 001 to R5M,2081815________,We supply and install security systems and CCTV. ,5.0,4.0,1,0%,0%,100%,Level 1,Urban,50–74%,Naledi Botha,naledibotha@gmail.com,+27876666310
2025-08-12 04:59:06,Deepak Singh,Sunrise Investments,2021 / 599870 / 07,Business Services (Agency & Consultancy),Limpopo,"1555 Kingfisher Road, Paarl",10000__________,Paarl,Debt & Equity;Working Capital,"Marketing, customer acquisition and website development ",0 to R500K,0 to R500K,191____________,,3.0,3.0,3,0%,0%,100%,Level 1,Rural,0%,Deepak Singh,deepaksingh@icloud.com,+27842117048
2025-07-17 06:08:50,Ashraf Sithole,Copper Leaf Technologies (Pty) Ltd,2020/376982/07,Information & Communication Technology,KZN,"2869 Rivonia Street, Richards Bay",4040000________,Richards Bay,Working Capital,Bridging finance while awaiting payment from government contracts,0 to R500K,0 to R500K,297948_________,Solar installation business serving residential and small commercial clients ,11.0,1.0,2,0%,100%,1–24%,Level 1,Rural,100%,ashraf sithole,ashrafsithole@webmail.co.za,0632560601
2025-07-13 18:33:58,Kavitha Fortuin,Meridian Trading Pty Ltd ,,,Western Cape,"1297 Buitenkant Avenue, Roodepoort",580000_________,Roodepoort,,"Marketing, customer acquisition and website development ",0 to R500K,0 to R500K,116097_________,,3.0,1.0,4,100%,50–74%,100%,Level 1,Township,0%,kavitha fortuin,kavithafortuin@gmail.com,+27 82 513 5368
2025-08-12 14:00:47,Tumelo Mokoena,Mokoena Solutions,2018 / 194538 / 07,Agriculture - Primary ,Eastern Cape,"601 Acacia Avenue, Nelspruit",310000_________,Nelspruit,Working Capital,To buy additional equipment and expand production capacity,R501K to R1M,R501K to R1M,386972_________,We recycle plastic waste and sell processed pellets to manufacturers.,2.0,5.0,3,0%,100%,100%,Level 1,Urban,75–99%,Tumelo Mokoena,tumelomokoena380@icloud.com,+27 66 025 2281
2025-07-26 23:36:56,Themba Adams,Adams Projects,201270768007,Agriculture - Secondary ,Limpopo,"2697 Marula Drive, Newcastle",690000_________,Newcastle,Other (Please specify),Purchase of a delivery vehicle and cold storage unit,0 to R500K,R501K to R1M,572787_________,We run a driving school and provide learner licence training.,4.0,4.0,4,0%,100%,1–24%,Level 2,Township,0%,Themba Adams,thembaadams@gmail.com,+27651824472
2025-08-05 13:46:58,Riaan Chetty,Highveld Solutions,2023/652820/07,Retail & Wholesale,Limpopo,"280 Voortrekker Lane, SANDTON",19540000_______,SANDTON,Other (Please specify),"Use of Funds
1.	Equipment purchase
2.	Staff expansion
3.	Marketing
",R20 000 001 to R50M,R20 000 001 to R50M,0______________,,100.0,44.0,2,0%,100%,100%,Level 1,Township,0%,riaan chetty,riaanchetty@gmail.com,+27622706491
2025-06-27 14:52:17,Elmarie Moodley,Blue Crane Group Pty Ltd ,2019/476749/07,Information & Communication Technology,Western Cape,"3085 Kruger Lane, Randburg",2630000________,Randburg,Other (Please specify),"Use of Funds
1.	Equipment purchase
2.	Staff expansion
3.	Marketing
",0 to R500K,R501K to R1M,438186_________,A family-run bakery supplying schools and local retailers. ,4.0,4.0,2,100%,0%,100%,Level 1,Urban,0%,Elmarie Moodley,elmariemoodley127@icloud.com,+27854672188
2025-09-07 07:53:01,Willem Singh,Singh Construction,2015/290750/07,Agriculture - Primary ,Limpopo,"2252 Biko Street, Bloemfontein",10000__________,Bloemfontein ,Working Capital,Expansion into a second branch and hiring of staff ,0 to R500K,0 to R500K,7800___________,Catering and events business servicing corporate functions.,1.0,1.0,1,50–74%,0%,100%,Level 1,Township,0%,Willem Singh,willemsingh@gmail.com,+27649231645
2025-09-07 16:15:35,Reshma Mabena ,Mabena Foods CC,2011/440776/07,Information & Communication Technology,Gauteng,"1951 Pretorius Road, Witbank",1620000________,Witbank,Working Capital,Operational funding ,0 to R500K,0 to R500K,51621__________,We manufacture and supply steel components to construction contractors.,3.0,1.0,2,100%,25–49%,100%,Level 1,Township,1–24%,Reshma Mabena,reshmamabena843@mweb.co.za,+27891335586
2025-07-30 09:03:51,Siyabonga Sithole ,Amandla Technologies Pty Ltd,2019/508295/07,Mining,Western Cape,"809 Umgeni Way, Pretoria",15410000_______,Pretoria,Working Capital,"Raw materials, tooling and factory rental for the next 12 months",0 to R500K,0 to R500K,371216_________,Solar installation business serving residential and small commercial clients ,7.0,11.0,1,0%,100%,100%,Level 1,Rural,0%,siyabonga sithole,siyabongasithole@gmail.com,+27 69 156 4076
2025-07-26 11:29:41,Deon Mthembu,Umlambo Engineering ,2024/484450/07,Tourism,KZN,"2691 Kruger Crescent, VEREENIGING",5820000________,VEREENIGING,Equity,To grow the business ,R5 000 001 to R10M,R5 000 001 to R10M,0______________,We design and sew corporate uniforms and protective clothing.,59.0,13.0,2,0%,50–74%,100%,Level 1,Rural,0%,Deon Mthembu,deonmthembu76@outlook.com,+27748842595
2025-07-15 08:59:41,Themba Botha,Botha Manufacturing,2022/275291/07,Energy,Limpopo,"2729 Sisulu Street, Kimberley",250000_________,Kimberley,Debt & Equity,Purchase of a delivery vehicle and cold storage unit,0 to R500K,0 to R500K,3053___________,Logistics company transporting goods between major metros. ,,5.0,1,0%,0%,100%,Level 1,Urban,0%,themba botha,thembabotha231@icloud.com,+27610952210
2025-08-25 04:06:40,Karin Pretorius ,Catalyst Civils ,2023/535720/07,Entertainment and Media,Gauteng,"734 Umgeni Way, KURUMAN",26530000_______,KURUMAN,Debt,Purchase of a delivery vehicle and cold storage unit,R1 000 001 to R5M,R5 000 001 to R10M,6631840________,We run a driving school and provide learner licence training.,23.0,7.0,100%,100%,0%,100%,Level 1,Urban,0%,Karin Pretorius,karinpretorius@icloud.com,078 010 2271
2025-07-25 05:03:34,Chantelle Dlamini,Dlamini Projects,2022 / 788344 / 07,Information & Communication Technology,Limpopo,"3144 Sisulu Drive, Kuruman ",430000_________,Kuruman,Working Capital,To grow the business ,0 to R500K,R501K to R1M,429831_________,We provide ICT support and cloud services to small businesses in the province.,11.0,6.0,4,100%,0%,0%,Level 1,Township,0%,Chantelle Dlamini,chantelledlamini626@mweb.co.za,0716807663
2025-08-28 10:58:42,Lerato Petersen ,PETERSEN CIVILS GROUP,2016/588118/07,Education,Gauteng,"1938 Long Lane, Pretoria",10000__________,Pretoria,Working Capital,"Raw materials, tooling and factory rental for the next 12 months",0 to R500K,0 to R500K,8882___________,Solar installation business serving residential and small commercial clients ,5.0,3.0,3,0%,25–49%,100%,Level 1,Rural,0%,lerato petersen,leratopetersen398@outlook.com,077 691 4842
2025-09-02 22:22:41,Tariq Mthembu,Mthembu Services CC,,Healthcare & Biotechnology,Limpopo,"2330 Loop Road, Witbank",140000_________,Witbank,Working Capital,"Purchase of farming implements, seed and irrigation infrastructure",0 to R500K,0 to R500K,232964_________,A tourism operator offering guided township and heritage tours,7.0,5.0,6,0%,0%,75–99%,Level 1,Rural,0%,tariq mthembu,tariqmthembu905@gmail.com,+27749482095
2025-08-05 14:34:20,Deepak Coetzee,Summit Trading,2019/522580/07,Retail & Wholesale,Western Cape,"3035 Loop Street, Kimberley",20000__________,Kimberley,Working Capital;Other (Please specify),"Use of Funds
1.	Equipment purchase
2.	Staff expansion
3.	Marketing
",0 to R500K,0 to R500K,3080___________,A tourism operator offering guided township and heritage tours,2.0,1.0,1,75–99%,100%,100%,Level 1,Township,0%,Deepak Coetzee,deepakcoetzee24@gmail.com,+27792525038
2025-09-17 03:23:58,Amahle Reddy,Reddy Construction ,2015/427146/07,Agriculture - Secondary ,Limpopo,"42 Rivonia Drive, Mahikeng",30000__________,Mahikeng ,Debt;Working Capital,To grow the business ,0 to R500K,0 to R500K,32038__________,,0.0,0.0,3,50–74%,100%,100%,Level 1,Rural,0%,Amahle Reddy,amahlereddy657@gmail.com,0759734090
2025-06-29 20:12:49,Sanele Ngcobo,Ngcobo Agri Pty Ltd ,2020/134528/07,Manufacturing,Gauteng,"778 Church Road, Richards Bay ",7130000________,Richards Bay ,Equity,"Marketing, customer acquisition and website development ",R1 000 001 to R5M,R1 000 001 to R5M,2852156________,Logistics company transporting goods between major metros. ,15.0,13.0,3,0%,0%,100%,Level 5,Urban,0%,sanele ngcobo Mokwena,sanelengcobo@mweb.co.za,0748402614
2025-07-21 21:14:32,Mxolisi Fourie,Sondela Logistics,2015/755317/07,Information & Communication Technology,Gauteng,"1117 Main Avenue, Bloemfontein",265170000______,Bloemfontein,Working Capital,"Raw materials, tooling and factory rental for the next 12 months",Above R50M,Above R50M,88391248_______,We grow and pack vegetables for regional wholesalers and retailers.,19.0,27.0,2,0%,0%,100%,Level 1,Township,0%,mxolisi fourie,mxolisifourie@outlook.com,+27842013801
2025-08-15 09:27:49,Bianca Naidoo,Drakensberg Enterprises,2018/972989/07,Healthcare & Biotechnology,Free State,"311 Marula Road, Emalahleni",500_00_________,Emalahleni ,Working Capital,"Use of Funds
1.	Equipment purchase
2.	Staff expansion
3.	Marketing
",0 to R500K,0 to R500K,57672__________,A family-run bakery supplying schools and local retailers. ,2.0,0.0,3,0%,0%,100%,Level 1,Township,0%,Bianca Naidoo,biancanaidoo@gmail.com,0777837919
2025-09-05 07:40:48,Nisha Radebe ,Radebe Agri CC ,2023/789766/07,Manufacturing,Limpopo,"242 Marula Road, Welkom ",110000_________,Welkom,Debt,"Purchase of farming implements, seed and irrigation infrastructure",0 to R500K,0 to R500K,71658__________,Solar installation business serving residential and small commercial clients ,6.0,3.0,1,100%,0%,100%,Level 1,Urban,0%,Nisha Radebe,nisharadebe760@gmail.com,+27624152250
2025-07-20 16:47:20,Lerato Coetzee,Coetzee Services Pty Ltd,2023/364800/07,Manufacturing,Limpopo,"1592 Jakaranda Drive, Benoni ",250000_________,Benoni,Equity,To increase production and take on larger supply contracts ,0 to R500K,0 to R500K,0______________,We recycle plastic waste and sell processed pellets to manufacturers.,3.0,1.0,1,0%,50–74%,100%,Level 1,Urban,0%,Lerato Coetzee,leratocoetzee@icloud.com,+27660480583
2025-09-21 04:25:13,Siyabonga Wyk,UMLAMBO ENTERPRISES (PTY) LTD ,,Healthcare & Biotechnology,Western Cape,"415 Mandela Lane, Tembisa ",140000_________,Tembisa,Working Capital;Other (Please specify),Operational funding ,0 to R500K,0 to R500K,0______________,Civil engineering contractor focused on roads and stormwater projects ,,11.0,4,100%,100%,1–24%,Level 1,Township,25–49%,Siyabonga Wyk,siyabongawyk854@outlook.com,0626896450
2025-08-11 00:20:39,Dineo Joubert,Joubert Logistics Group,2020/879542/07,Waste Management,Limpopo,"86 Main Street, Kimberley",21280000_______,Kimberley,Debt;Working Capital,To increase production and take on larger supply contracts ,0 to R500K,R501K to R1M,491750_________,We supply and install security systems and CCTV. ,16.0,1.0,1,100%,100%,100%,Level 1,Urban,0%,Dineo Joubert,dineojoubert@icloud.com,+27893555336
2025-08-05 18:15:27,Yolandi Wyk ,Drakensberg Projects Pty Ltd ,2014/773655/07,Engineering & Construction,Western Cape,"2806 Long Crescent, Pretoria",11910000_______,Pretoria,Working Capital;Other (Please specify),"Marketing, customer acquisition and website development ",0 to R500K,R501K to R1M,564449_________,Independent pharmacy and primary healthcare clinic serving a rural community,6.0,11.0,2,100%,100%,50–74%,Level 1,Rural,0%,Yolandi Wyk,yolandiwyk810@gmail.com,0763232472
2025-09-11 15:54:37,Ayanda Nkosi,Copper Leaf Holdings,2020/731655/07,Information & Communication Technology,Limpopo,"1469 Acacia Road, Polokwane",1990000________,Polokwane,Debt & Equity,"Funding is required for equipment, training and certification.",R1 000 001 to R5M,R1 000 001 to R5M,2492697________,Catering and events business servicing corporate functions.,14.0,9.0,3,50–74%,1–24%,100%,Level 8,Rural,0%,Ayanda Nkosi,ayandankosi@yahoo.com,0756921377
2025-08-31 03:38:52,Marlize Steyn,STEYN INVESTMENTS ,2025/520341/07,Agriculture - Secondary ,Gauteng,"944 Biko Road, Mthatha",780000_________,Mthatha,Purchase Order Funding;Working Capital,"Use of Funds
1.	Equipment purchase
2.	Staff expansion
3.	Marketing
",0 to R500K,R501K to R1M,520804_________,A family-run bakery supplying schools and local retailers. ,8.0,6.0,4,0%,1–24%,100%,Level 1,Urban,0%,Marlize Steyn,marlizesteyn@yahoo.com,+27626606884
2025-07-31 02:33:06,Kabelo Botha,Greenfield Transport,,,Western Cape,"2697 Umgeni Road, richards bay",250000_________,richards bay,Working Capital,To upgrade our machinery and improve turnaround times.,0 to R500K,0 to R500K,5602___________,,,1.0,6,25–49%,0%,75–99%,Level 1,Township,0%,Kabelo Botha,kabelobotha749@gmail.com,+27 68 822 8281
2025-09-05 01:53:31,Themba Khumalo ,Khumalo Civils Group,2018/243076/07 ,Manufacturing,Gauteng,"554 Tambo Drive, Bloemfontein",30000__________,Bloemfontein ,Equity;Debt & Equity;Working Capital,Expansion into a second branch and hiring of staff ,0 to R500K,0 to R500K,22237__________,We grow and pack vegetables for regional wholesalers and retailers.,18.0,4.0,2,0%,25–49%,100%,Level 1,Township,50–74%,Themba Khumalo,thembakhumalo12@outlook.com,+27829533140
2025-08-07 14:08:41,Anisha Ntuli,Ntuli Manufacturing Pty Ltd ,,Financial Services,Eastern Cape,"845 Loop Drive, Paarl",260000_________,,,To grow the business ,0 to R500K,R501K to R1M,520743_________,,11.0,,1,45 to 55,100%,100%,Level 1,Rural,0%,Anisha Ntuli,anishantuli859@gmail.com,0615509401
2025-08-22 20:20:25,Francois Petersen,BAOBAB MANUFACTURING,2016/858410/07,,Gauteng,"931 Aloe Street, Soweto ",1750000________,Soweto,,"Raw materials, tooling and factory rental for the next 12 months",0 to R500K,0 to R500K,438108_________,,,17.0,4,25–49%,100%,1–24%,Level 1,Township,0%,Francois Petersen,francoispetersen@gmail.com,+27842387231
2025-08-04 10:39:57,Dineo Motaung ,Motaung Solutions (Pty) Ltd,2022 / 708956 / 07,Energy,Gauteng,"1920 Marula Drive, Mokopane",10000__________,Mokopane ,Equity;Working Capital,"Funding is required for equipment, training and certification.",0 to R500K,0 to R500K,7605___________,We manufacture and supply steel components to construction contractors.,7.0,3.0,1,25–49%,0%,100%,Level 1,Urban,0%,Dineo Motaung,dineomotaung109@webmail.co.za,089 948 2005
2025-09-14 19:26:12,Puleng Pretorius,Vuka Group,,Engineering & Construction,Gauteng,"338 Buitenkant Street, Ladysmith",950000_________,,Debt & Equity;Working Capital,"Use of Funds
1.	Equipment purchase
2.	Staff expansion
3.	Marketing
",R501K to R1M,R501K to R1M,632864_________,We recycle plastic waste and sell processed pellets to manufacturers.,13.0,3.0,3,75–99%,100%,100%,Level 2,Rural,0%,puleng pretorius,pulengpretorius@webmail.co.za,+27751160603
2025-07-21 00:55:37,Pieter Fortuin,Blackwood Technologies,2021/401209/07,Information & Communication Technology,Western Cape,"1894 Marula Road, Cape Town",3380000________,Cape Town ,Debt & Equity,Purchase of a delivery vehicle and cold storage unit,R501K to R1M,R501K to R1M,845194_________,We design and sew corporate uniforms and protective clothing.,11.0,3.0,5,0%,100%,100%,Level 1,Rural,1–24%,Pieter Fortuin,pieterfortuin445@icloud.com,086 765 2416
2025-08-11 06:41:02,Zanele Venter,Venter Projects Group,2015/448747/07,Transportation and Logistics,Limpopo,"1647 Long Avenue, george",4460000________,george,Working Capital,"Marketing, customer acquisition and website development ",R1 000 001 to R5M,R1 000 001 to R5M,1783523________,We grow and pack vegetables for regional wholesalers and retailers.,8.0,14.0,6,25–49%,0%,100%,Level 1,Rural,0%,zanele venter,zaneleventer@mweb.co.za,+27742696738
2025-07-03 19:32:22,Amahle Van,Silver Oak Solutions Pty Ltd ,2021/695840/07,Engineering & Construction,Limpopo,"1950 Jakaranda Lane, Springs ",420000_________,Springs ,Working Capital,"Purchase of farming implements, seed and irrigation infrastructure",0 to R500K,0 to R500K,70015__________,,1.0,4.0,1,100%,50–74%,100%,Level 1,Urban,0%,Amahle Van,amahlevan@gmail.com,+27 63 671 5660
2025-08-20 23:53:27,Nokuthula Sibeko,Beacon Transport Group,2010/181976/07,Transportation and Logistics,Western Cape,"1150 Mandela Way, Polokwane",250000_________,Polokwane,Debt & Equity,To increase production and take on larger supply contracts ,0 to R500K,0 to R500K,755____________,A tourism operator offering guided township and heritage tours,14.0,1.0,2,0%,25–49%,50–74%,Level 4,Township,0%,nokuthula sibeko,nokuthulasibeko@yahoo.com,074 728 6153
2025-08-26 11:41:05,Riyaad Davids ,Davids Engineering,2018/211669/07,Mining,Western Cape,"2872 Pretorius Way, Springs",190000_________,Springs,Working Capital,Purchase of a delivery vehicle and cold storage unit,0 to R500K,R501K to R1M,648303_________,We provide ICT support and cloud services to small businesses in the province.,2.0,2.0,3,0%,0%,100%,Level 1,Urban,0%,Riyaad Davids,riyaaddavids@webmail.co.za,+27 74 255 8713
2025-07-11 07:35:55,Francois Coetzee ,Coetzee Transport (Pty) Ltd,2025/962390/07,Transportation and Logistics,Western Cape,"1096 Biko Road, Tembisa",1570000________,Tembisa ,Purchase Order Funding;Invoice Financing;Working Capital,Purchase of a delivery vehicle and cold storage unit,0 to R500K,0 to R500K,314224_________,We run a driving school and provide learner licence training.,10.0,2.0,1,0%,100%,100%,Level 1,Urban,0%,Francois Coetzee,francoiscoetzee@yahoo.com,0648535229
2025-07-17 04:01:31,Christo Plessis,Thuso Engineering,2017 / 213898 / 07,Information & Communication Technology,Western Cape,"2882 Main Drive, SOWETO",140000_________,SOWETO,Other (Please specify),"Marketing, customer acquisition and website development ",0 to R500K,0 to R500K,94000__________,Independent pharmacy and primary healthcare clinic serving a rural community,1.0,10.0,10,0%,0%,100%,Level 1,Urban,0%,Christo Plessis,christoplessis25@icloud.com,+27611680088
2025-07-12 14:16:26,Ruan Fortuin,Iron Gate Engineering (Pty) Ltd ,2014/708582/07,Business Services (Agency & Consultancy),Western Cape,"2244 Mandela Crescent, Soweto",19190000_______,Soweto,Purchase Order Funding;Working Capital,"Raw materials, tooling and factory rental for the next 12 months",R1 000 001 to R5M,R5 000 001 to R10M,3838685________,We recycle plastic waste and sell processed pellets to manufacturers.,3.0,21.0,5,100%,0%,100%,Level 1,Rural,1–24%,Ruan Fortuin,ruanfortuin@mweb.co.za,+27876325758
2025-08-20 14:33:25,Marlize Petersen,Petersen Media,2012/807865/07,Retail & Wholesale,Western Cape,"2769 Aloe Street, Tembisa",250000_________,Tembisa ,Equity;Working Capital,To increase production and take on larger supply contracts ,0 to R500K,0 to R500K,17_____________,,7.0,4.0,10,50–74%,100%,100%,Level 1,Township,0%,Marlize Petersen,marlizepetersen831@outlook.com,0846133371
2025-07-23 21:30:43,Boitumelo Chetty,Vertex Solutions (Pty) Ltd ,2018/349308/07,Tourism,Western Cape,"733 Pretorius Way, Richards Bay",180000_________,Richards Bay,Purchase Order Funding;Working Capital,"Purchase of farming implements, seed and irrigation infrastructure",0 to R500K,0 to R500K,29911__________,We supply and install security systems and CCTV. ,5.0,2.0,2,100%,0%,100%,Level 1,Township,0%,Boitumelo Chetty,boitumelochetty@outlook.com,+27639662469
2025-07-20 18:21:44,Refilwe Rakoma,Rakoma Engineering CC,2024/381084/07,Agriculture - Primary ,Limpopo,"2499 Aloe Avenue, Randburg ",58710000_______,Randburg ,Working Capital,To grow the business ,R10 000 001 to R20M,R20 000 001 to R50M,23485151_______,We run a driving school and provide learner licence training.,130.0,29.0,5,100%,50–74%,50–74%,Level 1,Rural,0%,Refilwe Rakoma,refilwerakoma@gmail.com,+27 87 374 7755
2025-08-29 00:39:55,Tariq Dlamini,Dlamini Foods (Pty) Ltd ,2025/672479/07,Healthcare & Biotechnology,Western Cape,"2095 Rivonia Road, Welkom ",70000__________,Welkom,,Working capital to fulfil confirmed purchase orders,0 to R500K,0 to R500K,137014_________,,,0.0,3,0%,50–74%,100%,Level 4,Urban,1–24%,Tariq Dlamini,tariqdlamini@mweb.co.za,0854369382
2025-09-12 15:21:15,Ntando Chetty,Lesedi Media,2017/428608/07,Transportation and Logistics,Gauteng,"309 Marula Lane, Thohoyandou",30000__________,Thohoyandou,Debt & Equity;Working Capital,Purchase of a delivery vehicle and cold storage unit,0 to R500K,0 to R500K,25252__________,A family-run bakery supplying schools and local retailers. ,2.0,1.0,5,0%,50–74%,100%,Level 1,Urban,0%,Ntando Chetty,ntandochetty856@mweb.co.za,+27853710903
2025-08-27 18:51:26,Yusuf Du,Du Foods,,Information & Communication Technology,Western Cape,"999 Main Lane, Thohoyandou",34777550730____,Thohoyandou,Equity,Working capital to fulfil confirmed purchase orders,0 to R500K,R501K to R1M,480638_________,We recycle plastic waste and sell processed pellets to manufacturers.,5.0,11.0,6,0%,50–74%,100%,Level 1,Urban,0%,Yusuf Du,yusufdu@yahoo.com,+27 68 459 8033
2025-08-17 05:18:58,Willem Nel ,Nel Media Group ,201313693907 ,Tourism,Western Cape,"2345 Voortrekker Lane, Rustenburg",70000__________,Rustenburg,Working Capital;Other (Please specify),Expansion into a second branch and hiring of staff ,0 to R500K,0 to R500K,121801_________,We grow and pack vegetables for regional wholesalers and retailers.,2.0,4.0,1,0%,0%,100%,Level 1,Township,0%,willem nel,willemnel310@icloud.com,+27627864663
2025-09-03 03:52:21,Nadia Plessis,Plessis Enterprises (Pty) Ltd,2019/881861/07 ,Manufacturing,Limpopo,"2753 Kruger Lane, Klerksdorp",2050000________,Klerksdorp,Invoice Financing;Working Capital,Operational funding ,0 to R500K,0 to R500K,256003_________,We manufacture and supply steel components to construction contractors.,6.0,2.0,1,50–74%,100%,100%,Level 1,Rural,0%,Nadia Plessis,nadiaplessis527@yahoo.com,+27867926482
2025-07-24 07:37:59,Musa Nkosi,Nkosi Consulting ,2022/583029/07 ,Tourism,Gauteng,"2690 Buitenkant Lane, Rustenburg",240000_________,Rustenburg,Equity,Purchase of a delivery vehicle and cold storage unit,0 to R500K,0 to R500K,302407_________,A tourism operator offering guided township and heritage tours,2.0,5.0,2,25–49%,100%,100%,Level 1,Rural,0%,musa nkosi,musankosi@gmail.com,+27 64 565 8240
2025-07-27 14:06:35,Thulani Govender,Govender Agri (Pty) Ltd,2019/911781/07,Agriculture - Secondary ,Western Cape,"1627 Acacia Crescent, Tembisa",21210000_______,Tembisa,Working Capital,"Purchase of farming implements, seed and irrigation infrastructure",0 to R500K,R501K to R1M,0______________,A family-run bakery supplying schools and local retailers. ,1.0,4.0,2,1–24%,100%,100%,Level 1,Township,0%,Thulani Govender,thulanigovender@mweb.co.za,073 012 8734
2025-08-30 15:45:22,Bianca Ndlovu ,Marula Holdings (Pty) Ltd,2018/133522/07,Hospitality,KZN,"2104 Voortrekker Street, Giyani",40000__________,Giyani,,Operational funding ,0 to R500K,0 to R500K,8159___________,Logistics company transporting goods between major metros. ,6.0,5.0,2,100%,0%,0%,Level 1,Township,0%,Bianca Ndlovu,biancandlovu@gmail.com,+27855874046
2025-07-08 19:29:16,Mxolisi Chetty,Chetty Manufacturing ,,Agriculture - Primary ,Gauteng,"1125 Voortrekker Road, Klerksdorp",27890000_______,Klerksdorp,Equity,To grow the business ,R1 000 001 to R5M,R5 000 001 to R10M,9296580________,Commercial cleaning and hygiene services for offices and factories ,23.0,12.0,1,100%,0%,100%,Level 1,Township,0%,Mxolisi Chetty,mxolisichetty@gmail.com,+27 71 277 1100
2025-09-18 13:11:53,Willem Sibeko,Sibeko Logistics ,2012/247943/07,Waste Management,Limpopo,"211 Main Street, Witbank ",300000_________,Witbank ,Working Capital,"Funding is required for equipment, training and certification.",0 to R500K,0 to R500K,246021_________,We manufacture and supply steel components to construction contractors.,0.0,2.0,2,100%,100%,100%,Level 1,Township,0%,willem sibeko,willemsibeko993@yahoo.com,+27649099125
2025-07-03 07:55:03,Ntombi Petersen,Northstar Distributors Group,2009/521194/07,Manufacturing,Gauteng,"1335 Biko Crescent, Witbank",4760000________,Witbank ,Working Capital,Purchase of a delivery vehicle and cold storage unit,R501K to R1M,R5 000 001 to R10M,5948479________,Commercial cleaning and hygiene services for offices and factories ,45.0,13.0,6,0%,100%,100%,Level 1,Urban,0%,ntombi petersen,ntombipetersen293@mweb.co.za,+27820629613
2025-08-18 19:34:45,Khanyisile Coetzee,Coetzee Solutions,2020/838747/07,,Gauteng,"227 Pretorius Street, Cape Town",220000_________,Cape Town ,,Bridging finance while awaiting payment from government contracts,0 to R500K,0 to R500K,0______________,,,1.0,6,0%,0%,100%,Level 1,Township,0%,Khanyisile Coetzee,khanyisilecoetzee@webmail.co.za,+27781784410
2025-09-24 21:14:30,Lerato Zulu,ZULU CIVILS (PTY) LTD,2025/744224/07,Education,Gauteng,"527 Rivonia Way, Roodepoort",26020000_______,Roodepoort,Working Capital,"Raw materials, tooling and factory rental for the next 12 months",0 to R500K,R501K to R1M,594096_________,Solar installation business serving residential and small commercial clients ,7.0,2.0,6,0%,0%,0%,Level 1,Urban,0%,Lerato Zulu,leratozulu@mweb.co.za,083 581 9922
2025-08-11 14:09:17,Tariq Joubert ,MARULA ENTERPRISES ,2023/352810/07,Agriculture - Secondary ,Gauteng,"2837 Protea Lane, Welkom",800000_________,Welkom,Working Capital,Expansion into a second branch and hiring of staff ,0 to R500K,R501K to R1M,668561_________,We run a driving school and provide learner licence training.,1.0,1.0,4,25–49%,1–24%,100%,Level 1,Township,0%,Tariq Joubert,tariqjoubert@icloud.com,0729096087
2025-06-26 14:32:06,Kabelo Du ,COPPER LEAF AGRI ,2019/347616/07,Agriculture - Primary ,Gauteng,"1000 Acacia Avenue, Paarl",1670000________,Paarl,Other (Please specify),To increase production and take on larger supply contracts ,0 to R500K,R501K to R1M,0______________,We grow and pack vegetables for regional wholesalers and retailers.,11.0,4.0,1,100%,0%,100%,Level 1,Rural,0%,Kabelo Du,kabelodu@mweb.co.za,+27834932706
2025-08-02 05:48:05,Lerato Zwane,Riverstone Enterprises Group,2011/676583/07,Real Estate,Limpopo,"361 Main Crescent, Mahikeng",860000_________,Mahikeng,Equity;Working Capital,"Marketing, customer acquisition and website development ",0 to R500K,0 to R500K,0______________,Commercial cleaning and hygiene services for offices and factories ,1.0,0.0,2,25–49%,50–74%,100%,Level 1,Township,0%,lerato zwane,leratozwane@gmail.com,+27853747054
2025-06-27 05:49:29,Khanyisile Sithole,Sithole Logistics Pty Ltd,2025/121374/07,Automotive,Northern Cape,"1967 Main Crescent, GIYANI",250000_________,GIYANI ,Debt & Equity,To buy additional equipment and expand production capacity,0 to R500K,0 to R500K,2876___________,Catering and events business servicing corporate functions.,1.0,,10,100%,50–74%,100%,Level 1,Urban,0%,khanyisile sithole,khanyisilesithole779@gmail.com,+27864259846
2025-07-28 05:11:43,Hendrik Joubert ,Thuso Manufacturing CC,2023/518052/07 ,Financial Services,Gauteng,"41 Kruger Road, Pretoria ",7540000________,Pretoria,Working Capital,Bridging finance while awaiting payment from government contracts,R1 000 001 to R5M,R1 000 001 to R5M,3769425________,We grow and pack vegetables for regional wholesalers and retailers.,46.0,18.0,10,75–99%,0%,100%,Level 1,Rural,0%,Hendrik Joubert,hendrikjoubert@gmail.com,0639158467
2025-08-04 18:04:48,Busisiwe Hendricks,Vertex Holdings (Pty) Ltd,2013/293527/07,Agriculture - Primary ,Gauteng,"1998 Kruger Avenue, Uitenhage",30000__________,Uitenhage,Working Capital,Working capital to fulfil confirmed purchase orders,0 to R500K,0 to R500K,6262___________,,0.4,2.0,6,0%,0%,100%,Level 1,Township,0%,busisiwe hendricks,busisiwehendricks910@mweb.co.za,+27 81 332 0619
2025-07-23 10:55:01,Willem Pretorius,Pretorius Transport (Pty) Ltd,2008/750107/07 ,Agriculture - Secondary ,Gauteng,"1467 Main Road, Upington",2550000________,Upington,Debt,"Raw materials, tooling and factory rental for the next 12 months",0 to R500K,R1 000 001 to R5M,2121017________,A family-run bakery supplying schools and local retailers. ,14.0,12.0,6,100%,0%,100%,Level 1,Township,75–99%,Willem Pretorius,willempretorius@webmail.co.za,+27612583135
2025-08-17 10:03:06,Jaco Hendricks,Hendricks Manufacturing,,,Limpopo,"1865 Acacia Crescent, Roodepoort ",70160000_______,Roodepoort ,Debt & Equity,To upgrade our machinery and improve turnaround times.,R10 000 001 to R20M,R10 000 001 to R20M,17541047_______,,,,1,100%,100%,50–74%,Level 2,Township,0%,Jaco Hendricks,jacohendricks562@gmail.com,+27 88 501 6007
2025-08-14 18:25:52,Sizwe Mahlangu,Northstar Investments ,2019/225465/07,Retail & Wholesale,Gauteng,"341 Loop Avenue, Centurion ",250000_________,Centurion,Equity,To grow the business ,0 to R500K,0 to R500K,61523__________,We design and sew corporate uniforms and protective clothing.,3.0,2.0,10,0%,0%,100%,Level 1,Urban,0%,Sizwe Mahlangu,SIZWEMAHLANGU@ICLOUD.COM,+27859517676
2025-09-19 13:50:05,Aisha Mashaba,Baobab Civils,2009/687254/07,Transportation and Logistics,Gauteng,"2221 Marula Street, Tzaneen",430000_________,Tzaneen,Working Capital,To buy additional equipment and expand production capacity,0 to R500K,0 to R500K,283536_________,,0.0,3.0,3,100%,100%,100%,Level 2,Township,0%,Aisha Mashaba,aishamashaba@webmail.co.za,+27766332498
2025-08-08 15:15:28,Suzette Khumalo,Khumalo Logistics (Pty) Ltd ,2014/344052/07,Tourism,Gauteng,"2997 Aloe Avenue, KLERKSDORP",3_950000_______,KLERKSDORP,Working Capital,"Funding is required for equipment, training and certification.",R10 000 001 to R20M,R10 000 001 to R20M,13171608_______,Logistics company transporting goods between major metros. ,34.0,5.0,2,100%,50–74%,100%,Level 1,Urban,0%,Suzette Khumalo,suzettekhumalo@mweb.co.za,+27815254839
2025-07-18 15:22:19,Tshepo Joubert ,Vantage Transport,2021/597287/07,Energy,Western Cape,"3109 Protea Avenue, Johannesburg ",660000_________,Johannesburg,Working Capital,"Marketing, customer acquisition and website development ",0 to R500K,R501K to R1M,655359_________,,2.0,4.0,1,100%,0%,100%,Level 1,Urban,0%,Tshepo Joubert,tshepojoubert@mweb.co.za,+27 68 075 6332
2025-09-03 11:57:46,Tshepo Solomons ,Silver Oak Construction,2025/403836/07,Engineering & Construction,Western Cape,"326 Jakaranda Street, Thohoyandou",1870000________,Thohoyandou,Invoice Financing,To grow the business ,R1 000 001 to R5M,R1 000 001 to R5M,1562242________,We recycle plastic waste and sell processed pellets to manufacturers.,25.0,14.0,2,100%,100%,100%,Level 1,Township,0%,Tshepo Solomons,tsheposolomons404@gmail.com,+27 71 317 0921
2025-08-04 14:52:52,Tariq Zwane,Frontier Engineering,2021/961018/07,Waste Management,Western Cape,"631 Mandela Crescent, Klerksdorp",210000_________,Klerksdorp,Working Capital,To buy additional equipment and expand production capacity,R501K to R1M,R501K to R1M,0______________,We supply and install security systems and CCTV. ,3.0,18.0,4,100%,100%,100%,Level 1,Rural,0%,tariq zwane,tariqzwane@mweb.co.za,0740382149
2025-09-10 00:53:25,Priya Ramaphakela ,Ramaphakela Consulting CC ,2022 / 992554 / 07,Waste Management,Western Cape,"1326 Kruger Way, Mbombela",530000_________,Mbombela,Working Capital,Bridging finance while awaiting payment from government contracts,0 to R500K,R501K to R1M,439235_________,Civil engineering contractor focused on roads and stormwater projects ,,3.0,5,0%,100%,100%,Level 1,Township,0%,Priya Ramaphakela,priyaramaphakela@mweb.co.za,+27611708046
2025-07-20 04:38:46,Kagiso Mashaba,FRONTIER DISTRIBUTORS,2010/625810/07,Retail & Wholesale,Gauteng,"2146 Commissioner Crescent, Emalahleni",245000000______,Emalahleni,Working Capital,"Raw materials, tooling and factory rental for the next 12 months",R20 000 001 to R50M,R20 000 001 to R50M,22105433_______,We provide ICT support and cloud services to small businesses in the province.,12.0,29.0,1,50–74%,50–74%,100%,Level 1,Urban,0%,kagiso mashaba,kagisomashaba@icloud.com,0657095621
2025-07-15 20:52:38,Jabulani Mabaso,Kopano Civils Group,202018300307,Waste Management,Western Cape,"974 Jakaranda Drive, Mthatha",710000_________,Mthatha,Invoice Financing;Working Capital,To upgrade our machinery and improve turnaround times.,0 to R500K,R501K to R1M,713014_________,Solar installation business serving residential and small commercial clients ,3.0,2.0,2,25–49%,100%,100%,Level 1,Rural,0%,Jabulani Mabaso,jabulanimabaso@gmail.com,+27618886882
2025-08-23 15:46:29,Nokuthula Botha,Botha Technologies (Pty) Ltd,2019/625558/07,Manufacturing,North West,"1071 Acacia Drive, POTCHEFSTROOM",2870000________,POTCHEFSTROOM,Purchase Order Funding,To increase production and take on larger supply contracts ,0 to R500K,R501K to R1M,573689_________,Logistics company transporting goods between major metros. ,31.0,1.0,3,25–49%,0%,50–74%,Level 8,Rural,0%,Nokuthula Botha,nokuthulabotha@yahoo.com,+27 83 073 4129
2025-08-24 15:54:25,Sizwe Radebe,Radebe Projects (Pty) Ltd,,Business Services (Agency & Consultancy),Limpopo,"3163 Buitenkant Drive, Port Elizabeth",170000_________,Port Elizabeth,,Purchase of a delivery vehicle and cold storage unit,R501K to R1M,R501K to R1M,576790_________,,10.0,3.0,3,50–74%,50–74%,100%,Level 5,Township,0%,Sizwe Radebe,sizweradebe@mweb.co.za,0656594652
2025-07-20 18:15:18,Karin Radebe ,Kalahari Services,2025/635294/07,Healthcare & Biotechnology,Gauteng,"3126 Umgeni Way, Centurion",40000__________,Centurion,Debt,"Purchase of farming implements, seed and irrigation infrastructure",0 to R500K,0 to R500K,0______________,Logistics company transporting goods between major metros. ,3.0,6.0,1,100%,50–74%,100%,Level 1,Rural,0%,Karin Radebe,karinradebe@gmail.com,+27636135276
2025-07-08 20:39:10,Thulani Motaung,Ikhaya Transport,2015/626204/07,Information & Communication Technology,Western Cape,"907 Rissik Street, Emalahleni ",10000__________,Emalahleni,Purchase Order Funding,"Raw materials, tooling and factory rental for the next 12 months",0 to R500K,0 to R500K,17732__________,Catering and events business servicing corporate functions.,0.0,5.0,3,0%,0%,100%,Level 1,Rural,1–24%,thulani motaung,thulanimotaung@mweb.co.za,+27698912279
2025-09-10 14:09:34,Lerato Fortuin,Fortuin Engineering ,2021/808523/07,Waste Management,Mpumalanga,"2041 Voortrekker Drive, Sasolburg ",250000_________,Sasolburg,Invoice Financing;Working Capital,Bridging finance while awaiting payment from government contracts,0 to R500K,0 to R500K,0______________,Civil engineering contractor focused on roads and stormwater projects ,6.0,3.0,3,25–49%,100%,100%,Level 1,Urban,0%,Lerato Fortuin,leratofortuin@gmail.com,+27632892140
2025-07-30 17:45:12,Rukaya Tshabalala ,Tshabalala Construction (Pty) Ltd,2024/845361/07,Manufacturing,Western Cape,"592 Loop Lane, Gqeberha",1100000________,Gqeberha,Working Capital,To increase production and take on larger supply contracts ,0 to R500K,0 to R500K,220902_________,Civil engineering contractor focused on roads and stormwater projects ,5.0,,1,0%,1–24%,100%,Level 1,Township,0%,Rukaya Tshabalala,rukayatshabalala535@gmail.com,067 047 9782
2025-07-10 11:12:17,Suzette Nel,Umlambo Services (Pty) Ltd,2011/218134/07 ,Hospitality,Western Cape,"3087 Acacia Lane, Newcastle ",10000__________,Newcastle ,Working Capital,Bridging finance while awaiting payment from government contracts,0 to R500K,0 to R500K,3303___________,We run a driving school and provide learner licence training.,6.0,1.0,6,100%,0%,75–99%,Level 4,Township,0%,Suzette Nel,suzettenel849@yahoo.com,+27892170783
2025-07-11 04:47:13,Priya Mabena,Kalahari Engineering,2021/699929/07,Manufacturing,Gauteng,"1272 Jakaranda Street, rustenburg ",140000_________,rustenburg,Equity,"Funding is required for equipment, training and certification.",0 to R500K,R501K to R1M,467879_________,A family-run bakery supplying schools and local retailers. ,0.0,3.0,1,50–74%,100%,100%,Level 8,Rural,0%,priya mabena,priyamabena109@mweb.co.za,0896881635
2025-09-22 15:10:47,Reshma Mashaba,Greenfield Services (Pty) Ltd,2011/829286/07,,North West,"1072 Commissioner Avenue, johannesburg",430000_________,johannesburg ,Equity;Working Capital,To buy additional equipment and expand production capacity,0 to R500K,0 to R500K,106972_________,Solar installation business serving residential and small commercial clients ,2.0,2.0,2,0%,0%,50–74%,Level 1,Urban,0%,Reshma Mashaba,reshmamashaba@mweb.co.za,+27 75 269 0425
2025-09-15 10:32:10,Pieter Plessis,Plessis Manufacturing Pty Ltd,2024/324834/07,Hospitality,Gauteng,"1879 Sisulu Avenue, Roodepoort ",13660000_______,Roodepoort ,Working Capital,To increase production and take on larger supply contracts ,0 to R500K,R501K to R1M,470679_________,Commercial cleaning and hygiene services for offices and factories ,5.0,,6,50–74%,0%,100%,Level 1,Urban,0%,pieter plessis,pieterplessis137@webmail.co.za,0799445955
2025-08-12 21:04:00,Aisha Chauke,Kopano Construction Group ,2023/921297/07,Manufacturing,Western Cape,"184 Rivonia Way, Tzaneen",660000_________,Tzaneen,Invoice Financing;Working Capital,To grow the business ,0 to R500K,0 to R500K,218419_________,Independent pharmacy and primary healthcare clinic serving a rural community,3.0,3.0,3,0%,25–49%,100%,Level 1,Urban,0%,Aisha Chauke,aishachauke@mweb.co.za,+27795647467
2025-09-09 03:48:31,Elmarie Motaung,Motaung Investments Group,2015/501259/07,Manufacturing,Limpopo,"2530 Umgeni Avenue, Richards Bay",170000_________,Richards Bay,Other (Please specify),To grow the business ,R1 000 001 to R5M,R501K to R1M,572948_________,We provide ICT support and cloud services to small businesses in the province.,3.0,4.0,3,100%,1–24%,100%,Level 1,Township,0%,Elmarie Motaung,elmariemotaung@gmail.com,+27 64 233 4868
2025-07-17 01:01:01,Musa Joubert,Joubert Transport,2009/724810/07,Information & Communication Technology,Gauteng,"2629 Mandela Lane, Polokwane",5290000________,Polokwane,Debt,To upgrade our machinery and improve turnaround times.,R501K to R1M,R1 000 001 to R5M,1058598________,We manufacture and supply steel components to construction contractors.,4.0,4.0,4,100%,100%,100%,Level 1,Urban,0%,Musa Joubert,musajoubert867@icloud.com,0662035443
2025-09-18 23:41:28,Nokuthula Adams,Adams Civils,2021/650509/07,Business Services (Agency & Consultancy),Limpopo,"2834 Long Street, Randburg",21010000_______,Randburg ,Working Capital,To increase production and take on larger supply contracts ,R10 000 001 to R20M,R10 000 001 to R20M,10503099_______,We design and sew corporate uniforms and protective clothing.,26.0,9.0,2,100%,50–74%,0%,Level 1,Urban,0%,nokuthula adams,nokuthulaadams639@gmail.com,+27658013726
2025-07-08 05:53:47,Pieter Chetty,Vertex Trading CC ,2012/407430/07,Energy,Western Cape,"1828 Acacia Avenue, Thohoyandou",10000__________,Thohoyandou ,Debt & Equity,"Use of Funds
1.	Equipment purchase
2.	Staff expansion
3.	Marketing
",0 to R500K,0 to R500K,6156___________,We supply and install security systems and CCTV. ,5.0,3.0,1,100%,0%,100%,Level 1,Urban,0%,Pieter Chetty,pieterchetty@gmail.com,+27838923494
2025-08-08 01:43:07,Nisha Du,Amandla Projects,,,Gauteng,"2501 Kruger Drive, Vereeniging",340000_________,Vereeniging ,,Purchase of a delivery vehicle and cold storage unit,0 to R500K,0 to R500K,0______________,,2.0,7.0,2,25–49%,0%,100%,Level 1,Urban,0%,Nisha Du,nishadu@yahoo.com,+27756881230
2025-06-30 23:18:35,Mpho Mabaso,Amandla Transport (Pty) Ltd ,2008/499863/07,Healthcare & Biotechnology,Gauteng,"3022 Biko Avenue, Midrand",6690000________,Midrand,Working Capital,"Marketing, customer acquisition and website development ",R1 000 001 to R5M,R1 000 001 to R5M,0______________,Civil engineering contractor focused on roads and stormwater projects ,7.0,15.0,1,0%,100%,100%,Level 1,Township,0%,Mpho Mabaso,mphomabaso236@gmail.com,0847867655
2025-08-25 11:14:53,Danie Reddy,Summit Foods (Pty) Ltd,2013/931910/07,Information & Communication Technology,Limpopo,"728 Tambo Road, Gqeberha",19400000_______,Gqeberha,Working Capital,Stock purchase and general operational funding ,R1 000 001 to R5M,R5 000 001 to R10M,6467556________,Commercial cleaning and hygiene services for offices and factories ,4.0,3.0,3,0%,100%,100%,Level 1,Rural,0%,Danie Reddy,daniereddy@gmail.com,+27 89 548 1763
2025-08-22 13:42:37,Nokuthula Coetzee ,Karoo Transport Group,2025/332431/07,Beauty and wellness,Limpopo,"1240 Kruger Lane, Midrand",48000000_______,Midrand,Debt & Equity,Purchase of a delivery vehicle and cold storage unit,0 to R500K,R1 000 001 to R5M,2846416________,A family-run bakery supplying schools and local retailers. ,6.0,3.0,2,0%,0%,100%,Level 1,Urban,0%,Nokuthula Coetzee,nokuthulacoetzee@webmail.co.za,+27650883632
2025-09-07 21:56:29,Johan Mabaso ,Northstar Civils CC,2016/296097/07,Education,Gauteng,"2100 Jan Smuts Road, Potchefstroom",90000__________,Potchefstroom,Equity,Operational funding ,0 to R500K,0 to R500K,44337__________,We provide ICT support and cloud services to small businesses in the province.,2.0,2.0,3,0%,100%,100%,Level 1,Township,0%,Johan Mabaso,johanmabaso819@webmail.co.za,+27786796427
2025-07-07 02:01:42,Ashraf Rakoma,Rakoma Distributors Group,2010/486316/07,Agriculture - Primary ,Western Cape,"1239 Umgeni Avenue, Witbank",210000_________,Witbank,Working Capital,To buy additional equipment and expand production capacity,0 to R500K,0 to R500K,13514__________,We run a driving school and provide learner licence training.,7.0,6.0,1,100%,0%,100%,Level 1,Rural,0%,Ashraf Rakoma,ashrafrakoma@outlook.com,+27827704425
2025-07-23 20:56:00,Ayanda Tshabalala ,Sizani Services (Pty) Ltd,2022/876925/07,Tourism,Limpopo,"1112 Umgeni Crescent, Nelspruit ",10000__________,Nelspruit,Working Capital,Bridging finance while awaiting payment from government contracts,0 to R500K,0 to R500K,25659__________,We provide ICT support and cloud services to small businesses in the province.,2.0,1.0,1,0%,100%,100%,Level 1,Rural,0%,Ayanda Tshabalala,ayandatshabalala@gmail.com,+27610197705
2025-08-05 15:50:39,Ashraf Zwane ,Summit Civils,,Education,Western Cape,"2677 Biko Crescent, paarl ",1220000________,paarl,Working Capital,Working capital to fulfil confirmed purchase orders,0 to R500K,0 to R500K,86291__________,We run a driving school and provide learner licence training.,2.0,9.0,1,100%,100%,100%,Level 1,Urban,0%,Ashraf Zwane,ashrafzwane@webmail.co.za,+27767876516
2025-08-13 12:08:46,Deepak Ntuli ,Sizani Transport,2015/844213/07,Education,Gauteng,"2035 Church Road, Port Elizabeth",11510000_______,Port Elizabeth,Purchase Order Funding,"Funding is required for equipment, training and certification.",R1 000 001 to R5M,R1 000 001 to R5M,2301104________,We manufacture and supply steel components to construction contractors.,2.0,4.0,1,50–74%,100%,50–74%,Level 1,Rural,0%,Deepak Ntuli,deepakntuli167@gmail.com,0832480619
2025-07-03 01:34:38,Yusuf Petersen,Petersen Enterprises (Pty) Ltd,,Business Services (Agency & Consultancy),Eastern Cape,"3177 Voortrekker Crescent, Kimberley",6990000________,Kimberley,Equity;Working Capital,Expansion into a second branch and hiring of staff ,R501K to R1M,R1 000 001 to R5M,4657334________,,8.0,27.0,2,0%,0%,100%,Level 1,Township,1–24%,Yusuf Petersen,yusufpetersen832@icloud.com,0671783394
2025-09-09 03:34:27,Rukaya Fortuin,Fortuin Media,2008/147766/07 ,Healthcare & Biotechnology,Western Cape,"1452 Mandela Road, Polokwane",8900000________,Polokwane,Purchase Order Funding;Working Capital,"Marketing, customer acquisition and website development ",R1 000 001 to R5M,R5 000 001 to R10M,8898083________,We supply and install security systems and CCTV. ,11.0,8.0,3,75–99%,0%,100%,Level 1,Rural,100%,Rukaya Fortuin,rukayafortuin@mweb.co.za,+27875416556
2025-07-10 09:52:33,Jabulani Daniels ,Daniels Transport (Pty) Ltd,2023/517944/07,Information & Communication Technology,Western Cape,"2650 Commissioner Lane, Worcester",1370000________,Worcester,Debt,To buy additional equipment and expand production capacity,R501K to R1M,R1 000 001 to R5M,913493_________,A family-run bakery supplying schools and local retailers. ,6.0,6.0,3,0%,0%,100%,Level 1,Urban,0%,Jabulani Daniels,jabulanidaniels@mweb.co.za,+27 89 870 0482
2025-07-03 08:07:40,Vikash Wyk ,Summit Agri Group ,2020/773791/07,Engineering & Construction,Western Cape,"1742 Tambo Crescent, Uitenhage",23790000_______,Uitenhage,Working Capital,To grow the business ,R20 000 001 to R50M,Above R50M,0______________,Independent pharmacy and primary healthcare clinic serving a rural community,69.0,8.0,4,100%,100%,100%,Level 1,Rural,0%,vikash wyk,vikashwyk@yahoo.com,0696720572
2025-09-08 00:49:13,Yolandi Jacobs ,UMLAMBO CIVILS CC ,,Energy,Western Cape,"718 Kruger Crescent, Randburg ",780000_________,Randburg,Debt & Equity,"Use of Funds
1.	Equipment purchase
2.	Staff expansion
3.	Marketing
",0 to R500K,0 to R500K,65463__________,We provide ICT support and cloud services to small businesses in the province.,7.0,5.0,2,1–24%,0%,100%,Level 1,Rural,0%,Yolandi Jacobs,yolandijacobs@webmail.co.za,+27660887546
2025-09-19 23:55:15,Willem Mkhize,Mkhize Projects (Pty) Ltd,202599326807,Engineering & Construction,Gauteng,"386 Aloe Avenue, Mahikeng",180000_________,Mahikeng,Working Capital,Purchase of a delivery vehicle and cold storage unit,0 to R500K,R501K to R1M,612936_________,Independent pharmacy and primary healthcare clinic serving a rural community,4.0,3.0,3,100%,100%,100%,Level 1,Rural,0%,Willem Mkhize,willemmkhize@mweb.co.za,+27655764464
2025-08-08 07:14:33,Kgomotso Du ,Vertex Services Group ,,,Gauteng,"2032 Church Way, George",270000_________,George,Working Capital,Purchase of a delivery vehicle and cold storage unit,0 to R500K,0 to R500K,135982_________,,,1.0,3,25–49%,0%,100%,Level 1,Urban,0%,kgomotso du,kgomotsodu@mweb.co.za,0770406618
2025-08-24 08:50:00,Shireen Baloyi,Baloyi Transport Group ,201183946607 ,Retail & Wholesale,Western Cape,"721 Long Street, emalahleni",220000_________,emalahleni,Purchase Order Funding,Operational funding ,0 to R500K,0 to R500K,271107_________,We manufacture and supply steel components to construction contractors.,5.0,1.0,3,100%,100%,100%,Level 1,Rural,0%,Shireen Baloyi,shireenbaloyi@mweb.co.za,+27 78 915 2335
2025-07-26 03:32:05,Zainab Isaacs,Stone Bridge Group,2024/665799/07,Information & Communication Technology,Western Cape,"2817 Sisulu Drive, EMALAHLENI ",14910000_______,EMALAHLENI,Debt,Bridging finance while awaiting payment from government contracts,0 to R500K,R1 000 001 to R5M,2485386________,We design and sew corporate uniforms and protective clothing.,4.0,6.0,6,100%,0%,100%,Level 1,Rural,0%,Zainab Isaacs,zainabisaacs@gmail.com,+27752267556
2025-08-07 15:31:04,Hendrik Joubert,Vertex Media Group,2012/337049/07,Engineering & Construction,Gauteng,"1545 Loop Lane, Springs ",900000_________,Springs ,Working Capital,"Raw materials, tooling and factory rental for the next 12 months",0 to R500K,0 to R500K,0______________,Catering and events business servicing corporate functions.,3.0,0.6,5,50–74%,100%,100%,Level 1,Township,0%,Hendrik Joubert,hendrikjoubert814@webmail.co.za,+27761091739
2025-08-12 08:37:45,Kavitha Ntuli,Blue Crane Engineering (Pty) Ltd,2012 / 714405 / 07,Business Services (Agency & Consultancy),Western Cape,"1164 Jan Smuts Drive, Soweto",5960000________,Soweto,Working Capital,"Raw materials, tooling and factory rental for the next 12 months",R1 000 001 to R5M,R501K to R1M,488767_________,We design and sew corporate uniforms and protective clothing.,5.0,3.0,5,0%,100%,100%,Level 1,Urban,1–24%,Kavitha Ntuli,kavithantuli@yahoo.com,+27 77 481 5843
2025-07-02 01:24:23,Deepak Joubert ,Blackwood Media CC,2023/273955/07,cleaning services,Limpopo,"1677 Voortrekker Road, Worcester",270000_________,Worcester,Invoice Financing,"Funding is required for equipment, training and certification.",R501K to R1M,R501K to R1M,533916_________,,116.0,5.0,2,0%,100%,50–74%,Level 3,Township,0%,deepak joubert,deepakjoubert@gmail.com,+27677573358
2025-07-12 20:21:51,Deepak Fortuin,Catalyst Group,2025/144348/07,Energy,Gauteng,"2590 Umgeni Street, Springs ",10000__________,Springs,Working Capital,"Raw materials, tooling and factory rental for the next 12 months",0 to R500K,0 to R500K,0______________,,2.0,8.0,10,100%,100%,100%,Level 1,Urban,0%,Deepak Fortuin,deepakfortuin@gmail.com,0884300045
2025-08-13 09:49:09,Francois Ntuli ,Umlambo Civils (Pty) Ltd,,Education,Western Cape,"1939 Acacia Street, Mbombela ",30000__________,,Working Capital,"Purchase of farming implements, seed and irrigation infrastructure",0 to R500K,0 to R500K,55241__________,Civil engineering contractor focused on roads and stormwater projects ,2.0,1.0,4,100%,0%,100%,Level 1,Urban,0%,francois ntuli,francoisntuli@gmail.com,+27734366906
2025-08-06 22:35:57,Rukaya Nel,Fairview Manufacturing (Pty) Ltd,2020/849922/07,Tourism,Western Cape,"1989 Umgeni Road, Paarl",180000_________,Paarl,Invoice Financing;Working Capital,Stock purchase and general operational funding ,0 to R500K,0 to R500K,179777_________,We design and sew corporate uniforms and protective clothing.,2.0,2.0,1,0%,0%,100%,Level 2,Urban,0%,Rukaya Nel,rukayanel@icloud.com,0616840395
2025-07-13 05:11:13,Nadia Govender,ZENZELE CIVILS (PTY) LTD,2015/875993/07,Engineering & Construction,Gauteng,"2431 Kruger Way, East London",42930000_______,East London,Other (Please specify),Bridging finance while awaiting payment from government contracts,R20 000 001 to R50M,R20 000 001 to R50M,21463161_______,Commercial cleaning and hygiene services for offices and factories ,,100.0,3,0%,100%,100%,Level 1,Urban,0%,nadia govender,nadiagovender968@yahoo.com,+27862669490
2025-08-30 08:06:37,Ravi Dlamini,Pioneer Foods,2021/197540/07,Retail & Wholesale,Western Cape,"448 Jan Smuts Lane, sasolburg",90000__________,sasolburg,Equity;Working Capital,Working capital to fulfil confirmed purchase orders,0 to R500K,0 to R500K,185253_________,,2.0,3.0,2,0%,0%,100%,Level 1,Urban,0%,Ravi Dlamini,ravidlamini290@mweb.co.za,0754668986
2025-08-20 00:36:12,Thandeka Fourie,Vuka Trading,2025/783301/07,Agriculture - Primary ,Western Cape,"1448 Protea Crescent, Tembisa",4740000________,Tembisa,Purchase Order Funding,To increase production and take on larger supply contracts ,R1 000 001 to R5M,R1 000 001 to R5M,0______________,We provide ICT support and cloud services to small businesses in the province.,7.0,6.0,3,0%,0%,100%,Level 1,Township,0%,Thandeka Fourie,thandekafourie@gmail.com,+27865956733
2025-07-02 16:43:56,Kabelo Radebe,Copper Leaf Group (Pty) Ltd,2016/810757/07,Tourism,Western Cape,"392 Jakaranda Lane, PORT ELIZABETH",830000_________,PORT ELIZABETH,Working Capital,Purchase of a delivery vehicle and cold storage unit,0 to R500K,R501K to R1M,413817_________,Catering and events business servicing corporate functions.,,11.0,4,50–74%,0%,100%,Level 1,Township,0%,Kabelo Radebe,kabeloradebe@webmail.co.za,+27769623550
2025-07-23 03:11:00,Ravi Wyk,Wyk Solutions ,2016/726158/07,Manufacturing,Western Cape,"1895 Buitenkant Street, Uitenhage ",160000_________,Uitenhage,Purchase Order Funding,Stock purchase and general operational funding ,0 to R500K,0 to R500K,26812__________,,2.0,2.0,2,50–74%,0%,25–49%,Level 1,Rural,0%,ravi wyk,raviwyk@mweb.co.za,+27853831665
2025-08-26 20:58:52,Chantelle Isaacs,Isaacs Logistics,2020/592009/07,Energy,Limpopo,"42 Buitenkant Drive, Polokwane",2650000________,Polokwane,Working Capital,Operational funding ,0 to R500K,R501K to R1M,441958_________,Independent pharmacy and primary healthcare clinic serving a rural community,,13.0,1,0%,0%,100%,Level 1,Township,0%,Chantelle Isaacs,chantelleisaacs220@webmail.co.za,0692283588
2025-07-10 01:12:31,Busisiwe Zwane,Ikhaya Group,2016/492437/07,Engineering & Construction,KZN,"3088 Umgeni Lane, Mthatha",1530000________,Mthatha,Equity;Working Capital;Other (Please specify),To increase production and take on larger supply contracts ,0 to R500K,R501K to R1M,765337_________,Solar installation business serving residential and small commercial clients ,2.0,,2,25–49%,100%,100%,Level 1,Township,0%,Busisiwe Zwane,busisiwezwane@icloud.com,077 729 6308
2025-08-23 11:31:34,Lindiwe Chauke,Northstar Media ,2023/337633/07 ,Manufacturing,Gauteng,"2983 Jakaranda Road, Roodepoort",580000_________,Roodepoort,Other (Please specify),Bridging finance while awaiting payment from government contracts,0 to R500K,R501K to R1M,727326_________,We manufacture and supply steel components to construction contractors.,6.0,2.0,2,1–24%,100%,100%,Level 1,Urban,0%,Lindiwe Chauke,lindiwechauke66@webmail.co.za,0785094973
2025-08-16 06:30:03,Ruan Shabalala,Shabalala Enterprises,2022/859536/07,Agriculture - Secondary ,Western Cape,"1359 Jan Smuts Lane, Rustenburg",40000__________,Rustenburg,Purchase Order Funding,"Raw materials, tooling and factory rental for the next 12 months",0 to R500K,0 to R500K,126071_________,We supply and install security systems and CCTV. ,2.0,1.0,3,0%,0%,100%,Level 1,Urban,0%,Ruan Shabalala,ruanshabalala152@mweb.co.za,+27823466911
2025-09-08 06:03:49,Marlize Mabena,Mabena Logistics Group,2013/204665/07,Manufacturing,Limpopo,"1681 Main Crescent, Pietermaritzburg",88947077801____,Pietermaritzburg,Working Capital,To buy additional equipment and expand production capacity,R10 000 001 to R20M,Above R50M,56681248_______,,54.0,26.0,5,0%,0%,100%,Level 1,Rural,0%,Marlize Mabena,marlizemabena630@yahoo.com,+27667777350
2025-09-17 10:10:22,Mxolisi Abrahams ,Vantage Engineering (Pty) Ltd,2016/605042/07,Engineering & Construction,Western Cape,"1941 Kruger Drive, Benoni",10000__________,Benoni ,Equity,To increase production and take on larger supply contracts ,0 to R500K,0 to R500K,7613___________,Civil engineering contractor focused on roads and stormwater projects ,,18.0,1,100%,100%,0%,Level 1,Township,0%,mxolisi abrahams,mxolisiabrahams950@icloud.com,+27 69 494 2664
2025-08-17 01:56:54,Anisha Mokoena,Vertex Projects,2023/239289/07,Manufacturing,Gauteng,"226 Rissik Drive, Soweto",30000__________,Soweto,Working Capital,"Purchase of farming implements, seed and irrigation infrastructure",0 to R500K,0 to R500K,0______________,A family-run bakery supplying schools and local retailers. ,4.0,1.0,1,100%,50–74%,100%,Level 1,Township,25–49%,Anisha Mokoena,ANISHAMOKOENA735@YAHOO.COM,+27 61 231 2587
2025-09-21 13:38:02,Shireen Mthembu ,Mthembu Transport (Pty) Ltd,2017 / 907056 / 07,Engineering & Construction,Mpumalanga,"710 Loop Crescent, pretoria",310000_________,pretoria,Purchase Order Funding,Working capital to fulfil confirmed purchase orders,0 to R500K,0 to R500K,257463_________,We design and sew corporate uniforms and protective clothing.,2.0,1.0,1,75–99%,100%,100%,Level 1,Township,0%,shireen mthembu,shireenmthembu@mweb.co.za,+27721084546
2025-09-22 21:12:19,Palesa Coetzee,Baobab Civils,2017/642643/07,Agriculture - Secondary ,Limpopo,"1986 Voortrekker Way, Midrand",1160000________,Midrand ,Working Capital,"Marketing, customer acquisition and website development ",0 to R500K,R501K to R1M,0______________,Civil engineering contractor focused on roads and stormwater projects ,13.0,7.0,3,0%,0%,100%,Level 1,Township,25–49%,Palesa Coetzee,palesacoetzee@gmail.com,+27819044578
2025-07-30 02:11:27,Francois Daniels,Daniels Agri (Pty) Ltd ,2018/372776/07,Mining,Gauteng,"2792 Long Way, Tembisa",250000_________,Tembisa,Debt & Equity,"Purchase of farming implements, seed and irrigation infrastructure",0 to R500K,0 to R500K,1123___________,We recycle plastic waste and sell processed pellets to manufacturers.,1.0,1.0,,1–24%,100%,100%,Level 1,Rural,25–49%,Francois Daniels,francoisdaniels508@webmail.co.za,+27653337936
2025-09-23 12:44:04,Refilwe Sekgobela,Frontier Solutions ,2017/675605/07,Information & Communication Technology,Mpumalanga,"2314 Kingfisher Way, Giyani",170000_________,Giyani,Working Capital,"Raw materials, tooling and factory rental for the next 12 months",0 to R500K,0 to R500K,143168_________,A tourism operator offering guided township and heritage tours,9.0,19.0,1,100%,0%,100%,Level 3,Urban,0%,Refilwe Sekgobela,refilwesekgobela@mweb.co.za,089 801 7696
2025-07-30 15:42:36,Yusuf Fourie,Fynbos Projects,2014/101731/07,Manufacturing,Western Cape,"2681 Mandela Avenue, Upington ",1000000________,Upington,Working Capital,To increase production and take on larger supply contracts ,0 to R500K,0 to R500K,167488_________,,8.0,3.0,1,25–49%,50–74%,100%,Level 1,Urban,0%,yusuf fourie,yusuffourie@icloud.com,+27881318316
2025-08-11 05:25:07,Ruan Shabalala,Shabalala Foods,2018/798731/07,Manufacturing,Mpumalanga,"3090 Main Lane, Kuruman",1800000________,Kuruman,Other (Please specify),"Marketing, customer acquisition and website development ",0 to R500K,R501K to R1M,898438_________,We supply and install security systems and CCTV. ,6.0,6.0,2,100%,100%,100%,Level 3,Township,0%,Ruan Shabalala,ruanshabalala515@yahoo.com,+27813129197
2025-08-23 17:39:41,Danie Fourie,FOURIE FOODS GROUP ,,,Gauteng,"2350 Voortrekker Drive, Stellenbosch ",30000__________,Stellenbosch,,To grow the business ,0 to R500K,0 to R500K,0______________,We grow and pack vegetables for regional wholesalers and retailers.,,6.0,4,100%,100%,100%,Level 1,Rural,0%,danie fourie,daniefourie@gmail.com,+27770857146
2025-07-08 18:21:28,Palesa Reddy,Reddy Solutions Pty Ltd,,Agriculture - Secondary ,Western Cape,"376 Mandela Lane, Khayelitsha ",970000_________,Khayelitsha ,Debt;Working Capital,"Marketing, customer acquisition and website development ",0 to R500K,0 to R500K,0______________,We supply and install security systems and CCTV. ,6.0,0.0,4,0%,100%,100%,Level 1,Township,0%,palesa reddy,palesareddy@outlook.com,+27 78 540 3526
2025-08-20 03:05:04,Chantelle Isaacs,Nexus Holdings,2014/253873/07 ,Financial Services,Western Cape,"3120 Voortrekker Street, Kuruman",1570000________,Kuruman,Debt,"Funding is required for equipment, training and certification.",0 to R500K,R501K to R1M,626454_________,Catering and events business servicing corporate functions.,4.0,2.0,3,1–24%,1–24%,100%,Level 1,Urban,0%,Chantelle Isaacs,chantelleisaacs42@webmail.co.za,+27658098461
2025-07-27 15:17:23,Ayanda Motaung,Amandla Investments,2013 / 988890 / 07,Hospitality,North West,"3039 Rivonia Way, Centurion",190000_________,Centurion,Working Capital,"Use of Funds
1.	Equipment purchase
2.	Staff expansion
3.	Marketing
",0 to R500K,0 to R500K,243205_________,A tourism operator offering guided township and heritage tours,2.0,,1,50–74%,0%,100%,Level 1,Urban,0%,Ayanda Motaung,ayandamotaung73@mweb.co.za,+27643881144
2025-09-16 09:01:11,Imran Botha ,Botha Investments,2012/439963/07,Transportation and Logistics,Mpumalanga,"1679 Umgeni Road, Stellenbosch",260000_________,Stellenbosch ,Debt & Equity;Working Capital,Bridging finance while awaiting payment from government contracts,0 to R500K,0 to R500K,85124__________,A tourism operator offering guided township and heritage tours,,2.0,1,0%,50–74%,100%,Level 1,Rural,0%,Imran Botha,IMRANBOTHA@OUTLOOK.COM,+27826232694
2025-09-23 01:45:14,Sanele Pillay,Frontier Manufacturing Group,2023/182399/07,Energy,Limpopo,"1905 Rissik Way, Potchefstroom",10000__________,Potchefstroom,Debt,Stock purchase and general operational funding ,0 to R500K,0 to R500K,47913__________,Solar installation business serving residential and small commercial clients ,14.0,3.0,6,100%,0%,1–24%,Level 1,Urban,0%,sanele pillay,sanelepillay@gmail.com,079 388 5259
2025-07-05 21:50:56,Andile Reddy,Reddy Foods Group ,2012/292576/07,Retail & Wholesale,Western Cape,"1780 Main Street, Mokopane",23010000_______,Mokopane,Debt,To buy additional equipment and expand production capacity,0 to R500K,R501K to R1M,613333_________,Logistics company transporting goods between major metros. ,3.0,130.0,1,100%,100%,100%,Level 1,Urban,0%,Andile Reddy,andilereddy108@gmail.com,+27 86 433 5184
2025-08-15 02:22:11,Boitumelo Shabalala,Beacon Enterprises,2022/420453/07,Tourism,Limpopo,"934 Protea Street, Benoni ",340000_________,Benoni,Debt,To upgrade our machinery and improve turnaround times.,0 to R500K,0 to R500K,10792__________,Commercial cleaning and hygiene services for offices and factories ,1.0,39.0,1,0%,100%,100%,Level 1,Township,0%,boitumelo shabalala,boitumeloshabalala@gmail.com,061 951 9869
2025-09-11 21:07:19,Thulani Dlamini,Dlamini Agri CC ,2008/297286/07,Engineering & Construction,Western Cape,"2045 Aloe Drive, Kimberley",16460000_______,Kimberley ,Debt,Operational funding ,0 to R500K,0 to R500K,0______________,Commercial cleaning and hygiene services for offices and factories ,2.0,24.0,10,0%,50–74%,100%,Level 1,Township,0%,thulani dlamini,thulanidlamini663@gmail.com,0678507993
2025-07-28 06:39:59,Zainab Botha,Botha Group (Pty) Ltd ,2023/467268/07,Business Services (Agency & Consultancy),Gauteng,"1523 Main Street, Randburg",180000_________,Randburg ,Other (Please specify),To increase production and take on larger supply contracts ,0 to R500K,0 to R500K,116723_________,Independent pharmacy and primary healthcare clinic serving a rural community,13.0,2.0,1,100%,0%,100%,Level 4,Urban,0%,Zainab Botha,zainabbotha@gmail.com,+27 79 771 0140
2025-09-03 03:24:57,Christo Reddy ,IRON GATE TRADING PTY LTD,2021/136965/07,Retail & Wholesale,Gauteng,"1152 Biko Street, WITBANK",340000_________,WITBANK,Other (Please specify),"Marketing, customer acquisition and website development ",R501K to R1M,0 to R500K,341868_________,We supply and install security systems and CCTV. ,10.0,12.0,6,100%,100%,100%,Level 4,Township,0%,christo reddy,christoreddy@mweb.co.za,+27 66 206 8023
2025-07-14 18:32:06,Mpho Ndlovu,Ndlovu Media Group,2022/559598/07,,Western Cape,"214 Rissik Avenue, Polokwane",6200000________,Polokwane,Working Capital,"Funding is required for equipment, training and certification.",0 to R500K,0 to R500K,0 to R500K,Solar installation business serving residential and small commercial clients ,3.0,6.0,3,0%,100%,100%,Level 1,Township,0%,mpho ndlovu,mphondlovu@yahoo.com,+27888522003
2025-08-02 02:11:00,Nomsa Ndlovu,Ndlovu Projects,2024/225391/07,Agriculture - Primary ,Gauteng,"335 Rissik Crescent, Paarl",5130000________,Paarl,Other (Please specify),To grow the business ,0 to R500K,0 to R500K,203876_________,A family-run bakery supplying schools and local retailers. ,0.0,7.0,10,50–74%,100%,100%,Level 1,Rural,0%,Nomsa Ndlovu,nomsandlovu@mweb.co.za,+27663382498
2025-09-07 20:50:17,Mpho Wyk,Wyk Holdings (Pty) Ltd ,2019/384109/07,Energy,Gauteng,"569 Mandela Way, Mbombela ",290000_________,Mbombela,Debt,"Funding is required for equipment, training and certification.",0 to R500K,R501K to R1M,587780_________,We design and sew corporate uniforms and protective clothing.,10.0,3.0,6,0%,0%,100%,Level 8,Township,0%,Mpho Wyk,mphowyk@yahoo.com,0746711300
2025-07-01 00:06:03,Kgomotso Venter,Venter Enterprises CC,2023/301750/07,Healthcare & Biotechnology,Western Cape,"2178 Rissik Avenue, Thohoyandou",290000_________,Thohoyandou,Debt,To upgrade our machinery and improve turnaround times.,0 to R500K,0 to R500K,114488_________,Catering and events business servicing corporate functions.,3.0,4.0,2,25–49%,50–74%,100%,Level 1,Rural,0%,kgomotso venter,kgomotsoventer@gmail.com,+27790319171
2025-09-06 05:29:23,Thulani Daniels,Marula Distributors,2023/758206/07,,Western Cape,"1709 Sisulu Crescent, Polokwane",370000_________,Polokwane,,To grow the business ,0 to R500K,0 to R500K,372168_________,A tourism operator offering guided township and heritage tours,2.0,2.0,3,0%,0%,100%,Level 1,Urban,0%,Thulani Daniels,thulanidaniels536@gmail.com,+27667623113
2025-08-03 15:45:17,Yolandi Davids,Davids Projects Pty Ltd,2020/643051/07,Manufacturing,Gauteng,"3004 Loop Road, Ladysmith ",250000_________,Ladysmith ,Working Capital,"Purchase of farming implements, seed and irrigation infrastructure",0 to R500K,0 to R500K,72_____________,,3.0,1.0,2,0%,25–49%,100%,Level 2,Urban,0%,yolandi davids,yolandidavids@gmail.com,+27614230908
2025-09-09 21:31:48,Zainab Davids ,Redline Foods Group ,2012/427284/07,Real Estate,Gauteng,"2817 Church Road, Cape Town",20683701367____,Cape Town,Debt,"Use of Funds
1.	Equipment purchase
2.	Staff expansion
3.	Marketing
",0 to R500K,0 to R500K,363633_________,We design and sew corporate uniforms and protective clothing.,3.0,2.0,1,0%,0%,100%,Level 1,Urban,0%,Zainab Davids,zainabdavids@icloud.com,+27 66 996 0333
2025-08-21 02:02:24,Tumelo Joubert,Stone Bridge Construction,2013/743896/07,Manufacturing,Limpopo,"2987 Protea Avenue, Kuruman",92450000_______,Kuruman,Working Capital,Purchase of a delivery vehicle and cold storage unit,R10 000 001 to R20M,R10 000 001 to R20M,15407850_______,We supply and install security systems and CCTV. ,47.0,,1,100%,100%,50–74%,Level 4,Township,0%,Tumelo Joubert,tumelojoubert229@mweb.co.za,074 681 6549
2025-08-14 05:29:34,Mandla Botha ,Greenfield Foods CC,2009/802383/07,Waste Management,Gauteng,"3043 Main Road, Kuruman ",3300000________,Kuruman,Other (Please specify),Operational funding ,R1 000 001 to R5M,R1 000 001 to R5M,1098973________,We recycle plastic waste and sell processed pellets to manufacturers.,3.0,11.0,1,25–49%,100%,100%,Level 1,Rural,0%,mandla botha,mandlabotha155@outlook.com,+27832358353
2025-09-05 02:47:22,Sipho Daniels,Lesedi Logistics,2021/170584/07,Automotive,Gauteng,"323 Tambo Lane, UPINGTON",1870000________,UPINGTON,Working Capital,To increase production and take on larger supply contracts ,0 to R500K,R501K to R1M,622457_________,,6.0,2.0,1,0%,50–74%,100%,Level 1,Urban,0%,sipho daniels,siphodaniels184@gmail.com,+27657843761
2025-09-22 06:26:50,Busisiwe Maluleke,Redline Engineering (Pty) Ltd ,2009/599506/07,Information & Communication Technology,Western Cape,"1346 Jan Smuts Drive, Newcastle",1630000________,Newcastle,Debt,Purchase of a delivery vehicle and cold storage unit,0 to R500K,0 to R500K,407362_________,Commercial cleaning and hygiene services for offices and factories ,9.0,6.0,3,0%,100%,100%,Level 1,Urban,0%,busisiwe maluleke,busisiwemaluleke554@mweb.co.za,+27611857270
2025-08-03 20:17:17,Mxolisi Zulu,Zulu Trading,2014/215167/07,Financial Services,Limpopo,"573 Pretorius Way, Polokwane",140000_________,Polokwane ,Debt;Working Capital,"Funding is required for equipment, training and certification.",0 to R500K,0 to R500K,13248__________,,4.0,53.0,3,100%,100%,0%,Level 1,Urban,1–24%,Mxolisi Zulu,mxolisizulu@gmail.com,+27696009313
2025-08-22 20:59:28,Danie Mabena,Mabena Group,2022/642240/07 ,Retail & Wholesale,Gauteng,"2098 Long Crescent, Witbank ",13970000_______,Witbank,Debt & Equity,To increase production and take on larger supply contracts ,R5 000 001 to R10M,R5 000 001 to R10M,5587229________,We grow and pack vegetables for regional wholesalers and retailers.,16.0,1.0,1,100%,25–49%,100%,Level 8,Township,0%,Danie Mabena,daniemabena@gmail.com,0752270000
2025-09-12 20:48:50,Reshma Tshabalala,Greenfield Projects Pty Ltd ,2015/113700/07,Information & Communication Technology,Gauteng,"1891 Rivonia Way, UPINGTON",1750000________,UPINGTON,Working Capital,"Funding is required for equipment, training and certification.",0 to R500K,0 to R500K,349952_________,A family-run bakery supplying schools and local retailers. ,5.0,3.0,6,100%,100%,100%,Level 1,Urban,0%,reshma tshabalala,reshmatshabalala@gmail.com,+27620346740
2025-08-31 05:55:33,Mxolisi Rakoma,Copper Leaf Group (Pty) Ltd,,Agriculture - Primary ,Western Cape,"2066 Sisulu Street, Witbank ",240000_________,Witbank,Debt & Equity,Working capital to fulfil confirmed purchase orders,R1 000 001 to R5M,R501K to R1M,405588_________,We grow and pack vegetables for regional wholesalers and retailers.,4.0,2.0,1,100%,100%,100%,Level 1,Urban,75–99%,mxolisi rakoma,mxolisirakoma654@mweb.co.za,+27839329882
2025-07-03 07:01:38,Mandla Coetzee,Ikhaya Engineering ,2016/190134/07,Business Services (Agency & Consultancy),Western Cape,"3002 Voortrekker Lane, Khayelitsha",2260000________,Khayelitsha,Other (Please specify),"Use of Funds
1.	Equipment purchase
2.	Staff expansion
3.	Marketing
",R501K to R1M,R1 000 001 to R5M,1882099________,Solar installation business serving residential and small commercial clients ,5.0,8.0,4,25–49%,0%,100%,Level 1,Urban,0%,Mandla Coetzee,mandlacoetzee269@gmail.com,+27 65 267 0631
2025-08-25 14:36:00,Suzette Mabaso,Highveld Construction,2022/439666/07,Energy,Gauteng,"125 Mandela Lane, Ladysmith",16860000_______,Ladysmith,Other (Please specify),"Raw materials, tooling and factory rental for the next 12 months",R10 000 001 to R20M,R10 000 001 to R20M,11240702_______,Logistics company transporting goods between major metros. ,19.0,26.0,3,100%,100%,100%,Level 1,Urban,0%,Suzette Mabaso,SUZETTEMABASO@MWEB.CO.ZA,0848073854
2025-07-18 14:47:29,Sanele Solomons,Ubuntu Construction Group ,202434931307,Waste Management,Limpopo,"1694 Commissioner Drive, Potchefstroom ",8310000________,Potchefstroom,,Operational funding ,R501K to R1M,0 to R500K,417159_________,,0.0,3.0,1,50–74%,50–74%,100%,Level 1,Township,0%,Sanele Solomons,sanelesolomons@webmail.co.za,+27679498978
2025-08-15 18:35:33,Rukaya Fortuin,Thuso Group,2012/530451/07,Mining,Western Cape,"1653 Jakaranda Lane, Paarl",10000__________,Paarl ,Purchase Order Funding;Working Capital,Bridging finance while awaiting payment from government contracts,0 to R500K,0 to R500K,1276___________,Logistics company transporting goods between major metros. ,4.0,5.0,one,0%,100%,100%,Level 1,Urban,0%,Rukaya Fortuin,rukayafortuin@gmail.com,+27820535118
2025-08-27 14:11:10,Rukaya Maluleke,Kalahari Distributors CC,2024/987991/07 ,Manufacturing,Limpopo,"861 Mandela Lane, Sandton",6050000________,Sandton,Other (Please specify),Bridging finance while awaiting payment from government contracts,R1 000 001 to R5M,R5 000 001 to R10M,6053769________,We manufacture and supply steel components to construction contractors.,7.0,16.0,2,0%,50–74%,100%,Level 2,Urban,0%,Rukaya Maluleke,rukayamaluleke@mweb.co.za,+27864902076
2025-06-25 13:14:22,Ayanda Sibeko,Vertex Engineering CC ,2019/913803/07,Information & Communication Technology,Western Cape,"1818 Buitenkant Avenue, Richards Bay",40000__________,Richards Bay,Working Capital,"Funding is required for equipment, training and certification.",0 to R500K,0 to R500K,0______________,We grow and pack vegetables for regional wholesalers and retailers.,1.0,6.0,3,25–49%,100%,100%,Level 1,Urban,0%,Ayanda Sibeko,ayandasibeko@outlook.com,078 103 2987
2025-06-25 05:55:27,Busisiwe Du,Du Services (Pty) Ltd,2023/402122/07,Manufacturing,Gauteng,"2807 Aloe Way, Mthatha",1190000________,Mthatha,Debt & Equity,"Marketing, customer acquisition and website development ",0 to R500K,0 to R500K,395179_________,Civil engineering contractor focused on roads and stormwater projects ,2.0,2.0,6,1–24%,50–74%,100%,Level 1,Urban,0%,busisiwe du,busisiwedu@outlook.com,+27 87 418 6895
2025-07-06 18:01:31,Adele Adams,Adams Civils Pty Ltd ,2023/980629/07,Engineering & Construction,Limpopo,"278 Pretorius Crescent, uitenhage",5610000________,uitenhage,Invoice Financing,"Purchase of farming implements, seed and irrigation infrastructure",R10 000 001 to R20M,R10 000 001 to R20M,18702706_______,Civil engineering contractor focused on roads and stormwater projects ,6.0,3.0,100% black woman owned ,0%,0%,100%,Level 1,Rural,0%,Adele Adams,adeleadams@outlook.com,0875603336
2025-07-03 11:17:42,Deepak Motaung,Redline Technologies ,2015/619695/07,Agriculture - Secondary ,Western Cape,"1019 Kingfisher Avenue, Ladysmith",400000_________,Ladysmith,Purchase Order Funding,To upgrade our machinery and improve turnaround times.,R501K to R1M,0 to R500K,330654_________,Commercial cleaning and hygiene services for offices and factories ,4.0,6.0,2,100%,0%,100%,Level 1,Township,0%,Deepak Motaung,deepakmotaung151@gmail.com,+27 69 278 0627
2025-07-05 00:52:10,Faried Isaacs,Isaacs Logistics CC ,2010/367168/07,Engineering & Construction,Gauteng,"2369 Biko Lane, Kimberley",10000__________,Kimberley,Purchase Order Funding,"Purchase of farming implements, seed and irrigation infrastructure",0 to R500K,0 to R500K,1264___________,A tourism operator offering guided township and heritage tours,4.0,3.0,1,100%,100%,100%,Level 1,Urban,0%,Faried Isaacs,fariedisaacs@yahoo.com,+27678914192
2025-08-16 17:29:51,Siyabonga Mashaba,Mashaba Media,2009/518161/07,Tourism,Western Cape,"1241 Commissioner Way, Welkom",250000_________,Welkom,Equity,Working capital to fulfil confirmed purchase orders,0 to R500K,0 to R500K,119____________,Commercial cleaning and hygiene services for offices and factories ,3.0,4.0,10,0%,0%,100%,Level 1,Rural,0%,Siyabonga Mashaba,siyabongamashaba@gmail.com,+27656665859
2025-08-19 02:31:30,Zanele Nkosi,Nkosi Manufacturing ,2020/182999/07,Manufacturing,Western Cape,"2065 Buitenkant Crescent, Polokwane",760000_________,Polokwane,Working Capital,Operational funding ,0 to R500K,0 to R500K,152983_________,A tourism operator offering guided township and heritage tours,0.39,3.0,2,100%,25–49%,100%,Level 1,Urban,0%,Zanele Nkosi,ZANELENKOSI@GMAIL.COM,+27 82 609 5712
2025-07-22 17:23:07,Musa Rakoma,Rakoma Foods,,Financial Services,Gauteng,"2396 Biko Street, Midrand",80000__________,Midrand,,Operational funding ,0 to R500K,0 to R500K,81264__________,Commercial cleaning and hygiene services for offices and factories ,,3.0,100% black woman owned ,0%,100%,100%,Level 1,Township,0%,Musa Rakoma,musarakoma@outlook.com,0837627266
2025-08-24 01:38:45,Andile Abrahams,Abrahams Media Group,2023/523531/07,Energy,Western Cape,"866 Mandela Crescent, Benoni",5140000________,Benoni,Purchase Order Funding;Working Capital,"Raw materials, tooling and factory rental for the next 12 months",0 to R500K,R501K to R1M,1027124________,Independent pharmacy and primary healthcare clinic serving a rural community,4.0,5.0,3,0%,0%,100%,Level 1,Township,0%,Andile Abrahams,andileabrahams@gmail.com,+27 68 239 5716
2025-07-14 05:17:19,Pieter Pillay,Copper Leaf Construction Pty Ltd,2024/475927/07,Transportation and Logistics,North West,"1854 Aloe Crescent, ROODEPOORT",20000__________,ROODEPOORT ,Working Capital,Operational funding ,0 to R500K,0 to R500K,41452__________,Commercial cleaning and hygiene services for offices and factories ,6.0,0.0,6,100%,50–74%,100%,Level 8,Township,0%,pieter pillay,pieterpillay@outlook.com,+27857759412
2025-07-20 04:04:45,Sanele Mnisi ,Mnisi Transport (Pty) Ltd,2010 / 228742 / 07,Information & Communication Technology,Gauteng,"2208 Biko Street, Mthatha ",130000_________,Mthatha,Working Capital,Bridging finance while awaiting payment from government contracts,0 to R500K,0 to R500K,0______________,Catering and events business servicing corporate functions.,9.0,1.0,1,0%,0%,100%,Level 2,Rural,0%,sanele mnisi,sanelemnisi@icloud.com,+27 81 029 7956
2025-07-28 12:10:31,Thulani Mnisi,Lesedi Manufacturing (Pty) Ltd ,2010/395800/07,Engineering & Construction,Gauteng,"1591 Kingfisher Drive, Ladysmith",2710000________,Ladysmith ,Purchase Order Funding,"Marketing, customer acquisition and website development ",R1 000 001 to R5M,R1 000 001 to R5M,2710169________,We run a driving school and provide learner licence training.,8.0,7.0,5,0%,0%,100%,Level 1,Urban,0%,Thulani Mnisi,thulanimnisi@outlook.com,0779913858
2025-09-08 09:24:28,Vusi Du ,Du Consulting (Pty) Ltd ,2014/190853/07,Engineering & Construction,Western Cape,"986 Voortrekker Crescent, Roodepoort ",420000_________,Roodepoort,Purchase Order Funding;Invoice Financing;Working Capital,"Marketing, customer acquisition and website development ",0 to R500K,0 to R500K,0______________,Civil engineering contractor focused on roads and stormwater projects ,7.0,2.0,10,100%,100%,100%,Level 1,Township,0%,Vusi Du,vusidu@gmail.com,+27 68 109 7752
2025-07-15 18:12:08,Marlize Cele ,Cele Enterprises ,,Transportation and Logistics,Western Cape,"80 Protea Street, Cape Town ",22090000_______,Cape Town ,Purchase Order Funding,Stock purchase and general operational funding ,R5 000 001 to R10M,R5 000 001 to R10M,0______________,Commercial cleaning and hygiene services for offices and factories ,45.0,23.0,2,0%,0%,100%,Level 2,Rural,0%,Marlize Cele,marlizecele503@gmail.com,+27871705857
2025-09-13 03:16:26,Kabelo Isaacs,Highveld Projects Pty Ltd,2014/445781/07,,Western Cape,"144 Biko Road, Kuruman",39250000_______,Kuruman ,,To increase production and take on larger supply contracts ,R1 000 001 to R5M,R1 000 001 to R5M,1279549________,,25.0,21.0,one,0%,100%,100%,Level 1,Township,0%,Kabelo Isaacs,kabeloisaacs@gmail.com,+27717989668
2025-09-12 14:03:20,Pieter Joubert,Joubert Investments ,2009/406114/07,Retail & Wholesale,Western Cape,"193 Long Drive, Ladysmith ",220000_________,Ladysmith,Working Capital,To increase production and take on larger supply contracts ,R501K to R1M,R501K to R1M,740509_________,A tourism operator offering guided township and heritage tours,3.0,7.0,3,100%,0%,100%,Level 1,Urban,0%,Pieter Joubert,pieterjoubert@outlook.com,+27782179819
2025-07-06 12:01:44,Kabelo Mashaba,Mashaba Technologies CC ,,Transportation and Logistics,Limpopo,"1068 Sisulu Drive, Port Elizabeth",50000__________,Port Elizabeth,Debt & Equity,To buy additional equipment and expand production capacity,0 to R500K,0 to R500K,13576__________,We manufacture and supply steel components to construction contractors.,,13.0,5,0%,0%,100%,Level 1,Rural,50–74%,Kabelo Mashaba,kabelomashaba@gmail.com,+27 79 308 7414
2025-08-21 21:13:51,Yusuf Reddy,Nexus Enterprises CC ,2015/264935/07,Engineering & Construction,Limpopo,"2854 Kruger Way, Richards Bay",410000_________,Richards Bay ,Working Capital,Expansion into a second branch and hiring of staff ,0 to R500K,0 to R500K,101437_________,We manufacture and supply steel components to construction contractors.,3.0,2.0,10,25–49%,50–74%,100%,Level 1,Rural,0%,Yusuf Reddy,yusufreddy179@gmail.com,+27 81 171 8673
2025-08-17 18:04:51,Thabo Sibeko,Highveld Logistics CC,2019/173094/07 ,Information & Communication Technology,Gauteng,"1067 Commissioner Way, Thohoyandou ",3780000,Thohoyandou,Debt,"Funding is required for equipment, training and certification.",R501K to R1M,R5 000 001 to R10M,7558715________,We run a driving school and provide learner licence training.,19.0,6.0,3,0%,50–74%,100%,Level 1,Township,0%,Thabo Sibeko,thabosibeko564@mweb.co.za,+27825654858
2025-06-27 05:49:29,Khanyisile Sithole,Sithole Logistics Pty Ltd,2025/121374/07,Automotive,Northern Cape,"1967 Main Crescent, GIYANI",250000_________,GIYANI ,Debt & Equity,To buy additional equipment and expand production capacity,0 to R500K,0 to R500K,2876___________,Catering and events business servicing corporate functions.,1.0,,10,100%,50–74%,100%,Level 1,Urban,0%,khanyisile sithole,khanyisilesithole779@gmail.com,+27864259846
2025-07-09 07:09:46,Lindiwe Mahlangu ,Catalyst Civils,2025/139589/07,Agriculture - Primary ,Gauteng,"1315 Voortrekker Street, MAHIKENG ",580000_________,MAHIKENG,Working Capital,To upgrade our machinery and improve turnaround times.,0 to R500K,R501K to R1M,0 to R500K,We supply and install security systems and CCTV. ,9.0,39.0,2,1–24%,100%,100%,Level 1,Township,0%,Lindiwe Mahlangu,lindiwemahlangu401@webmail.co.za,+27730372870
2025-08-09 01:53:02,Aisha Daniels,Daniels Enterprises (Pty) Ltd,2008/121474/07,Agriculture - Secondary ,North West,"2786 Mandela Lane, Johannesburg ",60000__________,Johannesburg,Working Capital,"Marketing, customer acquisition and website development ",0 to R500K,0 to R500K,0______________,Commercial cleaning and hygiene services for offices and factories ,,1.0,5,100%,100%,100%,Level 1,Rural,0%,Aisha Daniels,aishadaniels218@webmail.co.za,+27881805300
2025-09-05 01:41:25,Aisha Steyn,Greenfield Projects CC,2018 / 533364 / 07,Manufacturing,Limpopo,"1037 Marula Road, EMALAHLENI",14800000_______,EMALAHLENI,Working Capital,"Use of Funds
1.	Equipment purchase
2.	Staff expansion
3.	Marketing
",0 to R500K,0 to R500K,436398_________,,1.0,2.0,1,25–49%,50–74%,100%,Level 1,Urban,1–24%,Aisha Steyn,aishasteyn109@webmail.co.za,+27767193358
2025-07-26 15:35:20,Sanjay Joubert,Thuso Logistics Group,2012/419909/07,Manufacturing,Limpopo,"929 Kruger Avenue, Potchefstroom",20000__________,Potchefstroom,Debt;Working Capital,"Funding is required for equipment, training and certification.",0 to R500K,0 to R500K,32362__________,Civil engineering contractor focused on roads and stormwater projects ,17.0,6.0,1,0%,100%,100%,Level 1,Urban,1–24%,sanjay joubert,sanjayjoubert987@mweb.co.za,+27742631609
2025-07-17 11:19:25,Sipho Radebe,Radebe Group ,2013/222616/07,Engineering & Construction,Gauteng,"458 Marula Lane, Centurion",150000_________,Centurion,Equity;Working Capital,To upgrade our machinery and improve turnaround times.,0 to R500K,0 to R500K,123759_________,Catering and events business servicing corporate functions.,7.0,4.0,1,1–24%,0%,100%,Level 1,Township,100%,Sipho Radebe,siphoradebe@webmail.co.za,+27667323915
2025-07-19 02:40:07,Willem Rakoma,RAKOMA SERVICES (PTY) LTD,2013/922071/07,Automotive,Gauteng,"233 Commissioner Way, Mokopane",16540000_______,Mokopane,Equity,Operational funding ,0 to R500K,R501K to R1M,780864_________,Solar installation business serving residential and small commercial clients ,5.0,1.0,1,0%,1–24%,100%,Level 1,Township,100%,Willem Rakoma,willemrakoma@gmail.com,+27634404580
2025-08-25 23:49:22,Tshepo Rakoma ,Amandla Media (Pty) Ltd,,,Limpopo,"2689 Marula Crescent, Vereeniging",10000__________,Vereeniging,Purchase Order Funding,Working capital to fulfil confirmed purchase orders,0 to R500K,0 to R500K,3949___________,We recycle plastic waste and sell processed pellets to manufacturers.,1.0,3.0,1,100%,0%,100%,Level 1,Township,0%,Tshepo Rakoma,tsheporakoma@gmail.com,+27620071609
2025-09-23 21:54:09,Kagiso Petersen ,Petersen Technologies Group,Petersen Technologies Group,Manufacturing,Limpopo,"3093 Rivonia Road, Ladysmith ",3600000________,Ladysmith,Working Capital,"Use of Funds
1.	Equipment purchase
2.	Staff expansion
3.	Marketing
",0 to R500K,0 to R500K,87546__________,We provide ICT support and cloud services to small businesses in the province.,5.0,4.0,5,100%,100%,100%,Level 1,Rural,0%,kagiso petersen,kagisopetersen@gmail.com,+27882153663
2025-07-04 22:48:12,Tshepo Mthembu ,Sizani Foods,2011/182480/07 ,Tourism,Gauteng,"2556 Protea Drive, Durban",2550000________,Durban,Working Capital,Stock purchase and general operational funding ,0 to R500K,0 to R500K,424636_________,We manufacture and supply steel components to construction contractors.,3.0,7.0,2,100%,100%,100%,Level 3,Urban,0%,tshepo mthembu,tshepomthembu@mweb.co.za,+27825477773
2025-09-04 16:37:00,Kabelo Mahlangu ,Mahlangu Construction (Pty) Ltd,2018/305125/07,Energy,Mpumalanga,"2556 Sisulu Crescent, pretoria",4030000________,pretoria,Working Capital,"Purchase of farming implements, seed and irrigation infrastructure",R1 000 001 to R5M,R5 000 001 to R10M,0______________,Civil engineering contractor focused on roads and stormwater projects ,24.0,9.0,1,100%,0%,75–99%,Level 1,Township,0%,kabelo mahlangu,kabelomahlangu@mweb.co.za,+27742453734
2025-09-09 09:06:00,Nosipho Nkosi,NKOSI SOLUTIONS,2024/321452/07,Energy,Eastern Cape,"745 Umgeni Crescent, Vereeniging",400000_________,Vereeniging,Equity,Operational funding ,0 to R500K,0 to R500K,496190_________,We run a driving school and provide learner licence training.,1.0,2.0,4,25–49%,0%,100%,Level 1,Rural,0%,Nosipho Nkosi,nosiphonkosi@mweb.co.za,+27 67 987 2947
2025-08-02 12:03:26,Elmarie Sekgobela,Sekgobela Enterprises,2020/899193/07,Agriculture - Primary ,Gauteng,"2208 Kruger Road, cape town ",720000_________,cape town,Purchase Order Funding;Working Capital,Stock purchase and general operational funding ,0 to R500K,R501K to R1M,905386_________,We run a driving school and provide learner licence training.,,1.0,3,0%,0%,100%,Level 1,Urban,0%,elmarie sekgobela,elmariesekgobela@icloud.com,+27 81 506 3468
2025-07-16 21:52:03,Nandi Zulu,Vuka Construction Group,2011/877767/07,Financial Services,Gauteng,"2384 Jan Smuts Avenue, Pretoria",910000_________,Pretoria,Working Capital,"Funding is required for equipment, training and certification.",R501K to R1M,R501K to R1M,762485_________,We manufacture and supply steel components to construction contractors.,1.0,4.0,3,0%,100%,100%,Level 1,Urban,0%,nandi zulu,nandizulu906@webmail.co.za,+27 62 653 4969
2025-09-11 11:09:03,Tumelo Ndlovu,Thuso Trading,2009 / 735864 / 07,Business Services (Agency & Consultancy),Western Cape,"2853 Acacia Crescent, Port Elizabeth",3740000________,,Debt,To upgrade our machinery and improve turnaround times.,0 to R500K,0 to R500K,258190_________,Independent pharmacy and primary healthcare clinic serving a rural community,1.0,2.0,1,25–49%,0%,75–99%,Level 1,Rural,0%,Tumelo Ndlovu,tumelondlovu@outlook.com,+27 86 617 7542
2025-07-23 04:18:08,Kagiso Sithole ,Kalahari Holdings Pty Ltd ,2013/422418/07,Agriculture - Primary ,Western Cape,"1527 Tambo Street, DURBAN",300000_________,DURBAN,Working Capital,Stock purchase and general operational funding ,0 to R500K,0 to R500K,378651_________,Commercial cleaning and hygiene services for offices and factories ,,3.0,6,100%,0%,100%,Level 1,Urban,0%,Kagiso Sithole,kagisosithole59@gmail.com,+27 78 570 2666
2025-07-29 03:39:02,Shireen Sekgobela ,Thuso Distributors Pty Ltd,2010/722891/07,Information & Communication Technology,Mpumalanga,"2052 Acacia Street, benoni ",1100000________,benoni ,Working Capital,Purchase of a delivery vehicle and cold storage unit,0 to R500K,R501K to R1M,0______________,We run a driving school and provide learner licence training.,1.0,13.0,10,0%,100%,100%,Level 1,Urban,0%,Shireen Sekgobela,shireensekgobela@icloud.com,+27640768804
2025-09-11 23:13:28,Sipho Mabena,Sondela Foods CC,2021/730068/07,Financial Services,Limpopo,"1581 Commissioner Street, Bloemfontein",22690000_______,Bloemfontein,Debt & Equity,Working capital to fulfil confirmed purchase orders,R1 000 001 to R5M,R5 000 001 to R10M,7562940________,Commercial cleaning and hygiene services for offices and factories ,26.0,3.0,4,0%,0%,100%,Level 1,Township,0%,Sipho Mabena,siphomabena@icloud.com,+27682059499
2025-07-04 23:45:29,Nandi Singh,Singh Holdings Pty Ltd,2010/445170/07,Education,Limpopo,"532 Protea Street, Soweto",30000__________,Soweto,Purchase Order Funding;Working Capital,"Raw materials, tooling and factory rental for the next 12 months",0 to R500K,0 to R500K,2877___________,We manufacture and supply steel components to construction contractors.,,1.0,5,100%,50–74%,100%,Level 1,Urban,0%,Nandi Singh,nandisingh@mweb.co.za,+27 84 384 6969
2025-07-14 05:45:27,Boitumelo Ntuli,Amandla Technologies,2009/771875/07,Manufacturing,Gauteng,"1386 Main Drive, Benoni ",250000_________,Benoni,,"Marketing, customer acquisition and website development ",0 to R500K,0 to R500K,75_____________,We grow and pack vegetables for regional wholesalers and retailers.,,0.0,10,100%,100%,100%,Level 1,Township,0%,Boitumelo Ntuli,boitumelontuli794@icloud.com,+27899796405
2025-07-06 13:25:47,Kgomotso Cele,Riverstone Engineering (Pty) Ltd ,2014/623027/07,Business Services (Agency & Consultancy),KZN,"2119 Kingfisher Crescent, Khayelitsha ",3740000________,Khayelitsha,Other (Please specify),Bridging finance while awaiting payment from government contracts,0 to R500K,R501K to R1M,622852_________,We grow and pack vegetables for regional wholesalers and retailers.,3.0,12.0,3,0%,0%,100%,Level 1,Rural,0%,Kgomotso Cele,kgomotsocele@webmail.co.za,+27890778366
2025-07-17 06:17:42,Riaan Molefe,Meridian Holdings Pty Ltd ,2011/723371/07,Engineering & Construction,Limpopo,"1237 Main Avenue, Centurion ",330000_________,Centurion,Purchase Order Funding;Working Capital,"Funding is required for equipment, training and certification.",0 to R500K,0 to R500K,110543_________,A tourism operator offering guided township and heritage tours,,5.0,5,100%,0%,100%,Level 1,Rural,0%,Riaan Molefe,riaanmolefe@yahoo.com,+27776166515
2025-07-02 03:46:02,Bongani Ramaphakela,Vantage Civils ,2021 / 883540 / 07,Manufacturing,Limpopo,"3168 Jan Smuts Street, KURUMAN",430000_________,KURUMAN,Other (Please specify),Operational funding ,0 to R500K,0 to R500K,173854_________,Catering and events business servicing corporate functions.,5.0,6.0,1,50–74%,0%,100%,Level 1,Township,0%,bongani ramaphakela,bonganiramaphakela120@gmail.com,+27617419208
2025-09-13 20:53:25,Marlize Mabaso,Sunrise Holdings,2018/138497/07,Hospitality,Limpopo,"2515 Umgeni Road, Tembisa ",2060000________,Tembisa,Debt & Equity,Stock purchase and general operational funding ,0 to R500K,R501K to R1M,0______________,We recycle plastic waste and sell processed pellets to manufacturers.,18.0,1.0,1,100%,0%,100%,Level 1,Urban,0%,Marlize Mabaso,marlizemabaso@icloud.com,+27 62 326 2694
2025-09-18 18:38:23,Nomsa Pillay,ZENZELE HOLDINGS GROUP,2011/188513/07,Manufacturing,KZN,"639 Loop Lane, Polokwane",80000__________,Polokwane ,Other (Please specify),Stock purchase and general operational funding ,0 to R500K,0 to R500K,20526__________,Catering and events business servicing corporate functions.,2.0,3.0,10,0%,50–74%,100%,Level 1,Township,0%,Nomsa Pillay,nomsapillay342@gmail.com,+27 63 984 4614
2025-08-20 16:09:49,Ruan Steyn,Stone Bridge Holdings,202091841107,Engineering & Construction,Gauteng,"2601 Mandela Street, Sasolburg",2180000________,Sasolburg,Working Capital,To increase production and take on larger supply contracts ,0 to R500K,R501K to R1M,872506_________,Independent pharmacy and primary healthcare clinic serving a rural community,9.0,6.0,3,0%,100%,100%,Level 1,Rural,0%,Ruan Steyn,ruansteyn@outlook.com,+27626471133
2025-08-04 03:07:52,Bongani Molefe ,Stone Bridge Distributors,,,Western Cape,"570 Long Way, Mthatha",2580000________,Mthatha,,"Marketing, customer acquisition and website development ",0 to R500K,0 to R500K,191232_________,We recycle plastic waste and sell processed pellets to manufacturers.,,4.0,1,0%,100%,100%,Level 1,Urban,0%,bongani molefe,bonganimolefe@webmail.co.za,063 506 9811
2025-07-25 01:11:28,Riaan Reddy,Reddy Enterprises CC,2015/288378/07,Tourism,Gauteng,"1122 Commissioner Drive, Sandton",12600000_______,Sandton ,Debt;Working Capital,Expansion into a second branch and hiring of staff ,R10 000 001 to R20M,R10 000 001 to R20M,10501245_______,A tourism operator offering guided township and heritage tours,21.0,16.0,10,0%,100%,100%,Level 1,Township,0%,Riaan Reddy,riaanreddy@yahoo.com,+27 78 127 7745
2025-07-08 03:17:38,Andile Plessis,Plessis Construction Pty Ltd,2008/266610/07,Retail & Wholesale,Gauteng,"1161 Rivonia Road, Potchefstroom",1470000________,Potchefstroom,Working Capital,To increase production and take on larger supply contracts ,R501K to R1M,R501K to R1M,488397_________,We grow and pack vegetables for regional wholesalers and retailers.,16.0,3.0,5,0%,100%,100%,Level 1,Rural,0%,Andile Plessis,andileplessis487@webmail.co.za,+27887799689
2025-08-07 12:48:45,Karin Davids,Clear Water Civils Group,2017/635758/07,Engineering & Construction,Western Cape,"343 Main Way, Pretoria ",820000_________,Pretoria,Working Capital,Working capital to fulfil confirmed purchase orders,0 to R500K,0 to R500K,163884_________,We supply and install security systems and CCTV. ,11.0,0.0,5,100%,50–74%,100%,Level 1,Township,0%,Karin Davids,karindavids294@gmail.com,0632500900
2025-06-25 23:51:37,Ayanda Van ,Copper Leaf Construction,2020/978364/07,NPO & NPC,Gauteng,"1938 Church Road, Pretoria",410000_________,Pretoria,Debt & Equity,Purchase of a delivery vehicle and cold storage unit,R501K to R1M,R501K to R1M,688997_________,We run a driving school and provide learner licence training.,5.0,2.0,1,100%,0%,100%,Level 1,Township,0%,Ayanda Van,ayandavan@gmail.com,077 488 8615
2025-09-17 18:28:07,Nokuthula Solomons,LESEDI AGRI PTY LTD,2021 / 955989 / 07 ,,Western Cape,"434 Rissik Crescent, Ladysmith",32320000_______,Ladysmith,,"Use of Funds
1.	Equipment purchase
2.	Staff expansion
3.	Marketing
",R1 000 001 to R5M,R5 000 001 to R10M,8080246________,,,19.0,10,100%,50–74%,100%,Level 1,Township,0%,Nokuthula Solomons,nokuthulasolomons@outlook.com,+27815905766
2025-08-04 13:58:16,Andile Molefe,Molefe Media Pty Ltd ,2023/927795/07,Manufacturing,Limpopo,"1871 Jakaranda Way, Tembisa",110000_________,Tembisa,Working Capital;Other (Please specify),"Use of Funds
1.	Equipment purchase
2.	Staff expansion
3.	Marketing
",0 to R500K,0 to R500K,114493_________,Civil engineering contractor focused on roads and stormwater projects ,1.0,1.0,1,100%,50–74%,100%,Level 1,Rural,0%,Andile Molefe,andilemolefe578@webmail.co.za,+27844627435
2025-07-05 22:57:51,Thulani Joubert ,Joubert Group,2012/290925/07 ,Engineering & Construction,Gauteng,"2475 Jan Smuts Road, Centurion ",14630000_______,Centurion,Purchase Order Funding;Invoice Financing;Working Capital,"Funding is required for equipment, training and certification.",R1 000 001 to R5M,R5 000 001 to R10M,5850345________,We supply and install security systems and CCTV. ,55.0,116.0,3,0%,100%,75–99%,Level 1,Township,0%,Thulani Joubert,thulanijoubert@icloud.com,0671653087
2025-09-22 16:41:42,Aisha Rakoma,Beacon Projects Group,Beacon Projects Group,Agriculture - Primary ,Limpopo,"2877 Biko Way, Springs ",8190000________,Springs,Working Capital,To buy additional equipment and expand production capacity,R1 000 001 to R5M,R1 000 001 to R5M,0______________,A tourism operator offering guided township and heritage tours,1.0,30.0,3,0%,50–74%,100%,Level 1,Rural,0%,Aisha Rakoma,aisharakoma664@yahoo.com,+27836576511
2025-06-28 23:25:37,Sizwe Rakoma,Rakoma Manufacturing CC ,2015/556006/07,Manufacturing,Eastern Cape,"3104 Buitenkant Street, Mthatha",1210000________,Mthatha,Working Capital,"Raw materials, tooling and factory rental for the next 12 months",0 to R500K,0 to R500K,241403_________,We grow and pack vegetables for regional wholesalers and retailers.,4.0,0.0,3,0%,1–24%,100%,Level 1,Urban,0%,Sizwe Rakoma,sizwerakoma832@webmail.co.za,+27689332442
2025-08-23 21:24:19,Tariq Botha,Sondela Agri CC ,2013/719935/07,Transportation and Logistics,Gauteng,"1098 Umgeni Crescent, Ladysmith ",25760000_______,Ladysmith,Working Capital,Purchase of a delivery vehicle and cold storage unit,R1 000 001 to R5M,R1 000 001 to R5M,1464161________,Catering and events business servicing corporate functions.,13.0,74.0,1,1–24%,0%,100%,Level 1,Urban,0%,Tariq Botha,tariqbotha455@outlook.com,0868593489
2025-08-14 22:45:35,Nomsa Pillay ,Pillay Transport,2019/980697/07,Agriculture - Secondary ,Western Cape,"3002 Long Crescent, Randburg ",570000_________,Randburg,Working Capital,"Funding is required for equipment, training and certification.",0 to R500K,R501K to R1M,478014_________,We recycle plastic waste and sell processed pellets to manufacturers.,1.0,,5,100%,100%,100%,Level 1,Township,0%,Nomsa Pillay,nomsapillay@icloud.com,+27 76 506 7799
2025-07-17 15:12:22,Amahle Mokoena ,Meridian Projects,2021/348447/07,Tourism,Limpopo,"2684 Kruger Street, Khayelitsha",40910000_______,Khayelitsha,Debt & Equity,"Use of Funds
1.	Equipment purchase
2.	Staff expansion
3.	Marketing
",0 to R500K,R1 000 001 to R5M,1847042________,Logistics company transporting goods between major metros. ,4.0,4.0,100%,0%,100%,0%,Level 1,Rural,0%,amahle mokoena,amahlemokoena@webmail.co.za,+27887136083
2025-08-17 22:19:56,Katlego Du,LOWVELD CIVILS,2022/564384/07,Engineering & Construction,Western Cape,"1015 Aloe Drive, Kuruman",250000_________,Kuruman ,Invoice Financing,Operational funding ,0 to R500K,0 to R500K,22_____________,We run a driving school and provide learner licence training.,1.0,8.0,4,0%,0%,0%,Level 1,Township,0%,Katlego Du,katlegodu@icloud.com,+27770907114
2025-08-28 17:14:10,Bongani Abrahams,Abrahams Media (Pty) Ltd,2025 / 583170 / 07,Energy,Gauteng,"2661 Buitenkant Lane, emalahleni ",100000_________,emalahleni,Equity;Working Capital;Other (Please specify),Expansion into a second branch and hiring of staff ,0 to R500K,R501K to R1M,349528_________,Logistics company transporting goods between major metros. ,18.0,3.0,2,0%,0%,100%,Level 1,Township,0%,Bongani Abrahams,bonganiabrahams@webmail.co.za,0796201813
2025-09-14 02:41:06,Ntombi Adams,Adams Trading,2017/419907/07,Textiles,Western Cape,"1465 Rivonia Avenue, Sandton ",250000_________,Sandton ,Working Capital,Purchase of a delivery vehicle and cold storage unit,0 to R500K,0 to R500K,0______________,Commercial cleaning and hygiene services for offices and factories ,2.0,0.0,2,0%,100%,0%,Level 1,Township,0%,Ntombi Adams,ntombiadams@gmail.com,+27810304014
2025-08-08 05:18:27,Boitumelo Pillay,Pillay Construction Group ,,Engineering & Construction,Gauteng,"2038 Buitenkant Lane, tembisa",6780000________,tembisa,Working Capital,To grow the business ,R1 000 001 to R5M,R1 000 001 to R5M,4517958________,We recycle plastic waste and sell processed pellets to manufacturers.,9.0,7.0,10,25–49%,0%,100%,Level 2,Urban,0%,Boitumelo Pillay,BOITUMELOPILLAY239@MWEB.CO.ZA,+27664859764
2025-08-03 23:58:16,Ntando Dlamini ,Dlamini Enterprises ,2013/624316/07,Manufacturing,Western Cape,"88 Mandela Road, VEREENIGING",250000_________,VEREENIGING ,Debt,"Funding is required for equipment, training and certification.",0 to R500K,0 to R500K,86_____________,Catering and events business servicing corporate functions.,16.0,21.0,4,1–24%,0%,25–49%,Level 1,Urban,0%,Ntando Dlamini,ntandodlamini769@gmail.com,+27653071729
2025-09-16 20:32:33,Kgomotso Naidoo ,Naidoo Enterprises Pty Ltd,2022/722207/07,Waste Management,Limpopo,"1840 Jakaranda Drive, Polokwane ",2000000________,Polokwane,Working Capital,Bridging finance while awaiting payment from government contracts,0 to R500K,R1 000 001 to R5M,1995105________,Civil engineering contractor focused on roads and stormwater projects ,7.0,4.0,4,0%,0%,50–74%,Level 1,Rural,0%,Kgomotso Naidoo,kgomotsonaidoo263@gmail.com,+27 83 143 7788
2025-09-19 07:31:24,Mpho Zulu,Zulu Investments (Pty) Ltd,,,Western Cape,"1270 Sisulu Avenue, Mbombela",1290000________,Mbombela,Other (Please specify),Expansion into a second branch and hiring of staff ,0 to R500K,R1 000 001 to R5M,0______________,Solar installation business serving residential and small commercial clients ,19.0,26.0,2,0%,0%,0%,Level 4,Rural,0%,Mpho Zulu,mphozulu163@gmail.com,+27860803112
2025-08-20 17:03:42,Danie Motaung,Blue Crane Services Pty Ltd,2020/680891/07,Agriculture - Primary ,Western Cape,"1303 Jan Smuts Drive, Mahikeng",250000_________,Mahikeng,Debt;Working Capital,Operational funding ,0 to R500K,0 to R500K,0______________,,5.0,4.0,1,0%,0%,1–24%,Level 1,Urban,0%,danie motaung,daniemotaung@gmail.com,+27 71 169 1397
2025-06-25 22:22:22,Imran Govender,Govender Holdings,2018/140332/07,Engineering & Construction,Western Cape,"2776 Pretorius Way, SOWETO",230000_________,SOWETO ,Working Capital,Working capital to fulfil confirmed purchase orders,0 to R500K,0 to R500K,46501__________,We manufacture and supply steel components to construction contractors.,6.0,3.0,one,0%,0%,100%,Level 4,Urban,0%,Imran Govender,imrangovender@gmail.com,0836759619
2025-07-11 05:39:40,Zainab Zulu,Blue Crane Foods ,2022/583771/07,Manufacturing,Gauteng,"2210 Buitenkant Crescent, Cape Town",610000_________,Cape Town,Debt,Operational funding ,0 to R500K,0 to R500K,15982__________,Commercial cleaning and hygiene services for offices and factories ,1.0,3.0,2,100%,25–49%,100%,Level 1,Township,0%,Zainab Zulu,zainabzulu@gmail.com,+27766190951
2025-08-30 09:03:42,Naledi Singh,Singh Enterprises,2025/361677/07 ,Hospitality,Gauteng,"1845 Sisulu Lane, pietermaritzburg",1680000________,,Debt & Equity;Working Capital,Purchase of a delivery vehicle and cold storage unit,0 to R500K,0 to R500K,99062__________,We supply and install security systems and CCTV. ,5.0,0.0,1,0%,100%,100%,Level 2,Township,0%,Naledi Singh,naledisingh151@icloud.com,068 446 7010
2025-08-19 05:19:06,Katlego Maluleke,Oakridge Media (Pty) Ltd ,2014/648971/07,Agriculture - Primary ,Gauteng,"998 Mandela Avenue, Tembisa",10000__________,,Working Capital,To buy additional equipment and expand production capacity,0 to R500K,0 to R500K,5024___________,A tourism operator offering guided township and heritage tours,2.0,2.0,1,50–74%,0%,100%,Level 1,Urban,0%,katlego maluleke,katlegomaluleke870@icloud.com,+27 72 595 9909
2025-07-18 13:34:16,Sanele Mkhize,Mkhize Technologies ,2014/149763/07,Manufacturing,Gauteng,"436 Buitenkant Drive, Springs",20000__________,Springs ,Purchase Order Funding,"Raw materials, tooling and factory rental for the next 12 months",0 to R500K,0 to R500K,0______________,Commercial cleaning and hygiene services for offices and factories ,,1.0,4,0%,0%,100%,Level 1,Urban,0%,sanele mkhize,sanelemkhize@icloud.com,+27740697724
2025-09-13 17:13:06,Thulani Chetty,Chetty Trading (Pty) Ltd ,2024 / 273887 / 07,Agriculture - Primary ,Gauteng,"1539 Acacia Crescent, Worcester",1510000________,Worcester,Working Capital;Other (Please specify),"Raw materials, tooling and factory rental for the next 12 months",R1 000 001 to R5M,R5 000 001 to R10M,5022712________,Logistics company transporting goods between major metros. ,4.0,13.0,1,0%,0%,100%,Level 4,Urban,0%,Thulani Chetty,thulanichetty187@webmail.co.za,+27654568549
2025-07-14 11:21:12,Kavitha Nel,Thuso Holdings Pty Ltd,2022/356353/07,Business Services (Agency & Consultancy),Mpumalanga,"602 Kruger Street, Polokwane",1030000________,Polokwane ,Debt,Purchase of a delivery vehicle and cold storage unit,0 to R500K,R1 000 001 to R5M,1721141________,Logistics company transporting goods between major metros. ,7.0,32.0,4,0%,0%,100%,Level 1,Urban,0%,Kavitha Nel,kavithanel@outlook.com,+27 73 807 7648
2025-08-26 11:27:13,Busisiwe Mahlangu,Mahlangu Holdings CC,2022/459894/07 ,Education,Gauteng,"1984 Jakaranda Avenue, Johannesburg",250000_________,Johannesburg,Other (Please specify),Stock purchase and general operational funding ,0 to R500K,0 to R500K,23_____________,We supply and install security systems and CCTV. ,3.0,5.0,3,100%,0%,100%,Level 1,Rural,0%,busisiwe mahlangu,busisiwemahlangu@gmail.com,066 594 4512
2025-06-26 13:44:42,Ashwin Chetty,Sunrise Services CC,2018/593068/07 ,Education,Limpopo,"1458 Mandela Street, richards bay",40000__________,,Debt,Stock purchase and general operational funding ,0 to R500K,0 to R500K,30492__________,We manufacture and supply steel components to construction contractors.,5.0,4.0,3,0%,0%,100%,Level 1,Rural,0%,Ashwin Chetty,ashwinchetty@yahoo.com,0633905996
2025-08-26 11:58:49,Katlego Ramaphakela,Amandla Services,2024 / 442249 / 07,Manufacturing,Limpopo,"2207 Voortrekker Lane, Pietermaritzburg",510000_________,Pietermaritzburg,Working Capital,"Funding is required for equipment, training and certification.",R501K to R1M,R501K to R1M,639282_________,Solar installation business serving residential and small commercial clients ,4.0,8.0,6,0%,0%,100%,Level 4,Township,0%,katlego ramaphakela,katlegoramaphakela@gmail.com,+27853745238
2025-07-01 19:06:55,Puleng Hendricks,Hendricks Foods Pty Ltd,2017/237373/07,NPO & NPC,Limpopo,"451 Jakaranda Street, Cape Town ",2360000,Cape Town,Other (Please specify),"Funding is required for equipment, training and certification.",R1 000 001 to R5M,R1 000 001 to R5M,0______________,Catering and events business servicing corporate functions.,2.0,17.0,2,100%,100%,100%,Level 1,Urban,0%,Puleng Hendricks,pulenghendricks@outlook.com,+27724810972
2025-08-11 18:28:33,Tshepo Zulu ,Zulu Services Group ,2013/542481/07,Transportation and Logistics,Western Cape,"1290 Voortrekker Road, Khayelitsha",280000_________,Khayelitsha ,Debt,Working capital to fulfil confirmed purchase orders,0 to R500K,0 to R500K,284706_________,Catering and events business servicing corporate functions.,5.0,,10,100%,50–74%,100%,Level 1,Township,0%,Tshepo Zulu,tshepozulu@yahoo.com,+27 89 653 2475
2025-08-14 02:55:10,Pieter Pillay,Sondela Media CC ,2018/555765/07,Engineering & Construction,Gauteng,"837 Aloe Way, Newcastle ",90000__________,Newcastle ,Equity,Purchase of a delivery vehicle and cold storage unit,0 to R500K,0 to R500K,17226__________,We run a driving school and provide learner licence training.,6.0,13.0,2,100%,50–74%,100%,Level 1,Township,0%,Pieter Pillay,pieterpillay90@gmail.com,0849384108
2025-09-16 05:35:07,Katlego Zulu ,Zulu Projects ,2018/940711/07,Financial Services,Gauteng,"846 Sisulu Way, Roodepoort",370000_________,Roodepoort,Purchase Order Funding,Expansion into a second branch and hiring of staff ,0 to R500K,R501K to R1M,619622_________,We design and sew corporate uniforms and protective clothing.,4.0,2.0,5,0%,100%,100%,Level 1,Urban,0%,katlego zulu,katlegozulu@outlook.com,+27 82 189 6969
2025-06-26 04:24:39,Kabelo Baloyi,Baloyi Holdings Pty Ltd ,2019/156169/07,Engineering & Construction,Western Cape,"65 Jan Smuts Crescent, Khayelitsha ",5840000________,Khayelitsha,Working Capital,"Raw materials, tooling and factory rental for the next 12 months",R1 000 001 to R5M,R1 000 001 to R5M,1947371________,A tourism operator offering guided township and heritage tours,2.0,15.0,2,100%,50–74%,100%,Level 1,Township,0%,Kabelo Baloyi,kabelobaloyi517@gmail.com,+27 77 463 0751
2025-09-06 10:47:25,Jaco Singh ,Pioneer Technologies ,2008/147234/07 ,Retail & Wholesale,Gauteng,"110 Church Street, Richards Bay ",200000_________,Richards Bay,Other (Please specify),"Marketing, customer acquisition and website development ",0 to R500K,R501K to R1M,0______________,We run a driving school and provide learner licence training.,7.0,7.0,4,100%,100%,100%,Level 1,Rural,0%,jaco singh,jacosingh135@yahoo.com,+27677781324
2025-09-15 19:29:56,Vikash Plessis,Stone Bridge Manufacturing Pty Ltd,2011/351579/07,Mining,Limpopo,"1253 Aloe Street, Bloemfontein",290000_________,Bloemfontein,Purchase Order Funding,"Funding is required for equipment, training and certification.",0 to R500K,0 to R500K,145315_________,,1.0,2.0,1,100%,0%,100%,Level 2,Urban,0%,vikash plessis,vikashplessis918@webmail.co.za,+27665902736
2025-08-22 01:47:09,Thulani Ngcobo,Ngcobo Investments (Pty) Ltd,2019/179503/07,Retail & Wholesale,Limpopo,"1177 Buitenkant Street, Mthatha",970000_________,Mthatha,Debt & Equity,Bridging finance while awaiting payment from government contracts,0 to R500K,R501K to R1M,972385_________,A tourism operator offering guided township and heritage tours,2.0,1.0,2,100%,0%,100%,Level 1,Township,0%,Thulani Ngcobo,thulaningcobo@gmail.com,+27 69 681 1246
2025-09-19 16:06:37,Karin Wyk,Wyk Projects Group ,2025/205557/07,Engineering & Construction,Limpopo,"1237 Jakaranda Street, Giyani",14300000_______,Giyani,Working Capital,To upgrade our machinery and improve turnaround times.,0 to R500K,R501K to R1M,715953_________,Solar installation business serving residential and small commercial clients ,15.0,1.0,5,0%,0%,100%,Level 1,Rural,0%,Karin Wyk,karinwyk108@gmail.com,+27 78 577 4666
2025-07-23 16:02:10,Ruan Mabena,Sondela Enterprises,,Agriculture - Primary ,Limpopo,"2401 Church Lane, Witbank",30000__________,Witbank ,Working Capital,To upgrade our machinery and improve turnaround times.,0 to R500K,0 to R500K,0______________,We provide ICT support and cloud services to small businesses in the province.,,1.0,4,1–24%,100%,100%,Level 7,Rural,0%,Ruan Mabena,ruanmabena@yahoo.com,+27780302192
2025-09-22 08:55:58,Mxolisi Govender,Lowveld Consulting Pty Ltd,2012/796369/07,Manufacturing,Western Cape,"2489 Mandela Way, Potchefstroom",3530000________,Potchefstroom ,Other (Please specify),"Use of Funds
1.	Equipment purchase
2.	Staff expansion
3.	Marketing
",R501K to R1M,R501K to R1M,706374_________,We grow and pack vegetables for regional wholesalers and retailers.,3.0,2.0,6,100%,1–24%,75–99%,Level 1,Rural,0%,mxolisi govender,mxolisigovender@gmail.com,0639134660
2025-08-21 16:35:35,Annelie Mthembu,Mthembu Solutions Group,2009/491829/07 ,Manufacturing,Western Cape,"1817 Kruger Drive, Welkom",3350000________,Welkom,Debt & Equity,"Marketing, customer acquisition and website development ",0 to R500K,R501K to R1M,558322_________,We design and sew corporate uniforms and protective clothing.,3.0,1.0,3,0%,0%,100%,Level 1,Urban,0%,Annelie Mthembu,anneliemthembu@gmail.com,+27 74 037 4429
2025-09-22 20:48:17,Jaco Dlamini,Dlamini Technologies,2015/457210/07,Energy,Gauteng,"806 Rissik Lane, Welkom",20000__________,Welkom ,Working Capital,To increase production and take on larger supply contracts ,0 to R500K,0 to R500K,35813__________,We provide ICT support and cloud services to small businesses in the province.,39.0,7.0,10,0%,0%,100%,Level 1,Township,0%,Jaco Dlamini,jacodlamini768@webmail.co.za,+27887942628
2025-07-09 02:18:42,Kabelo Singh,SINGH CIVILS,2022/838101/07,Entertainment and Media,Western Cape,"616 Kingfisher Way, EAST LONDON",370000_________,EAST LONDON ,Working Capital,Stock purchase and general operational funding ,0 to R500K,0 to R500K,183820_________,We supply and install security systems and CCTV. ,7.0,0.0,3,25–49%,100%,100%,Level 1,Township,0%,Kabelo Singh,kabelosingh@gmail.com,+27795971057
2025-09-17 02:37:59,Jaco Venter,Lowveld Transport,2015/186733/07,Engineering & Construction,Eastern Cape,"1169 Jan Smuts Road, Worcester",1120000________,Worcester,Working Capital,"Purchase of farming implements, seed and irrigation infrastructure",0 to R500K,R501K to R1M,747999_________,We manufacture and supply steel components to construction contractors.,7.0,9.0,1,0%,100%,100%,Level 1,Township,100%,jaco venter,jacoventer169@gmail.com,075 041 8680
2025-09-07 17:50:04,Marius Petersen ,Protea Consulting,,Information & Communication Technology,North West,"2429 Commissioner Avenue, Port Elizabeth",6630000________,Port Elizabeth,Debt & Equity,To upgrade our machinery and improve turnaround times.,R1 000 001 to R5M,R1 000 001 to R5M,1105168________,A family-run bakery supplying schools and local retailers. ,6.0,5.0,2,0%,25–49%,100%,Level 1,Urban,0%,Marius Petersen,mariuspetersen@gmail.com,+27 78 408 6947
2025-07-26 13:32:28,Ntando Motaung ,Fairview Media (Pty) Ltd,2025/845058/07,Education,Western Cape,"2830 Buitenkant Way, Emalahleni",50000__________,Emalahleni,Debt,Expansion into a second branch and hiring of staff ,0 to R500K,0 to R500K,4725___________,We provide ICT support and cloud services to small businesses in the province.,5.0,2.0,6,0%,0%,100%,Level 1,Township,0%,Ntando Motaung,ntandomotaung232@icloud.com,+27828589530
2025-08-07 17:37:53,Yusuf Motaung,Catalyst Solutions (Pty) Ltd,202418756207,Mining,Gauteng,"1858 Buitenkant Road, Nelspruit",140000_________,Nelspruit,Working Capital,Operational funding ,0 to R500K,0 to R500K,0______________,,3.0,3.0,5,0%,0%,100%,Level 1,Rural,0%,yusuf motaung,yusufmotaung350@outlook.com,+27664163901
2025-07-14 04:02:09,Bongani Mahlangu,Mahlangu Technologies CC,2017/594981/07,Business Services (Agency & Consultancy),Gauteng,"2068 Voortrekker Drive, Kimberley",230000_________,Kimberley,Debt & Equity;Working Capital,Stock purchase and general operational funding ,0 to R500K,0 to R500K,156154_________,Solar installation business serving residential and small commercial clients ,3.0,1.0,2,1–24%,0%,100%,Level 1,Township,0%,bongani mahlangu,bonganimahlangu@webmail.co.za,0727170556
2025-09-12 08:54:30,Chantelle Plessis ,Greenfield Group CC ,2011/335782/07,Financial Services,Limpopo,"2133 Acacia Avenue, NELSPRUIT",2590000________,NELSPRUIT ,Working Capital,"Use of Funds
1.	Equipment purchase
2.	Staff expansion
3.	Marketing
",0 to R500K,R501K to R1M,518542_________,Logistics company transporting goods between major metros. ,5.0,0.0,10,0%,100%,0%,Level 1,Urban,0%,Chantelle Plessis,chantelleplessis780@outlook.com,+27754632785
2025-08-19 10:58:04,Sibusiso Pretorius,Pretorius Solutions,2020/363558/07,Engineering & Construction,Western Cape,"696 Pretorius Lane, Thohoyandou",1920000________,Thohoyandou,Invoice Financing;Working Capital,"Funding is required for equipment, training and certification.",R501K to R1M,R501K to R1M,319922_________,A tourism operator offering guided township and heritage tours,11.0,6.0,5,0%,100%,100%,Level 1,Urban,0%,sibusiso pretorius,sibusisopretorius@icloud.com,+27670668470
2025-09-03 07:03:30,Adele Mahlangu,Ubuntu Consulting (Pty) Ltd,2017/235356/07,Engineering & Construction,Gauteng,"1721 Kruger Avenue, emalahleni",3210000________,emalahleni,Working Capital,To increase production and take on larger supply contracts ,R1 000 001 to R5M,R1 000 001 to R5M,2676683________,We recycle plastic waste and sell processed pellets to manufacturers.,13.0,56.0,2,100%,0%,100%,Level 8,Urban,0%,adele mahlangu,adelemahlangu@yahoo.com,+27722159232
2025-09-03 20:24:45,Priya Chauke,Chauke Solutions,2024/449191/07,Information & Communication Technology,Limpopo,"351 Biko Lane, Kimberley ",10000__________,Kimberley,Working Capital,"Use of Funds
1.	Equipment purchase
2.	Staff expansion
3.	Marketing
",0 to R500K,0 to R500K,22120__________,,2.0,10.0,4,0%,50–74%,50–74%,Level 2,Township,0%,Priya Chauke,priyachauke@gmail.com,+27670173078
2025-08-04 13:31:31,Kagiso Shabalala,Karoo Consulting Pty Ltd,2025/148840/07,Manufacturing,Western Cape,"3032 Protea Lane, Centurion",490000_________,Centurion,Purchase Order Funding,"Marketing, customer acquisition and website development ",0 to R500K,0 to R500K,194345_________,,3.0,3.0,6,25–49%,100%,100%,Level 1,Urban,25–49%,Kagiso Shabalala,kagisoshabalala@webmail.co.za,+27894793886
2025-09-05 21:32:52,Ravi Botha,Botha Investments (Pty) Ltd,2010/698930/07,Agriculture - Secondary ,Limpopo,"2837 Tambo Street, Uitenhage ",690000_________,Uitenhage ,Other (Please specify),To buy additional equipment and expand production capacity,0 to R500K,0 to R500K,172463_________,Logistics company transporting goods between major metros. ,5.0,1.0,2,0%,0%,100%,Level 1,Rural,0%,ravi botha,ravibotha503@webmail.co.za,+27 87 421 2672
2025-06-26 04:17:13,Christo Petersen ,Petersen Civils,,Information & Communication Technology,Gauteng,"2484 Marula Avenue, Benoni",2650000________,Benoni,Working Capital,To increase production and take on larger supply contracts ,R501K to R1M,R501K to R1M,529180_________,We grow and pack vegetables for regional wholesalers and retailers.,1.0,14.0,1,0%,0%,100%,Level 2,Urban,0%,Christo Petersen,christopetersen@mweb.co.za,+27 82 017 9154
2025-06-26 23:14:45,Ruan Tshabalala,Sizani Solutions Pty Ltd ,2022/733586/07,Engineering & Construction,Gauteng,"2228 Rissik Drive, Mthatha",210000_________,Mthatha ,Working Capital,Expansion into a second branch and hiring of staff ,0 to R500K,R501K to R1M,352649_________,We grow and pack vegetables for regional wholesalers and retailers.,6.0,22.0,3,75–99%,100%,100%,Level 1,Urban,0%,Ruan Tshabalala,ruantshabalala@gmail.com,+27893298118
2025-07-15 03:47:17,Sibusiso Davids ,Davids Investments,2011/284619/07,Information & Communication Technology,Limpopo,"1407 Umgeni Way, Bloemfontein",60000__________,Bloemfontein,Debt & Equity,To buy additional equipment and expand production capacity,0 to R500K,0 to R500K,55976__________,We recycle plastic waste and sell processed pellets to manufacturers.,0.0,3.0,2,0%,100%,50–74%,Level 1,Urban,0%,Sibusiso Davids,sibusisodavids@mweb.co.za,+27755639508
2025-09-22 04:00:30,Bongani Isaacs,Isaacs Trading ,2020/760858/07,Manufacturing,Gauteng,"3116 Loop Way, potchefstroom ",6510000________,potchefstroom,Purchase Order Funding,"Use of Funds
1.	Equipment purchase
2.	Staff expansion
3.	Marketing
",0 to R500K,0 to R500K,411834_________,We design and sew corporate uniforms and protective clothing.,,10.0,1,0%,1–24%,75–99%,Level 1,Urban,0%,Bongani Isaacs,bonganiisaacs@icloud.com,+27642865921
2025-08-03 21:25:58,Aisha Plessis ,Plessis Trading Group,2013/496372/07,Mining,Western Cape,"2201 Marula Way, SASOLBURG",730000_________,SASOLBURG,Working Capital,"Marketing, customer acquisition and website development ",R501K to R1M,0 to R500K,488768_________,A family-run bakery supplying schools and local retailers. ,3.0,8.0,2,100%,0%,75–99%,Level 1,Township,0%,Aisha Plessis,aishaplessis@outlook.com,+27850376515
2025-08-08 16:52:08,Naledi Fourie,Fourie Distributors,,Engineering & Construction,Limpopo,"2925 Mandela Drive, Johannesburg",250000_________,Johannesburg,Equity;Debt & Equity;Working Capital,Working capital to fulfil confirmed purchase orders,0 to R500K,0 to R500K,258____________,Solar installation business serving residential and small commercial clients ,7.0,10.0,1,50–74%,0%,50–74%,Level 1,Urban,0%,naledi fourie,naledifourie@outlook.com,+27680385315
2025-09-06 20:43:23,Zanele Isaacs,Sunrise Logistics ,2013/436718/07 ,Retail & Wholesale,Gauteng,"3078 Loop Drive, Klerksdorp ",2840000________,Klerksdorp,Other (Please specify),To upgrade our machinery and improve turnaround times.,0 to R500K,0 to R500K,112283_________,Solar installation business serving residential and small commercial clients ,2.0,7.0,4,100%,100%,100%,Level 2,Rural,0%,Zanele Isaacs,zaneleisaacs@icloud.com,0763534227
2025-08-09 03:40:06,Amahle Rakoma,RAKOMA INVESTMENTS (PTY) LTD ,2018/937080/07,Agriculture - Primary ,Gauteng,"1951 Main Drive, Tzaneen",100000_________,Tzaneen ,Working Capital,"Funding is required for equipment, training and certification.",0 to R500K,R501K to R1M,334314_________,We provide ICT support and cloud services to small businesses in the province.,4.0,3.0,2,0%,1–24%,100%,Level 1,Rural,0%,Amahle Rakoma,amahlerakoma@mweb.co.za,+27639261380
2025-08-12 15:45:36,Imran Isaacs,Drakensberg Solutions (Pty) Ltd,2020/264780/07,Manufacturing,Western Cape,"1191 Kingfisher Crescent, Port Elizabeth",2500_00________,Port Elizabeth,Purchase Order Funding,To buy additional equipment and expand production capacity,0 to R500K,0 to R500K,30_____________,We design and sew corporate uniforms and protective clothing.,21.0,2.0,1,0%,50–74%,100%,Level 1,Township,100%,Imran Isaacs,imranisaacs345@yahoo.com,+27794604237
2025-07-30 21:35:09,Reshma Baloyi,Baloyi Investments (Pty) Ltd,2021/107544/07,Business Services (Agency & Consultancy),Limpopo,"3029 Acacia Avenue, Pietermaritzburg",200000_________,Pietermaritzburg,Other (Please specify),Expansion into a second branch and hiring of staff ,0 to R500K,0 to R500K,135892_________,A tourism operator offering guided township and heritage tours,1.0,2.0,2,100%,1–24%,100%,Level 1,Rural,0%,reshma baloyi,reshmabaloyi722@yahoo.com,0827140568
2025-08-26 15:55:11,Nokuthula Wyk,Wyk Manufacturing,2009/340957/07,Information & Communication Technology,Western Cape,"2602 Jan Smuts Street, Nelspruit",59810000_______,Nelspruit,Working Capital,"Purchase of farming implements, seed and irrigation infrastructure",R20 000 001 to R50M,R20 000 001 to R50M,39876073_______,Independent pharmacy and primary healthcare clinic serving a rural community,67.0,20.0,1,100%,50–74%,100%,Level 1,Urban,1–24%,Nokuthula Wyk,nokuthulawyk@gmail.com,+27837685312
2025-07-23 21:42:10,Yolandi Tshabalala ,Tshabalala Agri,2008/273829/07,Transportation and Logistics,Gauteng,"604 Voortrekker Lane, Ladysmith",100000_________,Ladysmith,Working Capital,To upgrade our machinery and improve turnaround times.,0 to R500K,0 to R500K,19404__________,A family-run bakery supplying schools and local retailers. ,2.0,9.0,Yolandi Tshabalala,100%,0%,100%,Level 1,Township,0%,Yolandi Tshabalala,yolanditshabalala60@mweb.co.za,+27 64 952 2069
2025-08-05 06:53:50,Marius Mkhize,Mkhize Technologies,2022/454181/07,Waste Management,Limpopo,"1177 Pretorius Road, Polokwane",720000_________,Polokwane,Working Capital,To buy additional equipment and expand production capacity,0 to R500K,0 to R500K,481348_________,A tourism operator offering guided township and heritage tours,10.0,9.0,2,0%,100%,100%,Level 1,Urban,0%,Marius Mkhize,mariusmkhize@gmail.com,0746268437
2025-08-22 13:33:01,Thandeka Maluleke ,Maluleke Enterprises Pty Ltd,2012/443820/07,Healthcare & Biotechnology,Gauteng,"2740 Rivonia Drive, Kimberley",560000_________,Kimberley,Working Capital,Operational funding ,0 to R500K,0 to R500K,111822_________,Civil engineering contractor focused on roads and stormwater projects ,22.0,4.0,3,100%,100%,100%,Level 1,Urban,0%,thandeka maluleke,thandekamaluleke@gmail.com,074 539 9502
2025-07-18 18:27:11,Anisha Radebe,Radebe Engineering ,2011/830660/07,Entertainment and Media,Western Cape,"445 Kingfisher Drive, Bloemfontein ",190000_________,Bloemfontein,Working Capital,To upgrade our machinery and improve turnaround times.,R1 000 001 to R5M,R501K to R1M,642477_________,We grow and pack vegetables for regional wholesalers and retailers.,4.0,4.0,1,0%,100%,100%,Level 1,Township,0%,anisha radebe,anisharadebe@icloud.com,+27721637204
2025-07-13 16:55:30,Mxolisi Plessis,Apex Services (Pty) Ltd,2022/837524/07,Engineering & Construction,Gauteng,"2514 Tambo Lane, Richards Bay",50000__________,Richards Bay,Working Capital,"Funding is required for equipment, training and certification.",0 to R500K,0 to R500K,23630__________,We run a driving school and provide learner licence training.,4.0,2.0,4,100%,0%,100%,Level 1,Urban,0%,Mxolisi Plessis,mxolisiplessis@outlook.com,+27722648251
2025-08-20 08:04:33,Zainab Mabaso ,Mabaso Projects (Pty) Ltd,2024/210832/07 ,Hospitality,Western Cape,"1475 Aloe Street, Richards Bay ",560000_________,Richards Bay,Other (Please specify),To buy additional equipment and expand production capacity,0 to R500K,0 to R500K,186177_________,Commercial cleaning and hygiene services for offices and factories ,0.0,2.0,3,100%,100%,100%,Level 1,Urban,25–49%,Zainab Mabaso,zainabmabaso@gmail.com,+27 85 766 1770
2025-08-09 19:26:27,Mxolisi Davids ,Fairview Technologies Pty Ltd,2018/777826/07,Tourism,Gauteng,"823 Kruger Drive, MOKOPANE",1320000________,MOKOPANE,Working Capital,Bridging finance while awaiting payment from government contracts,0 to R500K,R501K to R1M,330758_________,We grow and pack vegetables for regional wholesalers and retailers.,2.0,1.0,2,25–49%,0%,100%,Level 1,Township,0%,mxolisi davids,mxolisidavids@gmail.com,079 461 2191
2025-09-11 06:46:23,Marius Ramaphakela,Ramaphakela Media,2009/754182/07,Hospitality,Gauteng,"1969 Commissioner Lane, Springs",1080000________,Springs,Working Capital,"Purchase of farming implements, seed and irrigation infrastructure",0 to R500K,0 to R500K,361052_________,Independent pharmacy and primary healthcare clinic serving a rural community,5.0,2.0,5,0%,25–49%,100%,Level 4,Rural,0%,Marius Ramaphakela,mariusramaphakela@yahoo.com,+27892506547
2025-09-06 01:27:53,Nokuthula Adams ,Lowveld Construction CC,2024/175273/07,Agriculture - Secondary ,Western Cape,"3172 Jakaranda Road, Pretoria ",100000_________,Pretoria,Working Capital,Bridging finance while awaiting payment from government contracts,0 to R500K,0 to R500K,40845__________,We provide ICT support and cloud services to small businesses in the province.,4.0,1.0,1,100%,0%,100%,Level 1,Township,0%,nokuthula adams,nokuthulaadams@yahoo.com,+27 78 601 3647
2025-07-05 14:52:31,Aisha Steyn ,LOWVELD SERVICES,2022/230710/07,Entertainment and Media,Western Cape,"904 Commissioner Avenue, Welkom ",200000_________,Welkom ,Purchase Order Funding;Working Capital,"Marketing, customer acquisition and website development ",0 to R500K,0 to R500K,166292_________,We recycle plastic waste and sell processed pellets to manufacturers.,5.0,4.0,4,100%,100%,100%,Level 1,Rural,0%,aisha steyn,aishasteyn305@yahoo.com,+27755136345
2025-09-19 01:34:41,Lindiwe Mthembu,Mthembu Distributors (Pty) Ltd,2012 / 507579 / 07,Information & Communication Technology,Western Cape,"1011 Main Way, Sasolburg",160000_________,Sasolburg,Working Capital,Operational funding ,0 to R500K,0 to R500K,260875_________,We manufacture and supply steel components to construction contractors.,1.0,0.0,3,25–49%,100%,100%,Level 1,Urban,50–74%,Lindiwe Mthembu,lindiwemthembu533@webmail.co.za,+27683938879
2025-08-15 20:22:13,Ravi Jacobs,Summit Consulting,2015/272844/07,Engineering & Construction,Gauteng,"392 Sisulu Crescent, Potchefstroom ",4540000________,Potchefstroom ,Debt,To grow the business ,R5 000 001 to R10M,R5 000 001 to R10M,7570829________,Commercial cleaning and hygiene services for offices and factories ,67.0,7.0,1,100%,1–24%,0%,Level 1,Urban,0%,Ravi Jacobs,ravijacobs@gmail.com,+27 62 219 8827
2025-07-24 06:40:23,Faried Fourie,Fourie Holdings ,2016/756117/07,Agriculture - Primary ,Limpopo,"629 Commissioner Drive, Midrand",3870000________,Midrand,Working Capital,Stock purchase and general operational funding ,0 to R500K,0 to R500K,0______________,Logistics company transporting goods between major metros. ,4.0,2.0,3,0%,100%,100%,Level 1,Rural,0%,Faried Fourie,fariedfourie@icloud.com,0637076854
2025-08-22 14:01:44,Kabelo Baloyi,Baloyi Group ,,Public Sector ,Gauteng,"3158 Jan Smuts Way, Giyani ",1940000________,Giyani,Debt;Working Capital,To grow the business ,R1 000 001 to R5M,R1 000 001 to R5M,1616494________,Civil engineering contractor focused on roads and stormwater projects ,16.0,15.0,6,0%,100%,100%,Level 1,Urban,0%,Kabelo Baloyi,kabelobaloyi@yahoo.com,+27810889118
2025-09-22 20:48:17,Jaco Dlamini,Dlamini Technologies,2015/457210/07,Energy,Gauteng,"806 Rissik Lane, Welkom",20000__________,Welkom ,Working Capital,To increase production and take on larger supply contracts ,0 to R500K,0 to R500K,35813__________,We provide ICT support and cloud services to small businesses in the province.,39.0,7.0,10,0%,0%,100%,Level 1,Township,0%,Jaco Dlamini,jacodlamini768@webmail.co.za,+27887942628
2025-08-28 07:48:38,Aisha Plessis,Nexus Construction Group ,2020/574349/07,Tourism,Limpopo,"1558 Marula Drive, Roodepoort",40000__________,Roodepoort,Debt;Working Capital,Purchase of a delivery vehicle and cold storage unit,0 to R500K,0 to R500K,15799__________,We recycle plastic waste and sell processed pellets to manufacturers.,,10.0,2,0%,100%,100%,Level 1,Township,0%,Aisha Plessis,aishaplessis811@outlook.com,+27836345038
2025-09-12 04:04:03,Sanjay Mashaba,Kalahari Media,2020/787821/07,Engineering & Construction,Limpopo,"2805 Protea Road, Thohoyandou",250000_________,Thohoyandou ,Other (Please specify),To buy additional equipment and expand production capacity,0 to R500K,0 to R500K,5696___________,We run a driving school and provide learner licence training.,4.0,3.0,1,0%,100%,100%,Level 1,Rural,1–24%,Sanjay Mashaba,sanjaymashaba@webmail.co.za,+27711290943
2025-08-22 03:48:54,Adele Sithole,Sithole Investments Pty Ltd,2019/301138/07,Transportation and Logistics,KZN,"2038 Jakaranda Avenue, Uitenhage",70000__________,Uitenhage,Debt & Equity,"Marketing, customer acquisition and website development ",0 to R500K,0 to R500K,1656___________,We recycle plastic waste and sell processed pellets to manufacturers.,2.0,3.0,3,0%,0%,100%,Level 1,Rural,0%,Adele Sithole,adelesithole109@outlook.com,0666277415
2025-09-19 13:24:37,Refilwe Maharaj,Clear Water Trading Group,2014/443600/07,Hospitality,Gauteng,"1695 Commissioner Street, Midrand",90000__________,Midrand,Working Capital,"Marketing, customer acquisition and website development ",0 to R500K,0 to R500K,94968__________,Commercial cleaning and hygiene services for offices and factories ,3.0,0.0,4,1–24%,0%,100%,Level 1,Rural,0%,Refilwe Maharaj,refilwemaharaj@outlook.com,+27891896043
2025-08-08 06:48:56,Refilwe Mkhize,Northstar Trading CC,2021/281933/07,Healthcare & Biotechnology,Mpumalanga,"60 Jakaranda Way, Vereeniging ",12040000_______,Vereeniging,Debt & Equity;Working Capital,Expansion into a second branch and hiring of staff ,R1 000 001 to R5M,R5 000 001 to R10M,4816870________,We grow and pack vegetables for regional wholesalers and retailers.,7.0,3.0,2,100%,100%,100%,Level 1,Township,0%,refilwe mkhize,refilwemkhize@webmail.co.za,0783654643
2025-09-10 00:00:29,Danie Mabaso ,Mabaso Technologies (Pty) Ltd,2017/792001/07,Information & Communication Technology,Limpopo,"3057 Kingfisher Way, Stellenbosch",27740000_______,Stellenbosch,Equity;Working Capital,To increase production and take on larger supply contracts ,0 to R500K,R1 000 001 to R5M,4623917________,Commercial cleaning and hygiene services for offices and factories ,4.0,6.0,3,0%,1–24%,100%,Level 1,Township,0%,Danie Mabaso,daniemabaso620@gmail.com,+27870307161
2025-07-18 18:30:58,Jabulani Radebe,Radebe Distributors Pty Ltd,,Hospitality,Gauteng,"1625 Mandela Road, East London",60000__________,East London,,"Raw materials, tooling and factory rental for the next 12 months",0 to R500K,0 to R500K,60386__________,,,5.0,2,50–74%,100%,100%,Level 1,Rural,0%,Jabulani Radebe,jabulaniradebe110@outlook.com,+27658398155
2025-09-21 07:57:12,Lungile Mnisi ,Mnisi Agri ,2023/230871/07,Agriculture - Primary ,Western Cape,"2869 Marula Avenue, Kuruman",380000_________,Kuruman,Equity,To upgrade our machinery and improve turnaround times.,R501K to R1M,R501K to R1M,0______________,We run a driving school and provide learner licence training.,6.0,4.0,1,0%,0%,100%,Level 1,Rural,0%,Lungile Mnisi,lungilemnisi@icloud.com,+27661317816
2025-07-13 20:13:06,Kabelo Moodley ,Moodley Transport,2020/852284/07,Financial Services,Western Cape,"26 Loop Road, RANDBURG ",10000__________,RANDBURG,Working Capital,"Use of Funds
1.	Equipment purchase
2.	Staff expansion
3.	Marketing
",0 to R500K,0 to R500K,4705___________,Commercial cleaning and hygiene services for offices and factories ,2.0,5.0,1,100%,0%,100%,Level 1,Township,0%,Kabelo Moodley,kabelomoodley@gmail.com,+27 63 678 7136
2025-08-27 10:09:20,Sanjay Ngcobo,Ngcobo Projects CC,2009/525058/07,Mining,North West,"384 Loop Road, Kimberley",17490000_______,Kimberley,Equity,Stock purchase and general operational funding ,0 to R500K,0 to R500K,457518_________,Commercial cleaning and hygiene services for offices and factories ,1.0,6.0,3,100%,0%,100%,Level 1,Township,0%,sanjay ngcobo,sanjayngcobo@icloud.com,+27664903598
2025-09-22 16:56:49,Sizwe Mabena ,Mabena Trading CC ,2017/609000/07,Retail & Wholesale,Mpumalanga,"1858 Umgeni Crescent, Kimberley",5990000________,Kimberley,Equity;Working Capital;Other (Please specify),Working capital to fulfil confirmed purchase orders,0 to R500K,R501K to R1M,496246_________,A tourism operator offering guided township and heritage tours,1.0,12.0,1,100%,100%,100%,Level 1,Urban,0%,Sizwe Mabena,sizwemabena922@icloud.com,+27848428736
2025-07-12 20:22:18,Johan Ngcobo,Redline Group Pty Ltd,2025/727620/07,Agriculture - Primary ,Limpopo,"317 Rissik Way, GQEBERHA",3900000________,GQEBERHA ,Equity,"Raw materials, tooling and factory rental for the next 12 months",0 to R500K,0 to R500K,134249_________,,,6.0,3,1–24%,0%,75–99%,Level 1,Township,0%,Johan Ngcobo,johanngcobo@gmail.com,0761228484
2025-08-27 06:58:53,Ravi Baloyi,Redline Construction,2014/584679/07,Engineering & Construction,Limpopo,"250 Sisulu Drive, Stellenbosch",1650000________,Stellenbosch,Debt,"Marketing, customer acquisition and website development ",R501K to R1M,R501K to R1M,659646_________,We grow and pack vegetables for regional wholesalers and retailers.,6.0,4.0,2,100%,100%,50–74%,Level 1,Township,0%,ravi baloyi,ravibaloyi@webmail.co.za,+27790696734
2025-09-17 21:40:52,Reshma Ndlovu,Marula Distributors Group ,2022/125892/07,Waste Management,Gauteng,"86 Rivonia Avenue, Paarl ",9160000________,Paarl,Debt & Equity,Expansion into a second branch and hiring of staff ,0 to R500K,R1 000 001 to R5M,2290802________,We run a driving school and provide learner licence training.,13.0,5.0,6,0%,25–49%,100%,Level 2,Township,0%,Reshma Ndlovu,RESHMANDLOVU@WEBMAIL.CO.ZA,0660042814
2025-09-04 02:45:43,Lindiwe Du,Apex Logistics,2009 / 996387 / 07,Real Estate,Western Cape,"2972 Church Avenue, Roodepoort ",7524000_0______,Roodepoort,Invoice Financing,Operational funding ,R1 000 001 to R5M,R1 000 001 to R5M,1883620________,We supply and install security systems and CCTV. ,3.0,14.0,1,0%,1–24%,100%,Level 3,Rural,0%,Lindiwe Du,lindiwedu348@webmail.co.za,0854397288
2025-07-25 22:40:51,Mxolisi Dlamini,Baobab Media CC,2014/447645/07 ,Engineering & Construction,Western Cape,"100 Biko Street, Randburg",2450000________,Randburg,Purchase Order Funding,Expansion into a second branch and hiring of staff ,R501K to R1M,R5 000 001 to R10M,4085180________,A tourism operator offering guided township and heritage tours,10.0,6.0,3,100%,100%,100%,Level 1,Urban,0%,Mxolisi Dlamini,mxolisidlamini@webmail.co.za,+27767255102
2025-09-05 22:15:06,Francois Ntuli ,Ntuli Holdings,2008/354002/07,Retail & Wholesale,Gauteng,"136 Main Lane, Bloemfontein",70000__________,Bloemfontein ,Working Capital;Other (Please specify),Bridging finance while awaiting payment from government contracts,0 to R500K,0 to R500K,4835___________,Commercial cleaning and hygiene services for offices and factories ,1.0,2.0,10,1–24%,50–74%,0%,Level 1,Rural,0%,Francois Ntuli,francoisntuli@mweb.co.za,0814644965
2025-08-12 23:20:13,Vusi Pillay,Pillay Agri,2016/832491/07,Manufacturing,Limpopo,"130 Umgeni Drive, Ladysmith",5930000________,Ladysmith,Working Capital;Other (Please specify),Purchase of a delivery vehicle and cold storage unit,R501K to R1M,R1 000 001 to R5M,2372129________,Solar installation business serving residential and small commercial clients ,13.0,8.0,4,100%,0%,100%,Level 1,Urban,0%,Vusi Pillay,vusipillay@gmail.com,067 658 4229
2025-07-29 16:10:36,Fatima Zwane,Bright Path Engineering Pty Ltd,2025/841156/07,Tourism,Limpopo,"2728 Biko Drive, PORT ELIZABETH",2050000________,PORT ELIZABETH,Working Capital,"Use of Funds
1.	Equipment purchase
2.	Staff expansion
3.	Marketing
",R1 000 001 to R5M,R1 000 001 to R5M,2565275________,Independent pharmacy and primary healthcare clinic serving a rural community,19.0,7.0,3,1–24%,100%,100%,Level 1,Rural,0%,Fatima Zwane,fatimazwane@gmail.com,+27761633281
2025-09-13 21:09:41,Kagiso Steyn,Lowveld Logistics ,2008/563958/07,Information & Communication Technology,Gauteng,"2163 Kruger Drive, Witbank ",1360000________,Witbank,Working Capital,Working capital to fulfil confirmed purchase orders,0 to R500K,0 to R500K,67208__________,We manufacture and supply steel components to construction contractors.,3.0,2.0,1,0%,0%,25–49%,Level 1,Urban,0%,Kagiso Steyn,kagisosteyn@icloud.com,+27 71 414 2621
2025-07-18 02:45:45,Ayanda Mthembu,Mthembu Consulting Pty Ltd,2017/217710/07,Manufacturing,Gauteng,"883 Kruger Road, Centurion",3700000________,Centurion ,Working Capital,To grow the business ,R1 000 001 to R5M,R1 000 001 to R5M,0______________,,20.0,7.0,4,0%,50–74%,50–74%,Level 1,Rural,0%,Ayanda Mthembu,ayandamthembu@gmail.com,+27897426359
2025-07-21 13:06:16,Siyabonga Baloyi ,Fairview Technologies,2012/264679/07,Engineering & Construction,Gauteng,"2675 Rivonia Road, BENONI ",90000__________,BENONI ,Working Capital,"Use of Funds
1.	Equipment purchase
2.	Staff expansion
3.	Marketing
",0 to R500K,0 to R500K,0______________,We manufacture and supply steel components to construction contractors.,3.0,7.0,5,100%,100%,100%,Level 1,Urban,0%,Siyabonga Baloyi,siyabongabaloyi@gmail.com,0668271815
2025-08-14 02:45:53,Lwazi Sithole ,SUMMIT CONSTRUCTION,2009/147372/07,Engineering & Construction,Limpopo,"2233 Kingfisher Way, Centurion",70000__________,Centurion,Other (Please specify),"Use of Funds
1.	Equipment purchase
2.	Staff expansion
3.	Marketing
",0 to R500K,0 to R500K,59061__________,We run a driving school and provide learner licence training.,5.0,5.0,1,100%,0%,100%,Level 1,Rural,0%,Lwazi Sithole,lwazisithole621@webmail.co.za,+27825266321
2025-07-11 08:29:58,Aisha Adams,Adams Foods,2023/272797/07,Agriculture - Primary ,Limpopo,"1886 Sisulu Drive, THOHOYANDOU",150000_________,,Equity,Operational funding ,0 to R500K,0 to R500K,305033_________,Solar installation business serving residential and small commercial clients ,10.0,3.0,1,0%,50–74%,100%,Level 1,Township,0%,aisha adams,aishaadams@outlook.com,+27823125105
2025-07-08 02:30:53,Ntombi Maharaj,Maharaj Solutions Group,2020/229453/07,Manufacturing,Gauteng,"1785 Kingfisher Crescent, Mthatha ",3730000________,Mthatha,Working Capital,To grow the business ,R501K to R1M,R1 000 001 to R5M,1242185________,We recycle plastic waste and sell processed pellets to manufacturers.,6.0,1.0,2,25–49%,0%,100%,Level 1,Urban,0%,ntombi maharaj,ntombimaharaj@webmail.co.za,+27 75 127 4024
2025-09-03 17:02:12,Naledi Chauke,Chauke Group (Pty) Ltd ,2015/532365/07,Engineering & Construction,Western Cape,"2650 Church Way, Emalahleni ","1,5m",Emalahleni,Other (Please specify),Expansion into a second branch and hiring of staff ,0 to R500K,0 to R500K,56_____________,We provide ICT support and cloud services to small businesses in the province.,1.0,0.0,100% black woman owned ,50–74%,0%,100%,Level 1,Rural,0%,Naledi Chauke,naledichauke@gmail.com,081 197 3566
2025-07-16 21:17:06,Bongani Ntuli,Ntuli Technologies Group,202034576907,Tourism,Gauteng,"1322 Protea Lane, Richards Bay",50000__________,Richards Bay,Debt & Equity,To buy additional equipment and expand production capacity,0 to R500K,0 to R500K,154441_________,A tourism operator offering guided township and heritage tours,1.0,5.0,1,0%,0%,100%,Level 1,Urban,0%,Bongani Ntuli,bonganintuli95@gmail.com,+27 84 289 1865
2025-07-16 18:12:19,Nisha Van,Van Foods Pty Ltd,2019/822088/07,Mining,Gauteng,"2619 Long Way, George ",9030000________,George,Other (Please specify),Expansion into a second branch and hiring of staff ,0 to R500K,0 to R500K,291971_________,Commercial cleaning and hygiene services for offices and factories ,5.0,2.0,1,0%,50–74%,100%,Level 1,Township,100%,Nisha Van,NISHAVAN@WEBMAIL.CO.ZA,+27732071439
2025-09-09 12:09:27,Zodwa Zulu ,Zulu Manufacturing ,,Healthcare & Biotechnology,Gauteng,"1167 Jan Smuts Avenue, Nelspruit",1240000________,Nelspruit,Working Capital,Working capital to fulfil confirmed purchase orders,0 to R500K,0 to R500K,0______________,We recycle plastic waste and sell processed pellets to manufacturers.,0.0,2.0,3,0%,100%,100%,Level 1,Urban,0%,zodwa zulu,zodwazulu@gmail.com,+27677154872
2025-06-26 18:46:12,Siyabonga Baloyi,Baloyi Investments,2023/649280/07,,Gauteng,"1063 Aloe Avenue, Soweto",34560000_______,Soweto,,To buy additional equipment and expand production capacity,R5 000 001 to R10M,R5 000 001 to R10M,5759796________,Civil engineering contractor focused on roads and stormwater projects ,79.0,1.0,1,0%,50–74%,100%,Level 1,Urban,0%,Siyabonga Baloyi,siyabongabaloyi@webmail.co.za,+27620237383
2025-07-02 18:59:44,Marlize Ndlovu,Stone Bridge Consulting (Pty) Ltd,2019/517307/07,Financial Services,Gauteng,"2875 Pretorius Lane, TEMBISA ",2180000________,TEMBISA,Debt,To upgrade our machinery and improve turnaround times.,0 to R500K,R501K to R1M,363378_________,We manufacture and supply steel components to construction contractors.,23.0,8.0,1,100%,50–74%,100%,Level 1,Urban,0%,Marlize Ndlovu,marlizendlovu@webmail.co.za,+27743788095
2025-07-10 14:27:05,Karin Van,Van Transport Pty Ltd,2020/609820/07,Engineering & Construction,Gauteng,"1108 Mandela Way, Midrand",1250000________,Midrand,Debt & Equity,To grow the business ,0 to R500K,0 to R500K,250092_________,Commercial cleaning and hygiene services for offices and factories ,3.0,2.0,5,100%,50–74%,100%,Level 1,Township,0%,Karin Van,karinvan@gmail.com,+27788344153
2025-07-18 18:27:11,Anisha Radebe,Radebe Engineering ,2011/830660/07,Entertainment and Media,Western Cape,"445 Kingfisher Drive, Bloemfontein ",190000_________,Bloemfontein,Working Capital,To upgrade our machinery and improve turnaround times.,R1 000 001 to R5M,R501K to R1M,642477_________,We grow and pack vegetables for regional wholesalers and retailers.,4.0,4.0,1,0%,100%,100%,Level 1,Township,0%,anisha radebe,anisharadebe@icloud.com,+27721637204
2025-07-31 11:43:16,Riyaad Nel,Nel Foods Pty Ltd,2010/691867/07,Business Services (Agency & Consultancy),Limpopo,"1921 Marula Road, Nelspruit",38950000_______,Nelspruit ,Debt;Working Capital,To buy additional equipment and expand production capacity,0 to R500K,R1 000 001 to R5M,0______________,Independent pharmacy and primary healthcare clinic serving a rural community,16.0,1.0,4,0%,0%,100%,Level 1,Township,0%,Riyaad Nel,riyaadnel@gmail.com,0767780005
2025-08-02 14:04:58,Annelie Chetty,Chetty Logistics,,Waste Management,Limpopo,"1259 Commissioner Way, Mbombela",5190000________,Mbombela ,Debt;Working Capital,"Purchase of farming implements, seed and irrigation infrastructure",0 to R500K,0 to R500K,169577_________,We provide ICT support and cloud services to small businesses in the province.,2.0,1.0,3,0%,50–74%,75–99%,Level 1,Township,25–49%,Annelie Chetty,anneliechetty@webmail.co.za,0742607413
2025-08-23 09:24:35,Yusuf Adams,Adams Investments (Pty) Ltd,2009/641713/07,Engineering & Construction,Gauteng,"1361 Sisulu Lane, Mbombela",2600000________,Mbombela ,Purchase Order Funding,Expansion into a second branch and hiring of staff ,R1 000 001 to R5M,R5 000 001 to R10M,8681900________,,57.0,1.0,2,100%,100%,100%,Level 1,Township,0%,Yusuf Adams,yusufadams802@gmail.com,+27781139242
2025-09-11 16:32:17,Sipho Cele,Lowveld Transport Pty Ltd,2025/385291/07,,Gauteng,"1799 Rivonia Way, Port Elizabeth",630000_________,Port Elizabeth ,Other (Please specify),To grow the business ,0 to R500K,0 to R500K,208673_________,We recycle plastic waste and sell processed pellets to manufacturers.,1.0,3.0,1,100%,50–74%,100%,Level 1,Urban,0%,Sipho Cele,siphocele751@gmail.com,+27796831966
2025-07-21 06:51:05,Annelie Mthembu,Mthembu Manufacturing ,,Retail & Wholesale,Mpumalanga,"728 Mandela Lane, Giyani",66630000_______,Giyani ,,Expansion into a second branch and hiring of staff ,R5 000 001 to R10M,R10 000 001 to R20M,11104278_______,,24.0,6.0,3,0%,100%,100%,Level 1,Township,0%,Annelie Mthembu,anneliemthembu@gmail.com,0770965669
2025-09-17 05:08:29,Amahle Coetzee,Kalahari Enterprises,2008/103901/07,Engineering & Construction,Gauteng,"3077 Jakaranda Crescent, Welkom",7260000________,Welkom,Working Capital,Working capital to fulfil confirmed purchase orders,0 to R500K,0 to R500K,185201_________,We grow and pack vegetables for regional wholesalers and retailers.,6.0,2.0,4,50–74%,25–49%,100%,Level 3,Township,0%,Amahle Coetzee,amahlecoetzee@mweb.co.za,+27872169580
2025-06-30 03:30:59,Tshepo Davids,Davids Civils ,2013/715209/07 ,events and catering,Eastern Cape,"1037 Umgeni Crescent, Randburg ",1030000________,Randburg,Purchase Order Funding;Working Capital,"Raw materials, tooling and factory rental for the next 12 months",R501K to R1M,R1 000 001 to R5M,0______________,A tourism operator offering guided township and heritage tours,11.0,16.0,2,50–74%,100%,100%,Level 8,Township,0%,Tshepo Davids,tshepodavids@gmail.com,+27 73 500 5031
2025-08-07 02:37:28,Andile Radebe,Radebe Construction Group,2019 / 428645 / 07,Transportation and Logistics,Western Cape,"1789 Church Lane, Pretoria",250000_________,Pretoria ,Working Capital,Bridging finance while awaiting payment from government contracts,0 to R500K,0 to R500K,378____________,Catering and events business servicing corporate functions.,3.0,,1,0%,100%,100%,Level 1,Urban,0%,Andile Radebe,andileradebe@gmail.com,+27856531223
2025-06-26 19:25:44,Amahle Mabaso,Silver Oak Enterprises,2021/572422/07,,Gauteng,"593 Main Drive, Rustenburg ",3280000________,Rustenburg,Working Capital,"Purchase of farming implements, seed and irrigation infrastructure",0 to R500K,R501K to R1M,656745_________,,6.0,8.0,3,0%,100%,100%,Level 1,Township,0%,Amahle Mabaso,amahlemabaso424@yahoo.com,+27660116312
2025-09-01 04:40:38,Lindiwe Isaacs ,Vantage Agri,2013 / 691155 / 07,Energy,Gauteng,"1633 Aloe Road, Nelspruit",1290000________,Nelspruit,Working Capital,"Raw materials, tooling and factory rental for the next 12 months",0 to R500K,R501K to R1M,514434_________,,6.0,1.0,1,0%,100%,100%,Level 1,Township,0%,Lindiwe Isaacs,lindiweisaacs@gmail.com,+27 82 297 8904
2025-09-17 13:37:06,Aisha Baloyi,Stone Bridge Civils Group ,2017/996335/07 ,Manufacturing,Gauteng,"1763 Protea Road, Sandton ",119290000______,Sandton,Working Capital,"Funding is required for equipment, training and certification.",0 to R500K,R1 000 001 to R5M,3927644________,Commercial cleaning and hygiene services for offices and factories ,15.0,10.0,5,0%,100%,0%,Level 1,Urban,0%,aisha baloyi,aishabaloyi@gmail.com,+27897261695
2025-09-17 20:07:47,Ashwin Coetzee,Oakridge Group Pty Ltd ,2023 / 603611 / 07,Manufacturing,Gauteng,"2828 Biko Lane, Klerksdorp",510000_________,Klerksdorp ,Working Capital,"Purchase of farming implements, seed and irrigation infrastructure",0 to R500K,R501K to R1M,514507_________,Logistics company transporting goods between major metros. ,1.0,9.0,4,0%,100%,100%,Level 1,Rural,0%,Ashwin Coetzee,ashwincoetzee@gmail.com,+27 64 251 9324
2025-06-29 12:26:00,Lindiwe Govender ,Meridian Manufacturing,2008/762597/07,Manufacturing,Northern Cape,"1120 Marula Street, POLOKWANE",190000_________,POLOKWANE,Working Capital,"Use of Funds
1.	Equipment purchase
2.	Staff expansion
3.	Marketing
",0 to R500K,R501K to R1M,649171_________,Logistics company transporting goods between major metros. ,3.0,,2,1–24%,50–74%,100%,Level 1,Township,100%,lindiwe govender,lindiwegovender@gmail.com,+27873613895
2025-07-18 19:52:46,Anisha Sekgobela,Vantage Logistics Pty Ltd,2014/532736/07,Waste Management,Western Cape,"1274 Mandela Road, Bloemfontein ",230000_________,Bloemfontein,Debt & Equity,To buy additional equipment and expand production capacity,R501K to R1M,R501K to R1M,454044_________,Civil engineering contractor focused on roads and stormwater projects ,2.0,21.0,4,100%,50–74%,100%,Level 2,Township,0%,Anisha Sekgobela,anishasekgobela603@outlook.com,+27 62 765 1441
2025-07-20 11:20:46,Busisiwe Mabena,Mabena Construction CC,2021/753764/07,Engineering & Construction,Gauteng,"3025 Tambo Way, Klerksdorp",500000_________,Klerksdorp ,Working Capital,Working capital to fulfil confirmed purchase orders,0 to R500K,R501K to R1M,412777_________,Civil engineering contractor focused on roads and stormwater projects ,3.0,8.0,2,75–99%,50–74%,100%,Level 1,Urban,0%,Busisiwe Mabena,busisiwemabena@mweb.co.za,+27819285908
2025-07-02 02:27:40,Tumelo Abrahams ,Lowveld Construction ,2009/497306/07,Retail & Wholesale,Gauteng,"530 Acacia Street, Welkom",460000_________,Welkom,Working Capital;Other (Please specify),"Use of Funds
1.	Equipment purchase
2.	Staff expansion
3.	Marketing
",0 to R500K,R501K to R1M,766745_________,We design and sew corporate uniforms and protective clothing.,7.0,,4,1–24%,50–74%,25–49%,Level 1,Township,0%,Tumelo Abrahams,tumeloabrahams@yahoo.com,+27 66 931 5138
2025-08-09 04:34:54,Shireen Zwane ,Greenfield Technologies,2019/926450/07,Hospitality,Gauteng,"2353 Aloe Avenue, Klerksdorp",22359035105____,Klerksdorp,Debt,"Use of Funds
1.	Equipment purchase
2.	Staff expansion
3.	Marketing
",R501K to R1M,R1 000 001 to R5M,3932100________,We provide ICT support and cloud services to small businesses in the province.,3.0,4.0,10,100%,100%,100%,Level 2,Rural,0%,Shireen Zwane,SHIREENZWANE@WEBMAIL.CO.ZA,+27619780862
2025-08-16 12:21:30,Lindiwe Mthembu,Kopano Group Pty Ltd,2010/460190/07,Agriculture - Secondary ,Western Cape,"349 Buitenkant Lane, Emalahleni",120_000________,Emalahleni,Working Capital,"Marketing, customer acquisition and website development ",R501K to R1M,R501K to R1M,402171_________,Logistics company transporting goods between major metros. ,5.0,4.0,1,100%,1–24%,100%,Level 1,Urban,25–49%,Lindiwe Mthembu,lindiwemthembu973@gmail.com,089 519 6688
2025-07-22 20:41:03,Hendrik Davids ,Sondela Services Group ,201052078107,Information & Communication Technology,Gauteng,"2255 Rissik Road, Rustenburg ",1700000________,Rustenburg,Working Capital,"Raw materials, tooling and factory rental for the next 12 months",0 to R500K,R501K to R1M,0______________,We manufacture and supply steel components to construction contractors.,8.0,8.0,1,50–74%,100%,0%,Level 1,Township,0%,hendrik davids,hendrikdavids163@webmail.co.za,+27772469658
2025-09-06 05:29:23,Thulani Daniels,Marula Distributors,2023/758206/07,,Western Cape,"1709 Sisulu Crescent, Polokwane",370000_________,Polokwane,,To grow the business ,0 to R500K,0 to R500K,372168_________,A tourism operator offering guided township and heritage tours,2.0,2.0,3,0%,0%,100%,Level 1,Urban,0%,Thulani Daniels,thulanidaniels536@gmail.com,+27667623113
2025-09-17 17:39:14,Adele Mahlangu ,Protea Services,2008/339719/07,Manufacturing,Gauteng,"2941 Pretorius Crescent, Durban",250000_________,Durban,Working Capital,To increase production and take on larger supply contracts ,0 to R500K,0 to R500K,0______________,Independent pharmacy and primary healthcare clinic serving a rural community,5.0,6.0,1,0%,100%,100%,Level 1,Township,0%,adele mahlangu,adelemahlangu@mweb.co.za,+27773435868
2025-09-13 23:40:00,Vikash Botha,Botha Civils Pty Ltd,Botha Civils Pty Ltd,,Limpopo,"1868 Voortrekker Drive, Kuruman",38098444873____,Kuruman ,Other (Please specify),To buy additional equipment and expand production capacity,R20 000 001 to R50M,Above R50M,92531959_______,Catering and events business servicing corporate functions.,57.0,36.0,1,25–49%,100%,100%,Level 1,Township,0%,Vikash Botha,vikashbotha324@yahoo.com,+27698346560
2025-08-12 05:38:20,Christo Mabaso ,Fairview Foods,,Engineering & Construction,Gauteng,"2366 Acacia Lane, Pretoria ",1540000________,Pretoria,Debt & Equity;Working Capital,Bridging finance while awaiting payment from government contracts,0 to R500K,R1 000 001 to R5M,1286527________,Catering and events business servicing corporate functions.,13.0,2.0,1,50–74%,0%,100%,Level 1,Township,50–74%,Christo Mabaso,christomabaso997@webmail.co.za,+27835246115
2025-09-06 18:20:52,Christo Shabalala,Shabalala Group ,2011/611810/07,Energy,Western Cape,"2660 Aloe Drive, Cape Town",1160000________,Cape Town,Debt;Working Capital,Expansion into a second branch and hiring of staff ,0 to R500K,0 to R500K,288891_________,Logistics company transporting goods between major metros. ,,4.0,2,25–49%,100%,100%,Level 1,Rural,0%,Christo Shabalala,CHRISTOSHABALALA@YAHOO.COM,+27 71 734 0544
2025-08-15 23:34:57,Tariq Zwane,STONE BRIDGE TRADING CC,2016/434369/07 ,Hospitality,Western Cape,"1223 Kruger Drive, Midrand",210000_________,Midrand,Debt,Expansion into a second branch and hiring of staff ,R501K to R1M,R501K to R1M,716492_________,We design and sew corporate uniforms and protective clothing.,4.0,,1,100%,50–74%,100%,Level 1,Rural,0%,tariq zwane,tariqzwane@gmail.com,0853966377
2025-08-23 12:24:23,Fatima Adams ,Adams Services,2010 / 623827 / 07,Transportation and Logistics,Western Cape,"2418 Rissik Road, Giyani",250000_________,Giyani,Debt & Equity,To upgrade our machinery and improve turnaround times.,0 to R500K,0 to R500K,1587___________,Solar installation business serving residential and small commercial clients ,3.0,4.0,1,100%,100%,100%,Level 1,Urban,0%,Fatima Adams,fatimaadams@yahoo.com,0810136983
2025-07-16 19:16:04,Palesa Baloyi,Vertex Trading Pty Ltd ,,Transportation and Logistics,Western Cape,"522 Kruger Lane, Centurion",8070000________,Centurion,Purchase Order Funding,To grow the business ,R1 000 001 to R5M,R5 000 001 to R10M,5382264________,,,6.0,3,0%,100%,100%,Level 1,Rural,0%,palesa baloyi,palesabaloyi@gmail.com,0767058810
2025-09-04 01:55:49,Rukaya Radebe,Radebe Media CC,2009 / 532579 / 07,Business Services (Agency & Consultancy),Gauteng,"1235 Umgeni Avenue, Soweto",10000__________,Soweto,Debt,"Funding is required for equipment, training and certification.",0 to R500K,0 to R500K,4300___________,We supply and install security systems and CCTV. ,7.0,1.0,3,100%,50–74%,100%,Level 1,Township,0%,Rukaya Radebe,rukayaradebe@mweb.co.za,+27735066047
2025-07-23 12:40:33,Bongani Pillay,Greenfield Group (Pty) Ltd,2016/637027/07,Transportation and Logistics,Western Cape,"2720 Main Way, Richards Bay",160000_________,Richards Bay,Debt & Equity,To increase production and take on larger supply contracts ,0 to R500K,0 to R500K,158216_________,We provide ICT support and cloud services to small businesses in the province.,1.0,2.0,5,0%,25–49%,75–99%,Level 1,Township,0%,Bongani Pillay,bonganipillay@yahoo.com,0758220270
2025-07-19 08:09:03,Amahle Motaung ,BLACKWOOD ENTERPRISES (PTY) LTD,2025/691430/07,Manufacturing,Free State,"3197 Main Crescent, Khayelitsha ",210000_________,Khayelitsha,Working Capital,Working capital to fulfil confirmed purchase orders,0 to R500K,0 to R500K,0______________,Civil engineering contractor focused on roads and stormwater projects ,6.0,3.0,3,0%,0%,100%,Level 1,Township,0%,Amahle Motaung,AMAHLEMOTAUNG467@GMAIL.COM,+27610592886
2025-08-05 19:33:16,Nadia Molefe ,Molefe Holdings,2020/924305/07,Tourism,Western Cape,"1396 Kingfisher Crescent, Witbank ",250000_________,Witbank,Debt & Equity,Expansion into a second branch and hiring of staff ,0 to R500K,0 to R500K,100 000 ,We manufacture and supply steel components to construction contractors.,8.0,,3,100%,25–49%,100%,Level 1,Urban,0%,Nadia Molefe,nadiamolefe274@icloud.com,+27620879439
2025-07-15 14:50:33,Francois Van ,Ikhaya Group (Pty) Ltd,2016/180525/07,Tourism,Limpopo,"423 Jakaranda Street, Port Elizabeth",500000_________,Port Elizabeth ,Debt & Equity,To increase production and take on larger supply contracts ,0 to R500K,0 to R500K,0______________,,3.0,4.0,2,25–49%,50–74%,100%,Level 1,Urban,0%,Francois Van,francoisvan295@gmail.com,+27812132006
2025-07-09 16:12:15,Sanjay Steyn,Stone Bridge Group ,2018/202256/07,Engineering & Construction,Gauteng,"1978 Biko Road, Tzaneen",8960000________,Tzaneen,Purchase Order Funding;Working Capital,"Funding is required for equipment, training and certification.",R1 000 001 to R5M,R1 000 001 to R5M,0______________,Commercial cleaning and hygiene services for offices and factories ,16.0,4.0,10,0%,50–74%,100%,Level 1,Rural,0%,Sanjay Steyn,sanjaysteyn364@gmail.com,+27 85 832 2661
2025-08-23 00:31:02,Pieter Reddy,Reddy Services,,,Western Cape,"2654 Loop Road, Gqeberha",16440000_______,Gqeberha ,Working Capital,Operational funding ,0 to R500K,R501K to R1M,405611_________,We manufacture and supply steel components to construction contractors.,,7.0,5,100%,100%,100%,Level 4,Urban,0%,Pieter Reddy,pieterreddy564@outlook.com,+27711804229
2025-07-16 14:26:54,Khanyisile Coetzee,Coetzee Consulting ,2013/111505/07,Business Services (Agency & Consultancy),Limpopo,"1631 Umgeni Crescent, Tembisa",70000__________,Tembisa,Debt,"Funding is required for equipment, training and certification.",0 to R500K,0 to R500K,14863__________,Civil engineering contractor focused on roads and stormwater projects ,20.0,2.0,1,45 to 55,1–24%,100%,Level 8,Township,0%,Khanyisile Coetzee,khanyisilecoetzee@yahoo.com,+27644884046
2025-09-23 06:38:42,Lerato Mthembu,Mthembu Transport CC,2008/391042/07,Agriculture - Primary ,Gauteng,"1671 Main Avenue, mthatha",50000__________,mthatha,Working Capital,To grow the business ,0 to R500K,0 to R500K,0______________,Solar installation business serving residential and small commercial clients ,2.0,5.0,10,100%,100%,100%,Level 2,Urban,0%,lerato mthembu,leratomthembu@yahoo.com,074 104 9465
2025-06-28 18:46:18,Ntando Moodley ,MOODLEY CONSTRUCTION,2021/156916/07 ,Energy,Western Cape,"199 Aloe Crescent, Kimberley",250000_________,Kimberley,Working Capital;Other (Please specify),Expansion into a second branch and hiring of staff ,0 to R500K,0 to R500K,16_____________,Catering and events business servicing corporate functions.,1.0,2.0,6,0%,50–74%,100%,Level 1,Rural,0%,Ntando Moodley,ntandomoodley@webmail.co.za,+27 64 515 1423
2025-07-26 20:43:23,Zodwa Pretorius,Lesedi Agri (Pty) Ltd,2012/171850/07,Hospitality,Gauteng,"740 Kruger Lane, Emalahleni ",1430000________,Emalahleni,Working Capital,Bridging finance while awaiting payment from government contracts,0 to R500K,R1 000 001 to R5M,1782440________,We design and sew corporate uniforms and protective clothing.,24.0,8.0,2,100%,100%,100%,Level 1,Rural,0%,Zodwa Pretorius,zodwapretorius@gmail.com,0625870862
2025-08-31 05:17:34,Thandeka Hendricks,Hendricks Trading CC,2017/938152/07,Retail & Wholesale,Limpopo,"1571 Umgeni Road, Tzaneen ",40000__________,Tzaneen,Working Capital,Purchase of a delivery vehicle and cold storage unit,0 to R500K,0 to R500K,35246__________,We supply and install security systems and CCTV. ,5.0,18.0,100%,1–24%,25–49%,100%,Level 1,Township,0%,thandeka hendricks,thandekahendricks83@gmail.com,+27665234534
2025-08-20 10:07:00,Siyabonga Mokoena,Mokoena Technologies Group,2008 / 405480 / 07,Engineering & Construction,Gauteng,"2184 Voortrekker Lane, Roodepoort",70000__________,Roodepoort ,Other (Please specify),"Raw materials, tooling and factory rental for the next 12 months",0 to R500K,0 to R500K,0______________,A family-run bakery supplying schools and local retailers. ,7.0,4.0,3,0%,25–49%,75–99%,Level 1,Urban,0%,Siyabonga Mokoena,siyabongamokoena@gmail.com,+27755398718
2025-09-20 03:02:15,Bongani Solomons,Solomons Logistics (Pty) Ltd,2012/432913/07,Education,Gauteng,"840 Voortrekker Street, SOWETO",1170000________,SOWETO,Purchase Order Funding,"Purchase of farming implements, seed and irrigation infrastructure",0 to R500K,R501K to R1M,0______________,We grow and pack vegetables for regional wholesalers and retailers.,8.0,2.0,2,100%,0%,100%,Level 1,Township,0%,bongani solomons,bonganisolomons@gmail.com,+27668753309
2025-07-25 03:22:03,Kabelo Ngcobo,Vuka Distributors Pty Ltd,2016/184188/07,Business Services (Agency & Consultancy),Gauteng,"634 Acacia Street, Sasolburg ",1280000________,Sasolburg,Equity,"Purchase of farming implements, seed and irrigation infrastructure",R501K to R1M,R501K to R1M,426268_________,We design and sew corporate uniforms and protective clothing.,8.0,20.0,2,50–74%,1–24%,100%,Level 1,Rural,0%,Kabelo Ngcobo,kabelongcobo@mweb.co.za,0686515308
2025-08-30 19:19:53,Jaco Ndlovu,Ndlovu Enterprises Pty Ltd,2019/765212/07,NPO & NPC,Mpumalanga,"2456 Kingfisher Way, Sasolburg",250000_________,Sasolburg,Purchase Order Funding;Invoice Financing;Working Capital,"Use of Funds
1.	Equipment purchase
2.	Staff expansion
3.	Marketing
",0 to R500K,0 to R500K,7562___________,Independent pharmacy and primary healthcare clinic serving a rural community,1.0,26.0,5,0%,0%,100%,Level 1,Township,0%,jaco ndlovu,jacondlovu@icloud.com,+27 81 976 8843
2025-08-26 12:20:06,Zainab Maluleke,Baobab Agri,,,Gauteng,"2584 Tambo Street, Pretoria",3000000________,Pretoria ,,"Marketing, customer acquisition and website development ",0 to R500K,0 to R500K,138122_________,,,2.0,10,0%,100%,100%,Level 1,Rural,0%,Zainab Maluleke,zainabmaluleke353@icloud.com,+27747660692
2025-08-30 18:22:50,Lerato Ntuli ,Ntuli Holdings Pty Ltd,2019/513924/07,Agriculture - Primary ,Gauteng,"1055 Protea Road, Benoni",470000_________,Benoni,Working Capital,To buy additional equipment and expand production capacity,R501K to R1M,R501K to R1M,466458_________,Catering and events business servicing corporate functions.,,8.0,5,100%,100%,100%,Level 1,Urban,0%,lerato ntuli,leratontuli@gmail.com,+27795648093
2025-09-17 05:40:20,Mandla Mokoena,Mokoena Trading (Pty) Ltd,,Energy,Western Cape,"3028 Rivonia Lane, Midrand ",420000_________,Midrand,,Stock purchase and general operational funding ,0 to R500K,R501K to R1M,353811_________,,6.0,9.0,1,1–24%,100%,100%,Level 1,Township,1–24%,mandla mokoena,mandlamokoena@mweb.co.za,+27880518584
2025-08-10 22:27:36,Willem Maharaj,Kopano Transport CC,201424415107,Manufacturing,Western Cape,"1736 Acacia Way, Rustenburg",200000_________,Rustenburg,Working Capital,Working capital to fulfil confirmed purchase orders,R1 000 001 to R5M,R1 000 001 to R5M,682390_________,We manufacture and supply steel components to construction contractors.,25.0,3.0,6,100%,100%,50–74%,Level 1,Urban,0%,Willem Maharaj,willemmaharaj486@gmail.com,0878413930
2025-07-11 23:10:06,Willem Venter,Fairview Media CC ,2012/652860/07 ,Business Services (Agency & Consultancy),Western Cape,"2441 Protea Crescent, Benoni",200000_________,Benoni,Working Capital,To upgrade our machinery and improve turnaround times.,0 to R500K,0 to R500K,7803___________,We run a driving school and provide learner licence training.,1.0,5.0,1,100%,0%,0%,Level 1,Urban,0%,Willem Venter,willemventer869@yahoo.com,0891937335
2025-07-11 11:51:53,Thulani Du,DU TRANSPORT,2018 / 390884 / 07,Manufacturing,Western Cape,"1352 Mandela Way, MBOMBELA",8540000________,MBOMBELA,Working Capital,To buy additional equipment and expand production capacity,0 to R500K,R1 000 001 to R5M,2135612________,Catering and events business servicing corporate functions.,10.0,7.0,1,0%,0%,75–99%,Level 1,Rural,0%,thulani du,thulanidu939@outlook.com,+27 67 741 0332
2025-07-18 04:06:28,Ashraf Mabena ,Nexus Projects,2024/216887/07,Automotive,Gauteng,"57 Rivonia Crescent, Johannesburg ",4730000________,Johannesburg ,Other (Please specify),To buy additional equipment and expand production capacity,0 to R500K,R1 000 001 to R5M,1181703________,Commercial cleaning and hygiene services for offices and factories ,5.0,11.0,2,0%,0%,100%,Level 1,Rural,0%,Ashraf Mabena,ASHRAFMABENA@ICLOUD.COM,+27820190865
2025-08-26 16:51:32,Riyaad Shabalala,Zenzele Agri (Pty) Ltd ,2011/387810/07,Information & Communication Technology,Western Cape,"3135 Umgeni Lane, Ladysmith ",560000_________,Ladysmith,Working Capital,Operational funding ,0 to R500K,R1 000 001 to R5M,______________0,Civil engineering contractor focused on roads and stormwater projects ,8.0,9.0,3,0%,0%,0%,Level 1,Township,0%,Riyaad Shabalala,riyaadshabalala@yahoo.com,+27645590228
2025-06-30 02:14:13,Ruan Davids ,Copper Leaf Enterprises,200891438507,Information & Communication Technology,KZN,"2677 Kruger Drive, potchefstroom ",20000__________,potchefstroom ,Debt;Working Capital,"Funding is required for equipment, training and certification.",0 to R500K,0 to R500K,0______________,Catering and events business servicing corporate functions.,5.0,1.0,2,1–24%,0%,100%,Level 1,Township,1–24%,ruan davids,ruandavids@gmail.com,+27721986780
2025-07-30 01:32:29,Suzette Motaung,Kopano Services CC,2011/525450/07,Hospitality,Western Cape,"1081 Church Road, Pietermaritzburg",60000__________,Pietermaritzburg,Equity;Working Capital;Other (Please specify),To buy additional equipment and expand production capacity,0 to R500K,0 to R500K,76278__________,We run a driving school and provide learner licence training.,0.0,5.0,2,0%,100%,100%,Level 1,Rural,1–24%,Suzette Motaung,suzettemotaung@icloud.com,0751587399
2025-08-18 02:06:42,Jaco Abrahams,Fynbos Engineering Group,2023/399519/07 ,Engineering & Construction,North West,"478 Rissik Way, Johannesburg",10000__________,Johannesburg,Working Capital,Operational funding ,0 to R500K,0 to R500K,5767___________,Catering and events business servicing corporate functions.,6.0,3.0,4,100%,0%,100%,Level 1,Township,0%,Jaco Abrahams,jacoabrahams@outlook.com,+27723615126
2025-09-04 18:51:23,Sibusiso Botha,Thuso Distributors,2014/380891/07,Financial Services,Gauteng,"1821 Long Drive, STELLENBOSCH",250000_________,STELLENBOSCH ,Purchase Order Funding;Working Capital,Operational funding ,0 to R500K,0 to R500K,30_____________,Independent pharmacy and primary healthcare clinic serving a rural community,1.0,3.0,3,0%,0%,100%,Level 6,Urban,0%,Sibusiso Botha,sibusisobotha483@gmail.com,+27753363403
2025-06-25 05:58:10,Hendrik Singh,FAIRVIEW TRADING ,2015/476432/07,Retail & Wholesale,Gauteng,"1529 Loop Road, Paarl",4390000________,Paarl ,Working Capital,Working capital to fulfil confirmed purchase orders,0 to R500K,R501K to R1M,387329_________,We recycle plastic waste and sell processed pellets to manufacturers.,3.0,4.0,10,0%,25–49%,100%,Level 1,Urban,0%,Hendrik Singh,hendriksingh590@outlook.com,+27762876532
2025-09-04 13:53:32,Marius Botha,Meridian Media,2011 / 268440 / 07,Manufacturing,Limpopo,"634 Marula Avenue, Upington",10000__________,Upington,Working Capital,"Funding is required for equipment, training and certification.",R501K to R1M,0 to R500K,0______________,We provide ICT support and cloud services to small businesses in the province.,,4.0,3,0%,100%,100%,Level 1,Township,1–24%,marius botha,mariusbotha@gmail.com,+27 71 362 0445
2025-07-22 16:26:01,Shireen Chetty,Ubuntu Enterprises (Pty) Ltd,,Information & Communication Technology,Mpumalanga,"970 Buitenkant Road, Johannesburg ",20960000_______,Johannesburg,Working Capital,To upgrade our machinery and improve turnaround times.,R501K to R1M,R501K to R1M,499262_________,We grow and pack vegetables for regional wholesalers and retailers.,23.0,3.0,2,100%,100%,100%,Level 3,Township,0%,Shireen Chetty,shireenchetty852@gmail.com,+27687335595
2025-07-30 15:18:42,Chantelle Sekgobela,Kalahari Construction (Pty) Ltd ,2023/992892/07,Engineering & Construction,Gauteng,"2966 Voortrekker Crescent, Welkom",640000_________,Welkom,Working Capital,Expansion into a second branch and hiring of staff ,0 to R500K,0 to R500K,257448_________,A tourism operator offering guided township and heritage tours,2.0,3.0,1,0%,0%,100%,Level 1,Rural,0%,chantelle sekgobela,chantellesekgobela@outlook.com,+27 76 722 5118
2025-08-03 10:41:46,Thandeka Motaung,Riverstone Engineering CC ,2015/848030/07,Engineering & Construction,Western Cape,"2937 Kingfisher Crescent, Rustenburg",30000__________,Rustenburg,Equity,"Marketing, customer acquisition and website development ",0 to R500K,0 to R500K,110152_________,,2.0,1.0,2,50–74%,50–74%,100%,Level 1,Township,0%,thandeka motaung,thandekamotaung428@gmail.com,+27814034449
2025-08-14 05:14:39,Hendrik Radebe,Sondela Manufacturing ,2020/371123/07,Retail & Wholesale,Gauteng,"198 Protea Way, Pretoria",250000_________,Pretoria,Other (Please specify),Stock purchase and general operational funding ,0 to R500K,0 to R500K,0______________,We run a driving school and provide learner licence training.,2.0,4.0,2,0%,50–74%,100%,Level 1,Urban,1–24%,Hendrik Radebe,hendrikradebe@gmail.com,+27780533714
2025-08-18 09:51:36,Kabelo Khumalo ,REDLINE MEDIA,2018/723536/07,Agriculture - Secondary ,Western Cape,"1981 Protea Street, Mokopane",250000_________,Mokopane,Working Capital,To buy additional equipment and expand production capacity,0 to R500K,0 to R500K,9______________,,,5.0,4,100%,50–74%,100%,Level 1,Township,0%,kabelo khumalo,kabelokhumalo978@icloud.com,+27 85 791 8430
2025-09-13 12:04:50,Dineo Fortuin ,Fortuin Civils (Pty) Ltd,2017/531551/07,Business Services (Agency & Consultancy),Gauteng,"1035 Umgeni Lane, Johannesburg",2790000________,Johannesburg,Other (Please specify),"Funding is required for equipment, training and certification.",0 to R500K,0 to R500K,215320_________,We run a driving school and provide learner licence training.,0.0,0.0,10,1–24%,100%,100%,Level 1,Township,0%,dineo fortuin,dineofortuin899@webmail.co.za,+27 85 212 0931
2025-07-05 03:25:09,Ravi Mabena,Drakensberg Consulting,2009/177129/07,,Western Cape,"2458 Biko Lane, Johannesburg",380000_________,Johannesburg,,Purchase of a delivery vehicle and cold storage unit,0 to R500K,0 to R500K,375898_________,,,5.0,1,100%,100%,100%,Level 1,Township,0%,ravi mabena,ravimabena@gmail.com,+27 66 986 8824
2025-09-04 11:59:14,Thandeka Moodley ,Moodley Transport ,2022/490855/07,Tourism,Gauteng,"1878 Umgeni Crescent, Mahikeng",160_80000______,Mahikeng,Working Capital,To upgrade our machinery and improve turnaround times.,0 to R500K,R1 000 001 to R5M,2679694________,Independent pharmacy and primary healthcare clinic serving a rural community,2.0,3.0,1,100%,0%,100%,Level 1,Township,0%,Thandeka Moodley,thandekamoodley965@gmail.com,+27869319428
2025-09-21 15:30:53,Nadia Coetzee,Greenfield Services,,,Western Cape,"422 Buitenkant Road, East London",250000_________,,,Bridging finance while awaiting payment from government contracts,0 to R500K,0 to R500K,287____________,,1.0,4.0,10,0%,0%,100%,Level 2,Urban,0%,Nadia Coetzee,nadiacoetzee640@gmail.com,+27 75 545 9405
2025-08-01 02:44:41,Lindiwe Nel ,Nel Technologies ,2021/286338/07,Retail & Wholesale,Limpopo,"2348 Voortrekker Way, Khayelitsha",1000000________,Khayelitsha,Working Capital;Other (Please specify),Bridging finance while awaiting payment from government contracts,0 to R500K,0 to R500K,0______________,A tourism operator offering guided township and heritage tours,3.0,7.0,3,100%,0%,100%,Level 1,Urban,0%,lindiwe nel,lindiwenel@webmail.co.za,+27821335113
2025-09-24 01:48:48,Willem Mokoena,Fynbos Projects Group ,2024/635495/07,Manufacturing,KZN,"2698 Aloe Lane, Worcester ",910000_________,Worcester,Equity;Working Capital,Stock purchase and general operational funding ,0 to R500K,R501K to R1M,756222_________,We manufacture and supply steel components to construction contractors.,1.0,7.0,2,25–49%,0%,100%,Level 2,Township,0%,Willem Mokoena,WILLEMMOKOENA@GMAIL.COM,+27693900719
2025-07-06 23:30:48,Elmarie Jacobs ,Jacobs Consulting (Pty) Ltd,,NPO & NPC,Gauteng,"2651 Kruger Lane, Potchefstroom ",380000_________,Potchefstroom ,Debt & Equity,To buy additional equipment and expand production capacity,0 to R500K,0 to R500K,63966__________,We provide ICT support and cloud services to small businesses in the province.,3.0,22.0,3,0%,50–74%,100%,Level 2,Rural,0%,Elmarie Jacobs,elmariejacobs@yahoo.com,+27637251158
2025-09-07 05:13:02,Vusi Sibeko ,SIBEKO PROJECTS GROUP,2024/740525/07,Business Services (Agency & Consultancy),Gauteng,"797 Marula Way, Nelspruit",40000__________,Nelspruit,Working Capital,"Use of Funds
1.	Equipment purchase
2.	Staff expansion
3.	Marketing
",0 to R500K,0 to R500K,17823__________,We provide ICT support and cloud services to small businesses in the province.,4.0,0.0,2,50–74%,0%,100%,Level 8,Urban,0%,Vusi Sibeko,vusisibeko716@gmail.com,+27848061656
2025-08-15 04:00:07,Busisiwe Zwane,Zwane Solutions Pty Ltd,,,Western Cape,"1987 Mandela Lane, Thohoyandou",3270000________,Thohoyandou,Purchase Order Funding;Invoice Financing;Working Capital,Bridging finance while awaiting payment from government contracts,R501K to R1M,R1 000 001 to R5M,653490_________,,,17.0,6,25–49%,1–24%,100%,Level 1,Township,0%,Busisiwe Zwane,busisiwezwane@mweb.co.za,+27756181381
2025-08-11 20:42:11,Busisiwe Tshabalala,Beacon Logistics Pty Ltd,,Agriculture - Primary ,Western Cape,"223 Rissik Crescent, pietermaritzburg",250000_________,pietermaritzburg,Working Capital;Other (Please specify),"Purchase of farming implements, seed and irrigation infrastructure",0 to R500K,0 to R500K,0______________,,2.0,13.0,4,100%,100%,100%,Level 1,Urban,0%,Busisiwe Tshabalala,busisiwetshabalala366@gmail.com,+27860654026
2025-07-24 02:31:13,Vikash Chauke,Chauke Technologies,2008/791231/07,Agriculture - Primary ,Gauteng,"298 Voortrekker Crescent, Worcester",590000_________,Worcester,Working Capital,Stock purchase and general operational funding ,0 to R500K,0 to R500K,235066_________,We manufacture and supply steel components to construction contractors.,2.0,11.0,1,100%,1–24%,100%,Level 1,Urban,50–74%,Vikash Chauke,vikashchauke507@webmail.co.za,+27829180689
2025-07-31 00:59:35,Lindiwe Wyk,Lesedi Logistics (Pty) Ltd ,2008/524426/07,cleaning services,Western Cape,"1268 Jakaranda Street, Benoni",540000_________,Benoni ,Equity,Working capital to fulfil confirmed purchase orders,0 to R500K,R501K to R1M,677683_________,A family-run bakery supplying schools and local retailers. ,9.0,0.0,1,50–74%,0%,100%,Level 4,Urban,0%,Lindiwe Wyk,lindiwewyk864@yahoo.com,+27664109631
2025-09-06 02:19:35,Tumelo Nel,Vantage Projects ,2022/460707/07,Business Services (Agency & Consultancy),Gauteng,"537 Rissik Road, Sandton",250000_________,Sandton,Working Capital,Stock purchase and general operational funding ,0 to R500K,0 to R500K,545____________,Catering and events business servicing corporate functions.,1.0,13.0,3,100%,0%,100%,Level 3,Rural,0%,tumelo nel,tumelonel@yahoo.com,0856259589
2025-07-01 05:09:35,Chantelle Ndlovu ,Ndlovu Foods Group,,Manufacturing,Western Cape,"227 Loop Lane, Khayelitsha",8120000________,,Purchase Order Funding,"Use of Funds
1.	Equipment purchase
2.	Staff expansion
3.	Marketing
",0 to R500K,R501K to R1M,486488_________,Logistics company transporting goods between major metros. ,15.0,,1,100%,0%,100%,Level 1,Township,0%,Chantelle Ndlovu,chantellendlovu436@icloud.com,+27775198672
2025-09-12 05:48:45,Nandi Chauke ,CHAUKE MEDIA CC ,,Retail & Wholesale,Western Cape,"1806 Mandela Street, Worcester",14420000_______,Worcester,Equity,"Marketing, customer acquisition and website development ",R1 000 001 to R5M,R1 000 001 to R5M,1154075________,We recycle plastic waste and sell processed pellets to manufacturers.,4.0,2.0,1,0%,0%,100%,Level 1,Urban,0%,nandi chauke,nandichauke@mweb.co.za,073 413 2557
2025-07-04 17:28:20,Riaan Sekgobela,Sekgobela Projects,2021/480021/07,Engineering & Construction,Limpopo,"2069 Commissioner Avenue, sandton",10430000_______,sandton,Other (Please specify),To increase production and take on larger supply contracts ,R10 000 001 to R20M,R10 000 001 to R20M,10432209_______,We grow and pack vegetables for regional wholesalers and retailers.,23.0,30.0,3,100%,100%,100%,Level 1,Township,0%,Riaan Sekgobela,riaansekgobela@gmail.com,+27672837512
2025-07-09 21:49:26,Thabo Mabena ,Karoo Engineering ,2013/357728/07,Manufacturing,KZN,"2303 Kruger Road, Khayelitsha",1890000________,Khayelitsha,Working Capital,Working capital to fulfil confirmed purchase orders,0 to R500K,R501K to R1M,0______________,We design and sew corporate uniforms and protective clothing.,10.0,3.0,2,0%,50–74%,100%,Level 1,Urban,0%,Thabo Mabena,thabomabena@outlook.com,+27882266044
2025-08-14 22:10:18,Reshma Sekgobela,Blackwood Services Group,2012/737293/07,Engineering & Construction,Western Cape,"991 Marula Avenue, Sasolburg",10000__________,Sasolburg,Working Capital,"Marketing, customer acquisition and website development ",0 to R500K,0 to R500K,6921___________,Commercial cleaning and hygiene services for offices and factories ,1.0,4.0,6,0%,100%,100%,Level 1,Rural,0%,Reshma Sekgobela,reshmasekgobela@yahoo.com,+27611010224
2025-08-05 00:41:53,Ayanda Solomons ,Solomons Holdings ,2014/607286/07,Engineering & Construction,Western Cape,"99 Buitenkant Street, Midrand",2690000________,Midrand,Debt & Equity;Invoice Financing,"Raw materials, tooling and factory rental for the next 12 months",0 to R500K,R1 000 001 to R5M,2689684________,Civil engineering contractor focused on roads and stormwater projects ,15.0,8.0,5,100%,0%,100%,Level 1,Township,0%,Ayanda Solomons,ayandasolomons@gmail.com,+27870467327
2025-07-26 00:58:24,Katlego Ngcobo ,KOPANO CIVILS ,2017/896731/07,Financial Services,Western Cape,"702 Jan Smuts Drive, Mokopane",13830000_______,Mokopane,Working Capital,Stock purchase and general operational funding ,0 to R500K,R501K to R1M,437113_________,Commercial cleaning and hygiene services for offices and factories ,2.0,18.0,2,1–24%,0%,100%,Level 1,Township,0%,Katlego Ngcobo,katlegongcobo@outlook.com,0825642187
2025-08-04 22:22:57,Khanyisile Mkhize,Redline Investments Group ,2023/273811/07,Business Services (Agency & Consultancy),Gauteng,"1085 Aloe Lane, Johannesburg",180000_________,Johannesburg,Debt & Equity;Working Capital,"Raw materials, tooling and factory rental for the next 12 months",0 to R500K,0 to R500K,91928__________,We supply and install security systems and CCTV. ,5.0,3.0,1,100%,50–74%,100%,Level 1,Township,0%,Khanyisile Mkhize,khanyisilemkhize@gmail.com,+27 83 836 5837
2025-09-23 03:46:54,Kabelo Mashaba ,Mashaba Holdings (Pty) Ltd ,2009/828646/07,Tourism,Limpopo,"2033 Aloe Lane, emalahleni",880000_________,emalahleni,Purchase Order Funding,Purchase of a delivery vehicle and cold storage unit,0 to R500K,R501K to R1M,441787_________,Civil engineering contractor focused on roads and stormwater projects ,6.0,2.0,3,0%,100%,100%,Level 1,Township,0%,Kabelo Mashaba,kabelomashaba@mweb.co.za,+27780381512
2025-09-02 19:18:27,Kgomotso Plessis,Bright Path Media,,,Gauteng,"23 Kruger Street, pretoria",70000__________,pretoria,Working Capital,To grow the business ,0 to R500K,0 to R500K,11760__________,Commercial cleaning and hygiene services for offices and factories ,,1.0,1,100%,0%,0%,Level 1,Urban,0%,Kgomotso Plessis,kgomotsoplessis@gmail.com,+27731273275
2025-07-05 10:03:58,Mpho Govender,Govender Consulting CC,2024/853750/07,Mining,Limpopo,"2506 Jan Smuts Way, Welkom",5370000________,Welkom,Working Capital,Expansion into a second branch and hiring of staff ,R501K to R1M,R1 000 001 to R5M,2149780________,A family-run bakery supplying schools and local retailers. ,15.0,2.0,6,0%,100%,100%,Level 1,Township,0%,mpho govender,mphogovender@gmail.com,+27873229729
2025-06-28 18:52:38,Christo Van,Northstar Construction CC ,2018/903873/07,Agriculture - Secondary ,KZN,"3017 Acacia Way, Durban",430000_________,Durban,Working Capital,"Marketing, customer acquisition and website development ",R501K to R1M,R501K to R1M,434085_________,Logistics company transporting goods between major metros. ,6.0,19.0,2,100%,100%,100%,Level 1,Rural,0%,Christo Van,christovan@gmail.com,+27 71 589 4682
2025-06-29 22:01:00,Zodwa Hendricks,Hendricks Technologies ,2017/260656/07,Energy,Gauteng,"2902 Aloe Avenue, Welkom",130000_________,Welkom,Equity,To increase production and take on larger supply contracts ,0 to R500K,0 to R500K,212250_________,Commercial cleaning and hygiene services for offices and factories ,2.0,,1,100%,100%,100%,Level 1,Township,0%,zodwa hendricks,zodwahendricks@yahoo.com,+27724050224
2025-06-30 00:16:23,Kagiso Petersen,Amandla Trading ,201631806207,Manufacturing,Gauteng,"2831 Voortrekker Street, Potchefstroom",910000_________,Potchefstroom ,Working Capital,Stock purchase and general operational funding ,0 to R500K,R501K to R1M,604641_________,We recycle plastic waste and sell processed pellets to manufacturers.,1.0,0.0,2,0%,25–49%,100%,Level 1,Urban,25–49%,Kagiso Petersen,kagisopetersen318@mweb.co.za,075 366 8679
2025-06-25 02:26:08,Faried Fourie ,Fourie Holdings (Pty) Ltd,2022/964132/07,Information & Communication Technology,Limpopo,"3195 Acacia Avenue, Klerksdorp",320000_________,Klerksdorp,Debt,Expansion into a second branch and hiring of staff ,0 to R500K,0 to R500K,0______________,Independent pharmacy and primary healthcare clinic serving a rural community,5.0,1.0,5,100%,100%,100%,Level 1,Rural,0%,Faried Fourie,fariedfourie259@gmail.com,+27777403970
2025-07-05 18:31:51,Riaan Moodley,Moodley Foods (Pty) Ltd,2014/968745/07,Information & Communication Technology,Western Cape,"2011 Rissik Way, Centurion",280000_________,Centurion,Working Capital,Operational funding ,0 to R500K,R501K to R1M,935332_________,We run a driving school and provide learner licence training.,5.0,1.0,1,0%,100%,100%,Level 1,Township,0%,Riaan Moodley,riaanmoodley@gmail.com,+27 87 399 2705
2025-08-18 19:49:46,Jaco Mnisi,Sondela Projects (Pty) Ltd,2009/468195/07,Information & Communication Technology,Gauteng,"1236 Main Avenue, Stellenbosch",250000_________,Stellenbosch,Working Capital,Operational funding ,0 to R500K,0 to R500K,20_____________,We recycle plastic waste and sell processed pellets to manufacturers.,1.0,,one,0%,50–74%,100%,Level 1,Urban,0%,Jaco Mnisi,jacomnisi@gmail.com,+27836537579
2025-06-25 04:13:53,Ravi Hendricks ,Vantage Group ,2010/408608/07,Information & Communication Technology,Limpopo,"724 Church Way, MIDRAND ",8940000________,MIDRAND,Other (Please specify),Bridging finance while awaiting payment from government contracts,R1 000 001 to R5M,R1 000 001 to R5M,2978605________,We supply and install security systems and CCTV. ,4.0,3.0,3,0%,25–49%,100%,Level 1,Urban,0%,Ravi Hendricks,ravihendricks@gmail.com,0676880771
2025-09-12 15:10:20,Riyaad Zulu,Iron Gate Transport (Pty) Ltd,2014/637876/07,Business Services (Agency & Consultancy),Gauteng,"603 Protea Way, Mthatha",9040000________,Mthatha,Debt & Equity,Operational funding ,0 to R500K,0 to R500K,412109_________,Catering and events business servicing corporate functions.,2.0,3.0,1,1–24%,0%,100%,Level 1,Rural,100%,Riyaad Zulu,riyaadzulu@mweb.co.za,+27659149046
2025-06-27 00:11:00,Katlego Radebe,Radebe Engineering ,2017 / 197693 / 07,Entertainment and Media,Gauteng,"1697 Voortrekker Street, Witbank",194650000______,Witbank,Debt,"Marketing, customer acquisition and website development ",R20 000 001 to R50M,R20 000 001 to R50M,32441949_______,We run a driving school and provide learner licence training.,25.0,12.0,1,0%,100%,100%,Level 1,Urban,0%,Katlego Radebe,katlegoradebe@icloud.com,+27 87 736 4552
2025-08-09 01:24:11,Ntando Ramaphakela,Ramaphakela Services,,,Gauteng,"1038 Rivonia Avenue, Ladysmith",1250000________,Ladysmith,Equity;Working Capital,Stock purchase and general operational funding ,0 to R500K,0 to R500K,0______________,We supply and install security systems and CCTV. ,,3.0,5,50–74%,100%,100%,Level 1,Urban,0%,Ntando Ramaphakela,ntandoramaphakela@gmail.com,+27860723347
2025-09-14 16:51:06,Nosipho Coetzee,Riverstone Group Group ,2011/261938/07,Entertainment and Media,Gauteng,"3103 Church Avenue, Pretoria",1850000________,Pretoria,Working Capital,Bridging finance while awaiting payment from government contracts,0 to R500K,R1 000 001 to R5M,0______________,We supply and install security systems and CCTV. ,33.0,5.0,3,1–24%,100%,100%,Level 1,Urban,0%,Nosipho Coetzee,nosiphocoetzee@yahoo.com,+27 69 979 0063
2025-08-30 19:15:55,Willem Tshabalala ,SIZANI LOGISTICS PTY LTD,2023/298137/07 ,Information & Communication Technology,KZN,"2381 Commissioner Crescent, Emalahleni",10000__________,Emalahleni,Purchase Order Funding,"Use of Funds
1.	Equipment purchase
2.	Staff expansion
3.	Marketing
",0 to R500K,0 to R500K,35853__________,Logistics company transporting goods between major metros. ,6.0,7.0,2,100%,100%,100%,Level 1,Township,0%,Willem Tshabalala,willemtshabalala@gmail.com,0687869353
2025-09-08 20:59:03,Sanele Zulu,Zulu Technologies,2022/742515/07,Mining,Limpopo,"273 Kruger Drive, Richards Bay",420000_________,Richards Bay,Other (Please specify),To upgrade our machinery and improve turnaround times.,0 to R500K,R501K to R1M,699131_________,We design and sew corporate uniforms and protective clothing.,7.0,2.0,Sanele Zulu,100%,0%,100%,Level 1,Urban,0%,Sanele Zulu,sanelezulu@outlook.com,+27865944061
2025-09-20 22:27:36,Ntombi Coetzee,Coetzee Foods,2008/857249/07,Transportation and Logistics,Mpumalanga,"3079 Commissioner Avenue, Mthatha",11030000_______,Mthatha,Working Capital,"Marketing, customer acquisition and website development ",0 to R500K,R1 000 001 to R5M,0______________,We provide ICT support and cloud services to small businesses in the province.,10.0,31.0,6,1–24%,1–24%,100%,Level 1,Rural,0%,Ntombi Coetzee,ntombicoetzee@gmail.com,+27691971478
2025-08-11 23:57:52,Deepak Wyk,Wyk Group,2014/484509/07,Manufacturing,Gauteng,"2964 Mandela Way, Sandton",1240000________,Sandton,Debt;Working Capital,"Use of Funds
1.	Equipment purchase
2.	Staff expansion
3.	Marketing
",0 to R500K,R501K to R1M,829327_________,Commercial cleaning and hygiene services for offices and factories ,12.0,1.0,5,100%,0%,100%,Level 1,Urban,0%,Deepak Wyk,deepakwyk@gmail.com,+27 64 390 0606
2025-09-04 19:56:32,Nosipho Naidoo,Sizani Holdings,2008/620014/07,Information & Communication Technology,Limpopo,"941 Long Way, Uitenhage",250000_________,Uitenhage,Debt & Equity;Working Capital,To upgrade our machinery and improve turnaround times.,0 to R500K,0 to R500K,159____________,We run a driving school and provide learner licence training.,9.0,4.0,1,0%,100%,100%,Level 1,Urban,0%,Nosipho Naidoo,nosiphonaidoo@gmail.com,+27888315500
2025-07-17 06:25:56,Jaco Venter ,Northstar Investments,2024/592057/07,Retail & Wholesale,Limpopo,"1493 Marula Avenue, Benoni",1240000________,Benoni ,Other (Please specify),Operational funding ,0 to R500K,R1 000 001 to R5M,4117385________,Solar installation business serving residential and small commercial clients ,13.0,4.0,2,0%,100%,100%,Level 8,Township,1–24%,Jaco Venter,jacoventer@icloud.com,+27793124361
2025-07-19 11:40:54,Elmarie Mabaso ,Mabaso Services Pty Ltd,2017/827132/07,Healthcare & Biotechnology,Gauteng,"496 Buitenkant Avenue, GIYANI",10000__________,GIYANI ,Purchase Order Funding,Stock purchase and general operational funding ,0 to R500K,0 to R500K,3667___________,,3.0,5.0,2,0%,25–49%,100%,Level 1,Township,0%,Elmarie Mabaso,elmariemabaso777@yahoo.com,+27799992389
2025-08-23 04:57:51,Marlize Pretorius,Pretorius Engineering Pty Ltd,Pretorius Engineering Pty Ltd,Financial Services,Gauteng,"2996 Jan Smuts Avenue, Upington ",7920000________,Upington,Working Capital;Other (Please specify),To buy additional equipment and expand production capacity,0 to R500K,0 to R500K,0______________,We provide ICT support and cloud services to small businesses in the province.,5.0,6.0,100%,100%,100%,100%,Level 1,Urban,0%,Marlize Pretorius,marlizepretorius@mweb.co.za,+27671812934
2025-07-12 20:02:04,Mpho Singh,CATALYST SERVICES ,2010/794968/07 ,Waste Management,Limpopo,"1369 Loop Way, Roodepoort ",1190000________,Roodepoort,Working Capital,"Use of Funds
1.	Equipment purchase
2.	Staff expansion
3.	Marketing
",0 to R500K,R501K to R1M,396299_________,We manufacture and supply steel components to construction contractors.,2.0,4.0,3,0%,0%,1–24%,Level 1,Urban,0%,Mpho Singh,mphosingh@icloud.com,+27825604196
2025-08-16 09:33:16,Ntombi Abrahams,Apex Civils CC ,2024/355601/07,Retail & Wholesale,Western Cape,"1835 Aloe Crescent, Mbombela",20410000_______,Mbombela,Working Capital,Working capital to fulfil confirmed purchase orders,R1 000 001 to R5M,R501K to R1M,569530_________,We design and sew corporate uniforms and protective clothing.,2.0,18.0,3,100%,0%,100%,Level 1,Rural,0%,Ntombi Abrahams,ntombiabrahams22@mweb.co.za,+27656048452
2025-08-10 17:52:15,Yolandi Du,Du Civils CC,2008/262029/07,Retail & Wholesale,North West,"3018 Jakaranda Way, Klerksdorp",1460000________,Klerksdorp,Working Capital;Other (Please specify),Expansion into a second branch and hiring of staff ,0 to R500K,R1 000 001 to R5M,974794_________,We supply and install security systems and CCTV. ,3.0,4.0,1,50–74%,100%,100%,Level 1,Urban,0%,yolandi du,yolandidu622@webmail.co.za,0842562031
2025-07-17 15:39:38,Tshepo Mnisi,Mnisi Holdings CC,2013/824611/07,,Gauteng,"533 Loop Crescent, Springs",570000_________,Springs,Equity,Bridging finance while awaiting payment from government contracts,0 to R500K,0 to R500K,283243_________,A family-run bakery supplying schools and local retailers. ,,2.0,6,0%,50–74%,100%,Level 1,Township,0%,Tshepo Mnisi,tshepomnisi@mweb.co.za,+27737349143
2025-09-12 15:21:28,Hendrik Daniels ,Umlambo Group CC ,2025/533163/07,Hospitality,Eastern Cape,"178 Church Street, Polokwane",20650000_______,Polokwane,Working Capital,Bridging finance while awaiting payment from government contracts,0 to R500K,R501K to R1M,546011_________,Catering and events business servicing corporate functions.,6.0,3.0,2,50–74%,0%,100%,Level 2,Urban,0%,Hendrik Daniels,hendrikdaniels807@gmail.com,+27 79 402 5478
2025-08-28 05:39:37,Priya Adams,Northstar Consulting Pty Ltd,2015/947927/07,Tourism,Limpopo,"2399 Marula Street, Soweto",7220000________,Soweto ,Working Capital,Operational funding ,0 to R500K,0 to R500K,276235_________,Solar installation business serving residential and small commercial clients ,2.0,4.0,4,0%,Male,100%,Level 5,Township,0%,Priya Adams,priyaadams@outlook.com,+27871463916
2025-09-23 09:25:50,Kagiso Ngcobo ,Copper Leaf Manufacturing (Pty) Ltd,2010/705508/07,Agriculture - Secondary ,KZN,"2564 Commissioner Lane, Pietermaritzburg",23880000_______,Pietermaritzburg,Working Capital,Stock purchase and general operational funding ,R1 000 001 to R5M,R5 000 001 to R10M,7958961________,We grow and pack vegetables for regional wholesalers and retailers.,12.0,25.0,3,25–49%,100%,100%,Level 1,Township,0%,Kagiso Ngcobo,kagisongcobo@gmail.com,+27776486740
2025-09-23 02:30:29,Aisha Maharaj,Blackwood Transport Pty Ltd,2014/675216/07,Engineering & Construction,Western Cape,"372 Kingfisher Way, Witbank",960000_________,Witbank,Debt & Equity;Working Capital,Working capital to fulfil confirmed purchase orders,R1 000 001 to R5M,R1 000 001 to R5M,1925140________,A family-run bakery supplying schools and local retailers. ,13.0,13.0,3,100%,50–74%,0%,Level 1,Rural,0%,Aisha Maharaj,aishamaharaj129@mweb.co.za,+27834734445
2025-06-29 20:50:29,Suzette Motaung,Motaung Manufacturing ,201849694307 ,Agriculture - Primary ,Gauteng,"1665 Commissioner Street, Pretoria",270000_________,Pretoria,Purchase Order Funding;Working Capital,Bridging finance while awaiting payment from government contracts,0 to R500K,0 to R500K,54146__________,Solar installation business serving residential and small commercial clients ,1.0,4.0,5,100%,50–74%,100%,Level 1,Township,0%,Suzette Motaung,SUZETTEMOTAUNG976@WEBMAIL.CO.ZA,+27 85 853 3234
2025-09-23 04:44:56,Hendrik Molefe ,Molefe Enterprises CC,2014/117936/07,Manufacturing,Western Cape,"2861 Long Way, Soweto",250000_________,Soweto,Working Capital,To increase production and take on larger supply contracts ,0 to R500K,0 to R500K,0______________,Independent pharmacy and primary healthcare clinic serving a rural community,1.0,1.0,3,100%,50–74%,100%,Level 1,Urban,0%,hendrik molefe,hendrikmolefe620@gmail.com,+27611672514
2025-09-22 04:00:30,Bongani Isaacs,Isaacs Trading ,2020/760858/07,Manufacturing,Gauteng,"3116 Loop Way, potchefstroom ",6510000________,potchefstroom,Purchase Order Funding,"Use of Funds
1.	Equipment purchase
2.	Staff expansion
3.	Marketing
",0 to R500K,0 to R500K,411834_________,We design and sew corporate uniforms and protective clothing.,,10.0,1,0%,1–24%,75–99%,Level 1,Urban,0%,Bongani Isaacs,bonganiisaacs@icloud.com,+27642865921
2025-08-21 06:41:25,Yolandi Sibeko ,Lesedi Consulting ,2011/218176/07,NPO & NPC,Western Cape,"1759 Jakaranda Drive, Tembisa ",1010000________,Tembisa ,Debt & Equity,"Purchase of farming implements, seed and irrigation infrastructure",0 to R500K,0 to R500K,43130__________,Independent pharmacy and primary healthcare clinic serving a rural community,16.0,0.0,2,50–74%,100%,100%,Level 1,Township,0%,Yolandi Sibeko,yolandisibeko@mweb.co.za,+27644658065
2025-07-16 13:34:46,Katlego Naidoo,Naidoo Group (Pty) Ltd ,2016/641387/07,Hospitality,Western Cape,"2491 Marula Avenue, Polokwane",200000_________,Polokwane,Working Capital,Bridging finance while awaiting payment from government contracts,0 to R500K,0 to R500K,196727_________,We run a driving school and provide learner licence training.,6.0,2.0,2,100%,0%,100%,Level 4,Township,0%,katlego naidoo,katlegonaidoo@gmail.com,+27 65 650 0532
2025-08-21 14:04:19,Mandla Dlamini,DLAMINI TRADING GROUP,2014 / 386630 / 07,Financial Services,Gauteng,"1967 Voortrekker Avenue, Tzaneen",250000_________,Tzaneen ,Working Capital;Other (Please specify),"Use of Funds
1.	Equipment purchase
2.	Staff expansion
3.	Marketing
",0 to R500K,0 to R500K,514____________,,2.0,0.0,4,100%,0%,100%,Level 8,Urban,0%,Mandla Dlamini,mandladlamini365@gmail.com,+27871914807
2025-08-14 16:58:03,Ruan Mokoena,Sunrise Enterprises Group ,2015/691593/07,Education,Western Cape,"2036 Pretorius Drive, NEWCASTLE ",1170000________,NEWCASTLE,Debt & Equity,To increase production and take on larger supply contracts ,0 to R500K,R501K to R1M,587183_________,We design and sew corporate uniforms and protective clothing.,15.0,4.0,10,0%,0%,100%,Level 1,Rural,0%,Ruan Mokoena,ruanmokoena@webmail.co.za,+27833931362
2025-06-26 23:14:29,Bongani Govender,Govender Trading (Pty) Ltd,2025/237562/07,Waste Management,Limpopo,"1783 Acacia Crescent, Vereeniging",530000_________,Vereeniging,Working Capital,Bridging finance while awaiting payment from government contracts,0 to R500K,R501K to R1M,531230_________,Commercial cleaning and hygiene services for offices and factories ,20.0,5.0,5,50–74%,50–74%,100%,Level 1,Rural,0%,Bongani Govender,bonganigovender@icloud.com,+27770151063
2025-09-23 17:07:45,Tariq Ramaphakela,Sondela Civils (Pty) Ltd,,,Eastern Cape,"898 Voortrekker Way, Richards Bay",430000_________,Richards Bay,,To upgrade our machinery and improve turnaround times.,0 to R500K,R501K to R1M,533357_________,We provide ICT support and cloud services to small businesses in the province.,,7.0,3,0%,0%,100%,Level 1,Township,0%,Tariq Ramaphakela,tariqramaphakela@webmail.co.za,+27 65 826 6695
2025-08-09 11:09:29,Hendrik Ngcobo ,Ngcobo Civils,2024/887509/07 ,Information & Communication Technology,Western Cape,"1808 Mandela Way, Cape Town",230000_________,Cape Town,Working Capital,Working capital to fulfil confirmed purchase orders,0 to R500K,0 to R500K,228274_________,Logistics company transporting goods between major metros. ,6.0,3.0,1,0%,0%,100%,Level 1,Township,0%,Hendrik Ngcobo,hendrikngcobo@webmail.co.za,077 808 6301
2025-07-21 10:08:33,Nokuthula Mahlangu,Pioneer Manufacturing,2015/676270/07,Healthcare & Biotechnology,Gauteng,"492 Jan Smuts Crescent, Port Elizabeth",14460000_______,Port Elizabeth ,Working Capital,"Funding is required for equipment, training and certification.",R501K to R1M,R501K to R1M,0______________,A tourism operator offering guided township and heritage tours,2.0,,4,0%,25–49%,100%,Level 1,Urban,0%,Nokuthula Mahlangu,nokuthulamahlangu511@icloud.com,+27656457561
2025-07-04 11:09:54,Deon Mkhize ,Ubuntu Trading (Pty) Ltd,2025/954466/07,Information & Communication Technology,Western Cape,"2800 Aloe Lane, Paarl",1880000________,Paarl,Working Capital,Stock purchase and general operational funding ,0 to R500K,R501K to R1M,0______________,Solar installation business serving residential and small commercial clients ,4.0,4.0,6,100%,50–74%,100%,Level 1,Rural,0%,deon mkhize,deonmkhize@mweb.co.za,+27793065044
2025-06-27 12:42:59,Tumelo Mahlangu,Sunrise Enterprises Group ,2019/912857/07,Manufacturing,Gauteng,"224 Biko Drive, Soweto",25_0000________,Soweto,Purchase Order Funding,Stock purchase and general operational funding ,0 to R500K,0 to R500K,10058__________,We manufacture and supply steel components to construction contractors.,6.0,2.0,1,100%,100%,100%,Level 1,Rural,0%,tumelo mahlangu,tumelomahlangu@outlook.com,+27 67 186 5695
2025-09-13 23:11:30,Amahle Rakoma,Copper Leaf Transport (Pty) Ltd,2015/158067/07,Business Services (Agency & Consultancy),Gauteng,"1666 Jakaranda Street, Welkom",15570000_______,,Working Capital,To buy additional equipment and expand production capacity,R501K to R1M,R1 000 001 to R5M,3114673________,Commercial cleaning and hygiene services for offices and factories ,5.0,14.0,1,0%,1–24%,100%,Level 1,Township,0%,Amahle Rakoma,amahlerakoma967@outlook.com,+27846197874
2025-07-24 16:41:58,Zodwa Moodley,Moodley Consulting CC ,,Information & Communication Technology,Western Cape,"2546 Kingfisher Street, Springs",310000_________,Springs,Debt & Equity,Bridging finance while awaiting payment from government contracts,0 to R500K,0 to R500K,20662__________,Independent pharmacy and primary healthcare clinic serving a rural community,4.0,2.0,4,100%,25–49%,100%,Level 1,Urban,0%,Zodwa Moodley,zodwamoodley949@gmail.com,+27778811860
2025-07-22 09:26:17,Sizwe Molefe,Vantage Trading,2014/244590/07,Financial Services,Free State,"2082 Loop Crescent, UPINGTON ",40000__________,UPINGTON,Working Capital,Stock purchase and general operational funding ,0 to R500K,0 to R500K,141915_________,Independent pharmacy and primary healthcare clinic serving a rural community,3.0,2.0,6,100%,0%,50–74%,Level 2,Township,0%,Sizwe Molefe,SIZWEMOLEFE@GMAIL.COM,+27743884882
2025-08-24 23:19:41,Tariq Zwane,Zwane Agri (Pty) Ltd,2015/609901/07,Entertainment and Media,Gauteng,"2873 Acacia Lane, Gqeberha",350000_________,Gqeberha,Working Capital,To buy additional equipment and expand production capacity,0 to R500K,R501K to R1M,435518_________,We provide ICT support and cloud services to small businesses in the province.,8.0,3.0,1,25–49%,0%,100%,Level 1,Township,0%,Tariq Zwane,tariqzwane@gmail.com,+27664344761
2025-08-15 11:08:07,Johan Cele,Blue Crane Manufacturing ,2019/907461/07,Transportation and Logistics,Western Cape,"1820 Acacia Avenue, Mokopane",2800000________,Mokopane ,Equity;Debt & Equity;Working Capital,Expansion into a second branch and hiring of staff ,0 to R500K,0 to R500K,185646_________,We run a driving school and provide learner licence training.,2.0,5.0,1,0%,100%,100%,Level 1,Township,0%,johan cele,johancele@outlook.com,+27756209171
2025-07-08 22:30:10,Ashraf Molefe,Molefe Construction,2010/294808/07,Agriculture - Secondary ,Western Cape,"3021 Commissioner Avenue, Vereeniging",170000_________,Vereeniging,Purchase Order Funding;Working Capital,To grow the business ,0 to R500K,0 to R500K,83546__________,We grow and pack vegetables for regional wholesalers and retailers.,7.0,3.0,3,0%,50–74%,100%,Level 1,Urban,0%,Ashraf Molefe,ashrafmolefe@gmail.com,+27786440492
2025-09-06 03:30:00,Priya Govender,Sizani Engineering Group,2023/257241/07,NPO & NPC,Gauteng,"2872 Acacia Crescent, Potchefstroom",250000_________,Potchefstroom,Other (Please specify),Operational funding ,0 to R500K,0 to R500K,198____________,We supply and install security systems and CCTV. ,,1.0,2,0%,0%,100%,Level 1,Rural,0%,priya govender,priyagovender977@webmail.co.za,081 351 8965
2025-08-10 20:11:33,Themba Wyk,Bright Path Investments Pty Ltd,2021/804309/07,Information & Communication Technology,Western Cape,"1455 Aloe Lane, Springs",250000_________,Springs,Working Capital,Operational funding ,0 to R500K,0 to R500K,2876___________,We recycle plastic waste and sell processed pellets to manufacturers.,9.0,2.0,1,1–24%,100%,100%,Level 1,Urban,0%,Themba Wyk,thembawyk@icloud.com,+27 62 307 4410
2025-07-19 12:05:14,Kavitha Fortuin,Fynbos Holdings,2009/781423/07,Agriculture - Primary ,Eastern Cape,"3050 Acacia Road, Durban",2730000________,Durban ,Other (Please specify),To buy additional equipment and expand production capacity,0 to R500K,R501K to R1M,909242_________,We manufacture and supply steel components to construction contractors.,24.0,7.0,2,100%,50–74%,100%,Level 1,Urban,0%,kavitha fortuin,kavithafortuin@gmail.com,0777378590
2025-07-16 04:56:40,Jaco Maharaj,Umlambo Media Pty Ltd,2016/687991/07,Education,Western Cape,"1992 Buitenkant Street, centurion",30000__________,centurion,Purchase Order Funding;Working Capital,To increase production and take on larger supply contracts ,0 to R500K,0 to R500K,42856__________,A family-run bakery supplying schools and local retailers. ,5.0,3.0,4,25–49%,0%,100%,Level 1,Township,0%,jaco maharaj,jacomaharaj@icloud.com,+27833017788
2025-07-04 08:41:34,Sanele Mashaba,Mashaba Consulting Pty Ltd ,2009/256864/07,Mining,Gauteng,"2191 Buitenkant Way, Gqeberha ",830000_________,Gqeberha,Working Capital,Bridging finance while awaiting payment from government contracts,0 to R500K,0 to R500K,138305_________,Independent pharmacy and primary healthcare clinic serving a rural community,3.0,2.0,2,100%,100%,100%,Level 1,Rural,0%,Sanele Mashaba,SANELEMASHABA893@GMAIL.COM,+27727964632
2025-09-12 21:02:49,Mpho Coetzee,Catalyst Solutions CC,2012/484681/07,Information & Communication Technology,Gauteng,"462 Protea Lane, Upington ",70000__________,Upington,Purchase Order Funding;Working Capital,"Use of Funds
1.	Equipment purchase
2.	Staff expansion
3.	Marketing
",0 to R500K,0 to R500K,23565__________,,3.0,4.0,4,0%,100%,100%,Level 1,Township,0%,Mpho Coetzee,mphocoetzee@outlook.com,+27796111988
2025-06-27 17:53:25,Kagiso Baloyi,Nexus Consulting,Nexus Consulting ,Manufacturing,Limpopo,"2327 Long Drive, Vereeniging",186020000______,Vereeniging,Debt & Equity;Invoice Financing,To grow the business ,R5 000 001 to R10M,R20 000 001 to R50M,27363978_______,Commercial cleaning and hygiene services for offices and factories ,64.0,23.0,1,100%,50–74%,0%,Level 1,Township,0%,kagiso baloyi,KAGISOBALOYI78@YAHOO.COM,0650562437
2025-07-04 10:17:46,Vikash Cele,Highveld Group Group ,,,Limpopo,"659 Commissioner Crescent, Mthatha ",70000__________,Mthatha,Other (Please specify),Bridging finance while awaiting payment from government contracts,0 to R500K,0 to R500K,0______________,We manufacture and supply steel components to construction contractors.,,1.0,1,100%,100%,1–24%,Level 1,Township,0%,Vikash Cele,vikashcele157@gmail.com,+27 86 865 9714
2025-07-06 15:15:27,Chantelle Ndlovu,Sondela Group Pty Ltd,2014/865519/07,Retail & Wholesale,Gauteng,"835 Aloe Crescent, Sandton",12500000_______,Sandton ,Purchase Order Funding;Invoice Financing;Working Capital,"Purchase of farming implements, seed and irrigation infrastructure",R5 000 001 to R10M,R10 000 001 to R20M,10414068_______,We recycle plastic waste and sell processed pellets to manufacturers.,26.0,14.0,3,50–74%,100%,100%,Level 1,Rural,25–49%,Chantelle Ndlovu,chantellendlovu@gmail.com,0638790620
2025-07-18 14:47:29,Sanele Solomons,Ubuntu Construction Group ,202434931307,Waste Management,Limpopo,"1694 Commissioner Drive, Potchefstroom ",8310000________,Potchefstroom,,Operational funding ,R501K to R1M,0 to R500K,417159_________,,0.0,3.0,1,50–74%,50–74%,100%,Level 1,Township,0%,Sanele Solomons,sanelesolomons@webmail.co.za,+27679498978
2025-07-12 04:29:41,Deepak Mashaba,Silver Oak Enterprises Group,2018/800363/07 ,Retail & Wholesale,Gauteng,"1176 Voortrekker Avenue, Richards Bay",3000000________,Richards Bay,Working Capital,To upgrade our machinery and improve turnaround times.,0 to R500K,0 to R500K,150377_________,We grow and pack vegetables for regional wholesalers and retailers.,0.0,0.0,3,100%,100%,100%,Level 1,Township,0%,Deepak Mashaba,deepakmashaba@icloud.com,+27856885299
2025-06-30 21:01:46,Nandi Steyn,Ikhaya Services (Pty) Ltd,2017/893208/07,Public Sector ,Western Cape,"3017 Long Avenue, Tembisa",250000_________,Tembisa,Working Capital,Bridging finance while awaiting payment from government contracts,0 to R500K,0 to R500K,160____________,We supply and install security systems and CCTV. ,1.0,1.0,1,100%,0%,100%,Level 1,Urban,0%,Nandi Steyn,nandisteyn@gmail.com,+27712043945
2025-09-06 12:23:25,Boitumelo Baloyi,Catalyst Holdings (Pty) Ltd,,Engineering & Construction,Limpopo,"1121 Main Street, Upington ",3580000________,Upington,Equity;Debt & Equity;Working Capital,Operational funding ,R10 000 001 to R20M,R5 000 001 to R10M,4471176________,Independent pharmacy and primary healthcare clinic serving a rural community,13.0,2.0,1,100%,0%,100%,Level 1,Rural,100%,Boitumelo Baloyi,boitumelobaloyi@gmail.com,068 089 1730
2025-06-25 16:40:59,Thabo Cele,Cele Transport,,,North West,"2587 Long Road, Newcastle",250000_________,Newcastle,,"Purchase of farming implements, seed and irrigation infrastructure",0 to R500K,0 to R500K,316____________,We supply and install security systems and CCTV. ,,1.0,5,0%,100%,100%,Level 1,Rural,0%,thabo cele,thabocele@icloud.com,+27612874122
2025-08-26 10:58:54,Faried Singh,Singh Transport CC,2025 / 587069 / 07,Manufacturing,Gauteng,"100 Pretorius Way, Klerksdorp",250000_________,Klerksdorp,Purchase Order Funding,"Purchase of farming implements, seed and irrigation infrastructure",0 to R500K,0 to R500K,49_____________,Commercial cleaning and hygiene services for offices and factories ,3.0,4.0,4,0%,0%,100%,Level 1,Urban,0%,faried singh,fariedsingh@webmail.co.za,+27723073924
2025-07-13 15:55:51,Chantelle Mashaba,Mashaba Group (Pty) Ltd,2017/361175/07 ,Hospitality,Limpopo,"3062 Loop Lane, khayelitsha",5400000________,khayelitsha ,Equity,"Purchase of farming implements, seed and irrigation infrastructure",R501K to R1M,R501K to R1M,899406_________,Solar installation business serving residential and small commercial clients ,4.0,13.0,6,100%,0%,1–24%,Level 1,Rural,0%,Chantelle Mashaba,chantellemashaba476@gmail.com,+27 74 062 1950
2025-09-15 07:58:01,Tariq Coetzee ,Coetzee Consulting (Pty) Ltd,2013/704840/07,Hospitality,Limpopo,"694 Jakaranda Street, Roodepoort",7230000________,Roodepoort,Debt & Equity,Expansion into a second branch and hiring of staff ,R10 000 001 to R20M,R10 000 001 to R20M,12050559_______,We supply and install security systems and CCTV. ,14.0,59.0,1,100%,0%,100%,Level 1,Urban,0%,Tariq Coetzee,tariqcoetzee78@outlook.com,+27660712679
2025-08-23 11:36:58,Fatima Wyk,Wyk Agri,2014/873913/07,Engineering & Construction,Gauteng,"785 Jakaranda Street, Tzaneen",36400000_______,Tzaneen,Working Capital,"Funding is required for equipment, training and certification.",R20 000 001 to R50M,R20 000 001 to R50M,30331302_______,A family-run bakery supplying schools and local retailers. ,53.0,13.0,2,100%,100%,100%,Level 1,Urban,0%,fatima wyk,fatimawyk@webmail.co.za,+27720536626
2025-06-29 14:27:18,Yolandi Molefe,MERIDIAN HOLDINGS (PTY) LTD,2023/678750/07,Information & Communication Technology,Western Cape,"612 Kruger Street, Polokwane",10000__________,Polokwane,Debt,"Purchase of farming implements, seed and irrigation infrastructure",0 to R500K,0 to R500K,22903__________,Civil engineering contractor focused on roads and stormwater projects ,0.0,0.0,3,100%,100%,0%,Level 1,Township,0%,Yolandi Molefe,YOLANDIMOLEFE@GMAIL.COM,+27 72 831 1653
2025-09-19 01:43:14,Mpho Sekgobela ,Copper Leaf Services,2021/130583/07,Manufacturing,Western Cape,"848 Kruger Lane, Upington",1510000________,Upington,Working Capital,"Purchase of farming implements, seed and irrigation infrastructure",0 to R500K,R1 000 001 to R5M,2510355________,Logistics company transporting goods between major metros. ,4.0,20.0,2,100%,100%,100%,Level 1,Urban,0%,Mpho Sekgobela,mphosekgobela@gmail.com,0772932304
2025-09-11 09:00:34,Amahle Coetzee,Stone Bridge Projects,2020/103413/07,Manufacturing,Gauteng,"2094 Acacia Avenue, Randburg",6360000________,Randburg,Working Capital,To increase production and take on larger supply contracts ,0 to R500K,0 to R500K,418909_________,We design and sew corporate uniforms and protective clothing.,2.0,3.0,10,25–49%,100%,1–24%,Level 3,Urban,1–24%,Amahle Coetzee,amahlecoetzee@webmail.co.za,+27 63 919 2923
2025-07-18 02:22:05,Sipho Daniels,Sondela Trading Group ,2024/561542/07,Waste Management,Eastern Cape,"1220 Acacia Street, Soweto",39250000_______,Soweto,Purchase Order Funding;Invoice Financing;Working Capital,"Funding is required for equipment, training and certification.",R10 000 001 to R20M,R10 000 001 to R20M,9812563________,Commercial cleaning and hygiene services for offices and factories ,26.0,13.0,5,0%,0%,100%,Level 1,Township,0%,Sipho Daniels,SIPHODANIELS@MWEB.CO.ZA,+27624973803
2025-07-01 10:32:27,Danie Fortuin ,Fortuin Civils,2010/915284/07,Business Services (Agency & Consultancy),Gauteng,"250 Rivonia Road, Roodepoort",7530000________,Roodepoort,Equity;Working Capital;Other (Please specify),Working capital to fulfil confirmed purchase orders,0 to R500K,R1 000 001 to R5M,1506576________,Independent pharmacy and primary healthcare clinic serving a rural community,,13.0,1,0%,0%,100%,Level 1,Rural,0%,Danie Fortuin,daniefortuin631@gmail.com,0682176039
2025-08-20 13:11:26,Christo Mabena ,Highveld Holdings ,2015/822081/07 ,Tourism,Western Cape,"2293 Main Drive, Mahikeng ",410000_________,Mahikeng,Working Capital,To grow the business ,0 to R500K,0 to R500K,412122_________,,1.0,2.0,2,75–99%,100%,100%,Level 1,Urban,0%,Christo Mabena,CHRISTOMABENA719@WEBMAIL.CO.ZA,077 559 2333
2025-08-01 02:44:28,Zodwa Radebe,Radebe Investments CC,2008 / 331360 / 07 ,Healthcare & Biotechnology,Western Cape,"58 Long Crescent, potchefstroom",13050000_______,potchefstroom,Working Capital,To buy additional equipment and expand production capacity,0 to R500K,0 to R500K,368933_________,Civil engineering contractor focused on roads and stormwater projects ,8.0,,3,0%,50–74%,100%,Level 4,Rural,0%,Zodwa Radebe,zodwaradebe@gmail.com,+27637946078
2025-08-24 00:25:37,Busisiwe Mokoena,Blue Crane Trading CC,2023/670641/07,Energy,Western Cape,"1400 Main Avenue, Richards Bay",250000_________,Richards Bay,Working Capital,To grow the business ,0 to R500K,R501K to R1M,821209_________,,26.0,2.0,4,1–24%,100%,100%,Level 2,Township,0%,busisiwe mokoena,busisiwemokoena@gmail.com,+27636293231
2025-07-07 07:08:34,Imran Abrahams,Abrahams Logistics,201938534707,Manufacturing,Gauteng,"2340 Biko Crescent, Worcester",910000_________,Worcester,Debt & Equity;Working Capital,"Use of Funds
1.	Equipment purchase
2.	Staff expansion
3.	Marketing
",0 to R500K,0 to R500K,228703_________,We design and sew corporate uniforms and protective clothing.,8.0,3.0,10,0%,50–74%,100%,Level 1,Township,0%,Imran Abrahams,imranabrahams@outlook.com,+27840929487
2025-08-05 20:21:58,Musa Venter ,Redline Distributors (Pty) Ltd ,2022/526543/07,Mining,Limpopo,"1435 Umgeni Drive, George","1,5m",George,Purchase Order Funding,Expansion into a second branch and hiring of staff ,0 to R500K,R501K to R1M,0______________,Commercial cleaning and hygiene services for offices and factories ,5.0,6.0,2,0%,0%,0%,Level 1,Township,0%,Musa Venter,musaventer@gmail.com,0816566985
2025-09-08 14:57:39,Zanele Zulu,Amandla Engineering Group,2019/487692/07,Financial Services,Limpopo,"31 Voortrekker Way, SPRINGS",250000_________,SPRINGS,Equity;Working Capital,Bridging finance while awaiting payment from government contracts,0 to R500K,0 to R500K,478____________,We run a driving school and provide learner licence training.,1.0,3.0,2,50–74%,50–74%,100%,Level 1,Urban,0%,Zanele Zulu,zanelezulu@mweb.co.za,+27 75 601 8168
2025-07-04 17:58:27,Bongani Du,Silver Oak Consulting CC,2021 / 749947 / 07,Agriculture - Primary ,Western Cape,"3052 Mandela Drive, Mbombela",130000_________,Mbombela,Working Capital,To buy additional equipment and expand production capacity,0 to R500K,R501K to R1M,428583_________,We supply and install security systems and CCTV. ,4.0,13.0,10,100%,0%,0%,Level 1,Urban,0%,Bongani Du,bonganidu@webmail.co.za,083 418 7291
2025-08-02 22:26:35,Jaco Ntuli,Nexus Technologies (Pty) Ltd,2016/238591/07,Information & Communication Technology,Gauteng,"1317 Protea Lane, Kuruman",1280000________,Kuruman,Debt & Equity,To upgrade our machinery and improve turnaround times.,0 to R500K,0 to R500K,426335_________,Catering and events business servicing corporate functions.,3.0,2.0,6,100%,100%,100%,Level 1,Urban,0%,Jaco Ntuli,jacontuli346@mweb.co.za,+27883320197
2025-06-29 06:19:04,Naledi Reddy,Copper Leaf Manufacturing (Pty) Ltd,2016/650865/07,Mining,Western Cape,"2352 Church Way, Witbank",200000_________,Witbank,Working Capital,"Use of Funds
1.	Equipment purchase
2.	Staff expansion
3.	Marketing
",0 to R500K,0 to R500K,197898_________,Commercial cleaning and hygiene services for offices and factories ,1.0,4.0,5,100%,1–24%,100%,Level 1,Urban,50–74%,Naledi Reddy,naledireddy@outlook.com,+27 88 350 7931
2025-07-26 05:04:54,Lwazi Joubert ,Thuso Media,2016/425529/07,Manufacturing,Gauteng,"2936 Voortrekker Avenue, Soweto",4860000________,Soweto ,Debt & Equity;Working Capital,Bridging finance while awaiting payment from government contracts,0 to R500K,R1 000 001 to R5M,3242668________,Solar installation business serving residential and small commercial clients ,6.0,2.0,3,0%,0%,100%,Level 1,Township,0%,lwazi joubert,lwazijoubert@gmail.com,077 114 5706
2025-07-12 00:49:58,Kabelo Coetzee,Coetzee Agri,201251834007,Transportation and Logistics,Eastern Cape,"1594 Tambo Lane, Rustenburg",420000_________,Rustenburg,Equity,Stock purchase and general operational funding ,0 to R500K,0 to R500K,104667_________,We provide ICT support and cloud services to small businesses in the province.,2.0,2.0,3,0%,25–49%,100%,Level 2,Urban,0%,Kabelo Coetzee,kabelocoetzee942@outlook.com,+27 88 817 5218
2025-07-17 19:05:52,Nosipho Chetty ,Chetty Holdings (Pty) Ltd,2017/545877/07 ,Hospitality,Western Cape,"3194 Umgeni Way, Durban",140000_________,Durban,Working Capital,"Raw materials, tooling and factory rental for the next 12 months",0 to R500K,0 to R500K,0______________,We run a driving school and provide learner licence training.,1.0,7.0,6,0%,0%,100%,Level 1,Township,1–24%,Nosipho Chetty,nosiphochetty348@outlook.com,+27848905247
2025-07-24 05:24:37,Aisha Molefe,Molefe Transport CC,,Retail & Wholesale,Western Cape,"1407 Buitenkant Crescent, Richards Bay",20000__________,Richards Bay,Equity,To buy additional equipment and expand production capacity,0 to R500K,0 to R500K,1415___________,Logistics company transporting goods between major metros. ,3.0,2.0,3,25–49%,0%,100%,Level 4,Township,0%,Aisha Molefe,aishamolefe74@gmail.com,+27 87 351 2669
2025-08-21 19:46:29,Musa Molefe ,Kopano Enterprises ,2017/890387/07,Transportation and Logistics,Western Cape,"2735 Rivonia Avenue, Vereeniging ",30000__________,Vereeniging,Debt;Working Capital,"Funding is required for equipment, training and certification.",0 to R500K,0 to R500K,0______________,Independent pharmacy and primary healthcare clinic serving a rural community,5.0,23.0,6,0%,50–74%,100%,Level 3,Urban,0%,Musa Molefe,musamolefe@gmail.com,+27645056044
2025-08-06 19:43:11,Naledi Abrahams,Abrahams Technologies CC ,,Business Services (Agency & Consultancy),Gauteng,"2650 Tambo Crescent, Richards Bay",20000__________,Richards Bay,Other (Please specify),Bridging finance while awaiting payment from government contracts,0 to R500K,0 to R500K,427____________,,3.0,2.0,1,0%,100%,100%,Level 1,Rural,0%,Naledi Abrahams,NALEDIABRAHAMS675@GMAIL.COM,+27742007920
2025-08-07 16:45:14,Yolandi Pretorius ,Copper Leaf Enterprises ,201572974307,Mining,KZN,"1458 Commissioner Avenue, Mahikeng",210000_________,Mahikeng,Debt & Equity,To increase production and take on larger supply contracts ,0 to R500K,0 to R500K,35418__________,We provide ICT support and cloud services to small businesses in the province.,6.0,7.0,2,0%,100%,100%,Level 1,Urban,0%,Yolandi Pretorius,yolandipretorius@gmail.com,+27 62 547 3300
2025-09-19 18:03:59,Thabo Davids ,Davids Transport (Pty) Ltd ,2017/449395/07,,Limpopo,"987 Loop Road, Tembisa",4790000________,Tembisa ,,Bridging finance while awaiting payment from government contracts,0 to R500K,R501K to R1M,487994_________,,,3.0,Thabo Davids,100%,100%,100%,Level 1,Township,0%,Thabo Davids,thabodavids@mweb.co.za,0781815779
2025-07-07 16:58:12,Mxolisi Sekgobela,Sekgobela Solutions,2014/740854/07,Transportation and Logistics,Western Cape,"1867 Long Way, Witbank",250000_________,Witbank,Working Capital,To upgrade our machinery and improve turnaround times.,0 to R500K,0 to R500K,12_____________,Catering and events business servicing corporate functions.,2.0,1.0,Sekgobela Solutions,0%,50–74%,100%,Level 1,Township,0%,Mxolisi Sekgobela,mxolisisekgobela@gmail.com,+27 79 934 6763
2025-08-23 03:01:46,Nosipho Daniels,Sizani Media,2020/525600/07,Manufacturing,Gauteng,"1487 Loop Way, Kuruman ",40000__________,Kuruman,Working Capital,"Use of Funds
1.	Equipment purchase
2.	Staff expansion
3.	Marketing
",0 to R500K,0 to R500K,74408__________,We manufacture and supply steel components to construction contractors.,9.0,,10,100%,1–24%,100%,Level 1,Township,0%,Nosipho Daniels,nosiphodaniels@icloud.com,+27 88 171 4822
2025-09-05 06:17:31,Nadia Naidoo ,Sondela Construction ,,,North West,"2601 Tambo Avenue, Newcastle",190000_________,Newcastle,,Bridging finance while awaiting payment from government contracts,0 to R500K,0 to R500K,187726_________,We design and sew corporate uniforms and protective clothing.,,1.0,10,100%,100%,100%,Level 8,Urban,0%,Nadia Naidoo,nadianaidoo@icloud.com,+27674883616
2025-07-21 13:12:36,Shireen Adams,Umlambo Civils,2023/762076/07,NPO & NPC,Western Cape,"2306 Kingfisher Lane, Pretoria",120000_________,Pretoria,Debt,"Marketing, customer acquisition and website development ",0 to R500K,0 to R500K,231397_________,Catering and events business servicing corporate functions.,3.0,8.0,5,0%,50–74%,100%,Level 1,Urban,0%,Shireen Adams,shireenadams@gmail.com,+27692744703
2025-09-16 18:58:28,Suzette Mokoena,Riverstone Media,2013/432493/07,Engineering & Construction,Gauteng,"2 Church Road, Stellenbosch",310000_________,Stellenbosch,Working Capital,Expansion into a second branch and hiring of staff ,0 to R500K,0 to R500K,391202_________,Solar installation business serving residential and small commercial clients ,8.0,4.0,3,0%,0%,0%,Level 1,Urban,0%,Suzette Mokoena,suzettemokoena@mweb.co.za,+27819399270
2025-06-25 11:02:20,Tariq Baloyi,Baloyi Holdings CC,2008/434457/07,,Limpopo,"1684 Acacia Crescent, Kuruman",3360000________,Kuruman,Other (Please specify),Working capital to fulfil confirmed purchase orders,0 to R500K,R501K to R1M,671155_________,,,3.0,3,100%,100%,100%,Level 1,Township,25–49%,Tariq Baloyi,tariqbaloyi@gmail.com,+27 86 225 0042
2025-09-19 16:28:27,Zanele Pretorius,Pretorius Construction ,2015/288803/07,,North West,"214 Main Lane, Mbombela",8260000________,Mbombela ,Purchase Order Funding,To upgrade our machinery and improve turnaround times.,R5 000 001 to R10M,R5 000 001 to R10M,3304763________,,,6.0,1,25–49%,100%,100%,Level 1,Township,0%,Zanele Pretorius,zanelepretorius377@webmail.co.za,0761380612
2025-09-07 00:17:08,Bongani Mthembu,Catalyst Solutions (Pty) Ltd,,,Gauteng,"466 Buitenkant Crescent, Rustenburg",550000_________,Rustenburg,Purchase Order Funding,"Purchase of farming implements, seed and irrigation infrastructure",0 to R500K,0 to R500K,272825_________,Commercial cleaning and hygiene services for offices and factories ,,8.0,1,0%,50–74%,100%,Level 1,Urban,0%,bongani mthembu,bonganimthembu@webmail.co.za,0738624401
2025-08-12 06:29:27,Ntombi Baloyi,Vuka Engineering ,,Manufacturing,Western Cape,"2877 Commissioner Crescent, Gqeberha ",40000__________,Gqeberha,Working Capital,To upgrade our machinery and improve turnaround times.,0 to R500K,0 to R500K,0______________,Civil engineering contractor focused on roads and stormwater projects ,3.0,3.0,1,100%,100%,100%,Level 1,Urban,0%,ntombi baloyi,ntombibaloyi@gmail.com,062 228 8838
2025-06-29 21:25:55,Jabulani Sekgobela ,Sekgobela Trading (Pty) Ltd,2012/599519/07,Retail & Wholesale,Western Cape,"1544 Aloe Street, Gqeberha",3850000________,Gqeberha,Working Capital,Expansion into a second branch and hiring of staff ,0 to R500K,0 to R500K,111588_________,We grow and pack vegetables for regional wholesalers and retailers.,1.0,0.0,1,25–49%,100%,100%,Level 1,Rural,0%,Jabulani Sekgobela,jabulanisekgobela@outlook.com,0623429252
2025-07-27 09:27:30,Sizwe Mabena,Mabena Projects (Pty) Ltd,2008/728194/07,Agriculture - Primary ,Gauteng,"1059 Jakaranda Crescent, GIYANI",60000__________,GIYANI ,Debt & Equity,"Funding is required for equipment, training and certification.",0 to R500K,0 to R500K,110306_________,Independent pharmacy and primary healthcare clinic serving a rural community,7.0,2.0,3,50–74%,100%,100%,Level 1,Urban,0%,sizwe mabena,sizwemabena238@icloud.com,+27 89 878 1913
2025-08-05 04:37:05,Kgomotso Baloyi ,Baloyi Manufacturing,2009/256292/07,Financial Services,Limpopo,"1869 Loop Street, Sasolburg",250000_________,Sasolburg,Other (Please specify),To increase production and take on larger supply contracts ,0 to R500K,0 to R500K,462____________,We manufacture and supply steel components to construction contractors.,6.0,0.0,3,50–74%,100%,100%,Level 1,Rural,0%,Kgomotso Baloyi,kgomotsobaloyi676@icloud.com,0843052743
2025-07-27 07:59:14,Rukaya Baloyi,Umlambo Foods ,2017 / 209351 / 07,Manufacturing,Mpumalanga,"484 Church Way, Newcastle",8880000________,Newcastle,Equity,To grow the business ,R1 000 001 to R5M,R501K to R1M,474444_________,Solar installation business serving residential and small commercial clients ,2.0,1.0,3,100%,0%,100%,Level 1,Township,0%,rukaya baloyi,rukayabaloyi85@gmail.com,+27884939143
2025-07-24 08:43:41,Reshma Plessis,Plessis Investments,,,Gauteng,"1046 Voortrekker Lane, Tembisa ",3340000________,Tembisa,,"Funding is required for equipment, training and certification.",R1 000 001 to R5M,R1 000 001 to R5M,1670740________,We manufacture and supply steel components to construction contractors.,,10.0,3,0%,0%,0%,Level 2,Rural,0%,Reshma Plessis,RESHMAPLESSIS@ICLOUD.COM,0837133037
2025-07-28 17:31:30,Deon Chauke ,Redline Distributors CC,2019/561027/07,Waste Management,Limpopo,"2386 Church Lane, Uitenhage",4580000________,Uitenhage,Other (Please specify),To upgrade our machinery and improve turnaround times.,0 to R500K,R1 000 001 to R5M,0______________,Logistics company transporting goods between major metros. ,34.0,26.0,2,100%,25–49%,100%,Level 1,Rural,0%,deon chauke,deonchauke@mweb.co.za,0630186297
2025-09-02 19:03:17,Mpho Pretorius,Sizani Technologies,,Financial Services,Gauteng,"688 Tambo Street, Ladysmith",10430000_______,Ladysmith,Working Capital,Bridging finance while awaiting payment from government contracts,0 to R500K,R1 000 001 to R5M,2086690________,Solar installation business serving residential and small commercial clients ,20.0,6.0,1,0%,100%,100%,Level 1,Township,0%,mpho pretorius,mphopretorius@outlook.com,+27763656936
2025-08-16 10:37:30,Yolandi Rakoma,Kalahari Media Pty Ltd ,2019/172870/07,Business Services (Agency & Consultancy),Western Cape,"783 Long Lane, Stellenbosch",13690000_______,Stellenbosch,Working Capital,Stock purchase and general operational funding ,R1 000 001 to R5M,R1 000 001 to R5M,2282257________,We run a driving school and provide learner licence training.,14.0,5.0,2,0%,100%,100%,Level 1,Rural,0%,Yolandi Rakoma,yolandirakoma@mweb.co.za,+27 76 599 0313
2025-08-19 09:15:41,Refilwe Fortuin,Copper Leaf Solutions CC,2013/606176/07,Information & Communication Technology,Western Cape,"611 Biko Street, Stellenbosch ",1760000________,Stellenbosch ,Working Capital,"Use of Funds
1.	Equipment purchase
2.	Staff expansion
3.	Marketing
",0 to R500K,R1 000 001 to R5M,1176306________,Independent pharmacy and primary healthcare clinic serving a rural community,1.0,1.0,10,100%,0%,100%,Level 1,Rural,0%,Refilwe Fortuin,refilwefortuin@gmail.com,+27647330220
2025-08-01 14:52:07,Kagiso Venter ,Umlambo Investments Pty Ltd,2024/223133/07,Business Services (Agency & Consultancy),Gauteng,"1367 Rissik Street, Vereeniging",240000_________,,Other (Please specify),Expansion into a second branch and hiring of staff ,0 to R500K,R501K to R1M,794856_________,Solar installation business serving residential and small commercial clients ,1.0,3.0,10,25–49%,0%,100%,Level 1,Rural,0%,kagiso venter,kagisoventer@mweb.co.za,+27650994889
2025-08-29 23:13:27,Lerato Radebe ,Frontier Distributors (Pty) Ltd,2016/762964/07,Agriculture - Secondary ,Limpopo,"402 Sisulu Lane, NEWCASTLE",250000_________,NEWCASTLE,Working Capital,To buy additional equipment and expand production capacity,0 to R500K,0 to R500K,3______________,A tourism operator offering guided township and heritage tours,2.0,1.0,1,0%,100%,100%,Level 1,Urban,0%,lerato radebe,leratoradebe@gmail.com,+27649807619
2025-06-25 23:18:06,Annelie Zulu,Vantage Media Group,2023/780072/07,Manufacturing,Free State,"240 Rissik Avenue, Stellenbosch ",14900000_______,Stellenbosch,Debt & Equity,Operational funding ,R1 000 001 to R5M,R5 000 001 to R10M,5958482________,We supply and install security systems and CCTV. ,41.0,4.0,6,0%,0%,100%,Level 1,Rural,0%,Annelie Zulu,anneliezulu@mweb.co.za,+27 84 601 3758
2025-07-29 23:15:13,Musa Chauke,Chauke Enterprises (Pty) Ltd,2020/784681/07,Education,Limpopo,"1034 Buitenkant Street, Upington ",2200000________,Upington,Equity;Working Capital,"Use of Funds
1.	Equipment purchase
2.	Staff expansion
3.	Marketing
",0 to R500K,0 to R500K,440400_________,We run a driving school and provide learner licence training.,4.0,4.0,6,25–49%,0%,100%,Level 1,Urban,0%,Musa Chauke,musachauke@yahoo.com,+27876028855
2025-07-06 21:17:53,Priya Dlamini,Dlamini Civils (Pty) Ltd,,,Limpopo,"3121 Voortrekker Street, tembisa",750000_________,tembisa,Purchase Order Funding,"Marketing, customer acquisition and website development ",R501K to R1M,R501K to R1M,500907_________,We run a driving school and provide learner licence training.,18.0,4.0,5,0%,1–24%,100%,Level 2,Township,0%,Priya Dlamini,priyadlamini678@yahoo.com,+27 68 171 6410
2025-08-11 00:23:59,Francois Botha,Lesedi Solutions (Pty) Ltd ,2013 / 627925 / 07,Mining,Gauteng,"1159 Jakaranda Street, emalahleni",250000_________,emalahleni,Working Capital,"Raw materials, tooling and factory rental for the next 12 months",0 to R500K,0 to R500K,1______________,Commercial cleaning and hygiene services for offices and factories ,0.0,1.0,100%,100%,100%,100%,Level 3,Rural,25–49%,Francois Botha,francoisbotha@outlook.com,+27892352565
2025-09-04 23:31:41,Riyaad Davids,Davids Transport,2011/584048/07,Hospitality,Western Cape,"2296 Rissik Crescent, Richards Bay ",780000_________,Richards Bay,Equity,Operational funding ,0 to R500K,R501K to R1M,390491_________,Independent pharmacy and primary healthcare clinic serving a rural community,3.0,10.0,2,100%,100%,100%,Level 1,Urban,0%,riyaad davids,riyaaddavids482@outlook.com,069 062 5621
2025-07-15 05:57:05,Kagiso Adams ,Fairview Projects,2014/636225/07,Healthcare & Biotechnology,Western Cape,"1753 Protea Way, LADYSMITH ",870000_________,LADYSMITH,Invoice Financing;Working Capital,To buy additional equipment and expand production capacity,0 to R500K,0 to R500K,217352_________,We provide ICT support and cloud services to small businesses in the province.,1.0,3.0,1,0%,0%,100%,Level 3,Rural,0%,Kagiso Adams,kagisoadams@gmail.com,+27675255679
2025-09-14 00:57:57,Deepak Nel,Nel Engineering ,2013/559521/07,Information & Communication Technology,Western Cape,"1458 Marula Road, Ladysmith",1110000________,Ladysmith ,Working Capital,"Purchase of farming implements, seed and irrigation infrastructure",0 to R500K,R501K to R1M,0______________,We supply and install security systems and CCTV. ,2.0,14.0,6,0%,0%,1–24%,Level 1,Rural,0%,Deepak Nel,deepaknel@gmail.com,+27748698222
2025-08-26 07:30:13,Sanjay Maharaj ,Ikhaya Foods Group,2022/567072/07,Transportation and Logistics,Western Cape,"124 Pretorius Crescent, Randburg ",2620000________,Randburg,Working Capital,"Funding is required for equipment, training and certification.",R501K to R1M,R5 000 001 to R10M,0______________,Commercial cleaning and hygiene services for offices and factories ,6.0,67.0,3,100%,100%,100%,Level 1,Rural,25–49%,Sanjay Maharaj,sanjaymaharaj@yahoo.com,+27736556658
2025-09-24 19:49:17,Amahle Wyk,Redline Technologies Group ,2023 / 757329 / 07,Transportation and Logistics,Western Cape,"919 Long Drive, George",990000_________,,Working Capital,Stock purchase and general operational funding ,0 to R500K,0 to R500K,330051_________,Catering and events business servicing corporate functions.,11.0,7.0,2,100%,0%,100%,Level 1,Urban,0%,Amahle Wyk,amahlewyk@gmail.com,+27679378714
2025-08-02 06:00:03,Deon Mnisi,Apex Logistics (Pty) Ltd,2016 / 495906 / 07,Retail & Wholesale,Western Cape,"1980 Protea Drive, Witbank",230000_________,Witbank,Purchase Order Funding,"Purchase of farming implements, seed and irrigation infrastructure",0 to R500K,0 to R500K,93548__________,Catering and events business servicing corporate functions.,3.0,7.0,5,0%,0%,100%,Level 1,Township,0%,deon mnisi,deonmnisi48@outlook.com,074 532 7389
2025-08-10 22:13:18,Boitumelo Ngcobo,Summit Technologies Pty Ltd,2020/471369/07,Manufacturing,Mpumalanga,"170 Main Crescent, Polokwane",250000_________,Polokwane,Working Capital,"Purchase of farming implements, seed and irrigation infrastructure",0 to R500K,0 to R500K,0______________,Solar installation business serving residential and small commercial clients ,1.0,3.0,4,100%,0%,100%,Level 1,Township,0%,Boitumelo Ngcobo,boitumelongcobo@outlook.com,+27869177728
2025-07-29 05:02:03,Kabelo Coetzee,Coetzee Technologies Pty Ltd ,2019/343052/07,Information & Communication Technology,Limpopo,"1704 Kruger Way, Pretoria",250000_________,Pretoria,Other (Please specify),"Purchase of farming implements, seed and irrigation infrastructure",0 to R500K,0 to R500K,801____________,We grow and pack vegetables for regional wholesalers and retailers.,5.0,20.0,2,0%,0%,100%,Level 1,Rural,0%,Kabelo Coetzee,kabelocoetzee@mweb.co.za,+27690292033
2025-07-10 02:47:41,Zodwa Plessis,PLESSIS CONSULTING PTY LTD ,2022/848191/07,Manufacturing,Western Cape,"1419 Protea Road, Johannesburg ",250000_________,Johannesburg,Working Capital;Other (Please specify),Purchase of a delivery vehicle and cold storage unit,0 to R500K,0 to R500K,68_____________,Civil engineering contractor focused on roads and stormwater projects ,1.0,3.0,1,0%,100%,100%,Level 1,Township,50–74%,Zodwa Plessis,zodwaplessis547@icloud.com,+27 81 617 0753
2025-08-17 01:56:54,Anisha Mokoena,Vertex Projects,2023/239289/07,Manufacturing,Gauteng,"226 Rissik Drive, Soweto",30000__________,Soweto,Working Capital,"Purchase of farming implements, seed and irrigation infrastructure",0 to R500K,0 to R500K,0______________,A family-run bakery supplying schools and local retailers. ,4.0,1.0,1,100%,50–74%,100%,Level 1,Township,25–49%,Anisha Mokoena,ANISHAMOKOENA735@YAHOO.COM,+27 61 231 2587
2025-07-20 16:16:03,Tumelo Khumalo,APEX TRADING PTY LTD,2014/498454/07,Tourism,Limpopo,"1764 Aloe Lane, Mokopane",790000_________,Mokopane,Working Capital,Operational funding ,0 to R500K,R501K to R1M,790255_________,,3.0,11.0,2,100%,0%,100%,Level 1,Urban,0%,Tumelo Khumalo,tumelokhumalo983@webmail.co.za,+27846518733
2025-07-08 14:17:26,Kabelo Ngcobo,Ngcobo Media ,2008/945274/07,Engineering & Construction,Gauteng,"1061 Kruger Road, Gqeberha",1170000________,Gqeberha,Working Capital,To upgrade our machinery and improve turnaround times.,0 to R500K,R1 000 001 to R5M,3900326________,We supply and install security systems and CCTV. ,8.0,3.0,2,100%,0%,100%,Level 1,Township,0%,Kabelo Ngcobo,kabelongcobo@yahoo.com,+27631945205
2025-08-02 02:09:05,Jaco Zulu ,Stone Bridge Agri,,Waste Management,Gauteng,"1711 Umgeni Avenue, Sandton",70000__________,Sandton,Working Capital,"Marketing, customer acquisition and website development ",0 to R500K,0 to R500K,65161__________,We grow and pack vegetables for regional wholesalers and retailers.,0.0,2.0,4,0%,0%,100%,Level 1,Urban,0%,Jaco Zulu,jacozulu@gmail.com,+27852114224
2025-08-13 09:54:24,Riyaad Sithole ,Sithole Consulting,201297461707,Agriculture - Primary ,Gauteng,"1426 Sisulu Crescent, Welkom",20_000_________,Welkom,Working Capital,To increase production and take on larger supply contracts ,0 to R500K,0 to R500K,40904__________,We provide ICT support and cloud services to small businesses in the province.,4.0,5.0,6,0%,0%,100%,Level 4,Township,0%,Riyaad Sithole,riyaadsithole951@gmail.com,+27745153008
2025-07-19 02:33:57,Aisha Maharaj,Maharaj Distributors ,2020/360157/07,Manufacturing,Northern Cape,"2019 Jakaranda Street, Johannesburg",730000_________,Johannesburg,Purchase Order Funding,"Funding is required for equipment, training and certification.",0 to R500K,0 to R500K,0______________,Independent pharmacy and primary healthcare clinic serving a rural community,3.0,8.0,10,0%,100%,100%,Level 1,Township,0%,aisha maharaj,aishamaharaj890@webmail.co.za,+27850140346
2025-08-02 20:19:58,Nosipho Mnisi,Northstar Services,2016/694700/07 ,Manufacturing,Gauteng,"1262 Jan Smuts Drive, Roodepoort",20000__________,Roodepoort,Debt,Stock purchase and general operational funding ,0 to R500K,0 to R500K,7478___________,Solar installation business serving residential and small commercial clients ,8.0,0.0,2,100%,100%,100%,Level 1,Rural,0%,Nosipho Mnisi,nosiphomnisi@yahoo.com,+27624527103
2025-07-08 08:05:37,Fatima Nkosi ,Sondela Solutions Group,2012/524389/07,Engineering & Construction,Limpopo,"614 Commissioner Drive, Benoni",150000_________,Benoni,Other (Please specify),"Purchase of farming implements, seed and irrigation infrastructure",0 to R500K,0 to R500K,74475__________,Catering and events business servicing corporate functions.,2.0,1.0,1,0%,1–24%,0%,Level 1,Urban,0%,Fatima Nkosi,fatimankosi@mweb.co.za,+27868077382
2025-07-10 13:25:56,Nadia Mthembu,IRON GATE SERVICES,,Information & Communication Technology,KZN,"2460 Main Street, Benoni ",550000_________,Benoni,,"Funding is required for equipment, training and certification.",0 to R500K,R501K to R1M,687940_________,Logistics company transporting goods between major metros. ,8.0,1.0,10,50–74%,25–49%,75–99%,Level 1,Rural,0%,nadia mthembu,nadiamthembu@gmail.com,+27618808745
2025-09-12 00:35:16,Pieter Adams,Adams Holdings (Pty) Ltd,2023/281615/07,Mining,Western Cape,"3151 Long Drive, Nelspruit",7160000________,Nelspruit,Working Capital,To buy additional equipment and expand production capacity,R501K to R1M,R1 000 001 to R5M,0______________,A tourism operator offering guided township and heritage tours,15.0,7.0,3,100%,1–24%,100%,Level 1,Rural,0%,Pieter Adams,pieteradams@gmail.com,0745522731
2025-07-31 01:58:36,Deon Rakoma,Iron Gate Media,2025/118977/07,Agriculture - Primary ,Limpopo,"2125 Pretorius Way, Randburg ",19940000_______,Randburg,Debt & Equity;Working Capital,Expansion into a second branch and hiring of staff ,R1 000 001 to R5M,R1 000 001 to R5M,0______________,Solar installation business serving residential and small commercial clients ,41.0,2.0,6,0%,100%,100%,Level 1,Township,0%,Deon Rakoma,deonrakoma@gmail.com,+27 87 812 7130
2025-07-06 02:17:49,Ruan Hendricks,Hendricks Media ,2011/334442/07,Manufacturing,Western Cape,"2888 Loop Road, Soweto",9990000________,Soweto,Working Capital,"Raw materials, tooling and factory rental for the next 12 months",0 to R500K,0 to R500K,420743_________,Commercial cleaning and hygiene services for offices and factories ,3.0,1.0,2,1–24%,0%,100%,Level 1,Township,0%,Ruan Hendricks,ruanhendricks@mweb.co.za,+27 86 043 2247
2025-09-19 04:16:36,Jaco Khumalo ,Khumalo Distributors,2021/677101/07,Transportation and Logistics,Limpopo,"516 Mandela Way, Thohoyandou ",10810000_______,Thohoyandou ,Other (Please specify),Operational funding ,R1 000 001 to R5M,R5 000 001 to R10M,7206596________,We run a driving school and provide learner licence training.,15.0,7.0,100%,100%,0%,100%,Level 1,Township,0%,jaco khumalo,jacokhumalo@icloud.com,073 460 3356
2025-06-25 22:14:33,Ayanda Maharaj,IRON GATE ENTERPRISES PTY LTD,IRON GATE ENTERPRISES PTY LTD,Business Services (Agency & Consultancy),Gauteng,"2395 Kruger Road, Vereeniging",260000_________,Vereeniging,Purchase Order Funding,To grow the business ,0 to R500K,0 to R500K,171579_________,Catering and events business servicing corporate functions.,3.0,0.0,Ayanda Maharaj,25–49%,50–74%,100%,Level 1,Urban,0%,Ayanda Maharaj,ayandamaharaj@gmail.com,+27629744377
2025-08-25 07:40:17,Adele Chauke,Fynbos Projects Group,2014/362480/07,Tourism,Limpopo,"2464 Voortrekker Road, George",150000_________,George,Working Capital,Purchase of a delivery vehicle and cold storage unit,0 to R500K,0 to R500K,51274__________,Catering and events business servicing corporate functions.,0.0,2.0,2,100%,50–74%,0%,Level 1,Urban,0%,Adele Chauke,adelechauke573@webmail.co.za,+27689436137
2025-08-28 21:26:54,Riaan Solomons ,Meridian Civils,2010 / 826102 / 07 ,Healthcare & Biotechnology,Gauteng,"751 Tambo Lane, Centurion",20000__________,Centurion,Purchase Order Funding,To grow the business ,0 to R500K,0 to R500K,5364___________,We design and sew corporate uniforms and protective clothing.,5.0,13.0,1,1–24%,100%,100%,Level 1,Rural,0%,Riaan Solomons,riaansolomons133@webmail.co.za,+27 82 122 7356
2025-09-03 18:42:31,Deon Mahlangu,Mahlangu Trading ,2008/200942/07,Education,Gauteng,"1562 Buitenkant Drive, Uitenhage",890000_________,Uitenhage,Equity;Working Capital,To upgrade our machinery and improve turnaround times.,0 to R500K,R501K to R1M,590968_________,Catering and events business servicing corporate functions.,9.0,15.0,3,0%,25–49%,100%,Level 2,Rural,0%,Deon Mahlangu,deonmahlangu@gmail.com,0873416951
2025-07-10 14:41:26,Deepak Ntuli,Blue Crane Trading,2018 / 702397 / 07,Beauty and wellness,Limpopo,"3118 Pretorius Crescent, Cape Town",650000_________,Cape Town,Debt,"Purchase of farming implements, seed and irrigation infrastructure",0 to R500K,R501K to R1M,322789_________,A tourism operator offering guided township and heritage tours,14.0,5.0,6,25–49%,0%,100%,Level 1,Township,0%,Deepak Ntuli,DEEPAKNTULI526@GMAIL.COM,+27 68 253 6776
2025-09-11 17:23:55,Themba Fourie,Riverstone Distributors Group,2024/138997/07,Engineering & Construction,Limpopo,"606 Kruger Lane, Stellenbosch",2850000________,Stellenbosch,Equity;Working Capital,"Raw materials, tooling and factory rental for the next 12 months",R501K to R1M,R501K to R1M,712473_________,A tourism operator offering guided township and heritage tours,7.0,2.0,3,0%,0%,100%,Level 1,Township,0%,themba fourie,thembafourie@gmail.com,+27779882262
2025-09-04 03:03:09,Ayanda Zulu ,Beacon Engineering CC,2014/666687/07,Waste Management,Gauteng,"2402 Marula Crescent, Durban",15040000_______,Durban ,Debt & Equity;Working Capital,To buy additional equipment and expand production capacity,R20 000 001 to R50M,R20 000 001 to R50M,30076904_______,Civil engineering contractor focused on roads and stormwater projects ,358.0,36.0,2,100%,50–74%,100%,Level 2,Township,0%,ayanda zulu,ayandazulu@gmail.com,+27760720553
2025-06-25 09:40:39,Nosipho Solomons,Frontier Engineering,2022/818673/07,Engineering & Construction,Gauteng,"555 Jakaranda Street, Pietermaritzburg",140000_________,Pietermaritzburg,Equity;Working Capital,Stock purchase and general operational funding ,0 to R500K,0 to R500K,47347__________,We design and sew corporate uniforms and protective clothing.,3.0,2.0,2,0%,50–74%,100%,Level 1,Township,0%,Nosipho Solomons,nosiphosolomons@outlook.com,0710692558
2025-08-04 02:13:34,Mandla Radebe,Radebe Consulting Group ,2017/723356/07,Engineering & Construction,Limpopo,"2658 Jakaranda Lane, Potchefstroom",1000000________,Potchefstroom,Purchase Order Funding,"Raw materials, tooling and factory rental for the next 12 months",0 to R500K,R501K to R1M,836495_________,A family-run bakery supplying schools and local retailers. ,8.0,16.0,4,25–49%,0%,100%,Level 2,Rural,0%,mandla radebe,mandlaradebe898@gmail.com,+27860364722
2025-08-21 16:08:37,Jabulani Chetty,Pioneer Foods ,2023/297997/07,Business Services (Agency & Consultancy),Gauteng,"1739 Voortrekker Way, Upington",1750000________,Upington,Purchase Order Funding,Purchase of a delivery vehicle and cold storage unit,R1 000 001 to R5M,R1 000 001 to R5M,3506699________,Independent pharmacy and primary healthcare clinic serving a rural community,,5.0,10,100%,0%,100%,Level 1,Urban,0%,jabulani chetty,jabulanichetty@yahoo.com,+27 72 022 4818
2025-09-04 06:29:01,Nosipho Fourie,Fourie Logistics (Pty) Ltd ,Fourie Logistics (Pty) Ltd,NPO & NPC,Limpopo,"1817 Buitenkant Street, Mahikeng",6960000________,Mahikeng,Working Capital,Operational funding ,0 to R500K,0 to R500K,0______________,Civil engineering contractor focused on roads and stormwater projects ,1.0,3.0,6,0%,50–74%,100%,Level 1,Township,0%,Nosipho Fourie,nosiphofourie@gmail.com,+27838903905
2025-09-22 03:12:29,Mpho Rakoma ,Lesedi Distributors Group ,2014/547967/07 ,Agriculture - Primary ,Limpopo,"1634 Long Way, Bloemfontein",20000__________,Bloemfontein,Debt & Equity;Working Capital,Working capital to fulfil confirmed purchase orders,0 to R500K,0 to R500K,0______________,A family-run bakery supplying schools and local retailers. ,12.0,2.0,2,100%,100%,100%,Level 1,Township,100%,Mpho Rakoma,mphorakoma@mweb.co.za,+27 88 774 7900
2025-06-30 00:03:18,Sizwe Baloyi,Drakensberg Distributors CC,2013/197894/07,,Limpopo,"932 Marula Crescent, Welkom",190000_________,Welkom ,Other (Please specify),Purchase of a delivery vehicle and cold storage unit,0 to R500K,0 to R500K,373053_________,We grow and pack vegetables for regional wholesalers and retailers.,7.0,1.0,6,100%,100%,0%,Level 1,Township,0%,Sizwe Baloyi,sizwebaloyi@outlook.com,079 689 2532
2025-07-12 06:13:32,Lungile Nkosi ,Drakensberg Logistics Pty Ltd ,2018/191187/07,Engineering & Construction,Gauteng,"2120 Mandela Lane, Uitenhage ",480000_________,Uitenhage,Debt & Equity,Purchase of a delivery vehicle and cold storage unit,0 to R500K,0 to R500K,121204_________,Logistics company transporting goods between major metros. ,1.0,3.0,3,0%,100%,100%,Level 1,Township,0%,Lungile Nkosi,LUNGILENKOSI605@GMAIL.COM,+27689569680
2025-09-08 05:16:55,Tumelo Mnisi,Blue Crane Solutions (Pty) Ltd ,2024/733894/07,Engineering & Construction,KZN,"763 Buitenkant Road, Sandton ",540000_________,Sandton,Purchase Order Funding,Expansion into a second branch and hiring of staff ,0 to R500K,0 to R500K,180927_________,Civil engineering contractor focused on roads and stormwater projects ,2.0,0.0,2,0%,100%,100%,Level 1,Township,0%,Tumelo Mnisi,tumelomnisi@mweb.co.za,+27720304457
2025-07-31 14:55:23,Kavitha Shabalala,Lesedi Enterprises Group,2024/489614/07,Engineering & Construction,Gauteng,"3157 Jan Smuts Street, Durban ",740000_________,Durban,Debt & Equity,"Purchase of farming implements, seed and irrigation infrastructure",R1 000 001 to R5M,R1 000 001 to R5M,1474661________,Independent pharmacy and primary healthcare clinic serving a rural community,7.0,6.0,1,50–74%,100%,100%,Level 1,Rural,0%,Kavitha Shabalala,KAVITHASHABALALA@OUTLOOK.COM,+27884630308
2025-09-22 06:24:19,Ruan Isaacs,Isaacs Civils (Pty) Ltd,2021/178702/07,Manufacturing,Limpopo,"2834 Jakaranda Lane, THOHOYANDOU ",840000_________,THOHOYANDOU,Working Capital;Other (Please specify),To grow the business ,R1 000 001 to R5M,R501K to R1M,696009_________,Logistics company transporting goods between major metros. ,2.0,2.0,5,50–74%,50–74%,100%,Level 1,Urban,0%,Ruan Isaacs,ruanisaacs@yahoo.com,+27 78 985 6117
2025-08-09 17:06:44,Ashraf Du,Protea Consulting (Pty) Ltd,,,Gauteng,"1929 Voortrekker Lane, Kimberley",1970000________,Kimberley,Other (Please specify),To increase production and take on larger supply contracts ,0 to R500K,R501K to R1M,492718_________,,,11.0,1,0%,50–74%,100%,Level 1,Rural,0%,ashraf du,ashrafdu731@yahoo.com,+27 73 138 8031
2025-08-13 22:57:33,Katlego Rakoma,Sondela Foods ,2012 / 871575 / 07,Business Services (Agency & Consultancy),Western Cape,"632 Loop Crescent, Newcastle",1970000________,Newcastle,Purchase Order Funding;Working Capital,To upgrade our machinery and improve turnaround times.,0 to R500K,R1 000 001 to R5M,3290003________,Logistics company transporting goods between major metros. ,9.0,13.0,10,100%,25–49%,100%,Level 3,Rural,0%,Katlego Rakoma,katlegorakoma761@webmail.co.za,0756995045
2025-07-04 10:58:17,Karin Steyn ,Sunrise Media Group ,2023/167728/07,Engineering & Construction,Western Cape,"985 Voortrekker Drive, Mahikeng",3120000________,Mahikeng,Other (Please specify),"Purchase of farming implements, seed and irrigation infrastructure",R501K to R1M,R1 000 001 to R5M,2600171________,We recycle plastic waste and sell processed pellets to manufacturers.,13.0,3.0,2,100%,0%,100%,Level 1,Urban,0%,Karin Steyn,karinsteyn376@gmail.com,+27732305839
2025-07-25 09:14:14,Busisiwe Mabaso,Mabaso Construction CC,2025/947772/07 ,Transportation and Logistics,Gauteng,"1309 Kruger Crescent, Rustenburg ",20000__________,Rustenburg,Working Capital,To buy additional equipment and expand production capacity,0 to R500K,0 to R500K,0______________,We supply and install security systems and CCTV. ,1.0,5.0,Mabaso Construction CC,25–49%,0%,100%,Level 1,Urban,50–74%,Busisiwe Mabaso,BUSISIWEMABASO@GMAIL.COM,+27 85 759 8896
2025-07-22 04:26:04,Suzette Van,Van Enterprises (Pty) Ltd,2015/660057/07,Tourism,Western Cape,"2505 Long Drive, Mbombela",80000__________,Mbombela,Debt & Equity,"Raw materials, tooling and factory rental for the next 12 months",0 to R500K,0 to R500K,51550__________,Commercial cleaning and hygiene services for offices and factories ,1.0,4.0,10,25–49%,0%,100%,Level 1,Urban,0%,suzette van,suzettevan@mweb.co.za,0643237750
2025-09-04 21:45:18,Musa Molefe,Molefe Holdings Group,2021 / 220834 / 07,Information & Communication Technology,Free State,"1178 Buitenkant Street, Soweto",32610000_______,Soweto,Other (Please specify),"Funding is required for equipment, training and certification.",0 to R500K,R501K to R1M,936748_________,We grow and pack vegetables for regional wholesalers and retailers.,10.0,0.0,2,100%,0%,100%,Level 2,Rural,0%,Musa Molefe,musamolefe978@mweb.co.za,+27621005797
2025-07-10 06:56:24,Sipho Botha,Drakensberg Services CC,2009 / 583206 / 07,Manufacturing,Western Cape,"2775 Kruger Road, Giyani",1370000,Giyani,Purchase Order Funding,To buy additional equipment and expand production capacity,0 to R500K,0 to R500K,342979_________,Civil engineering contractor focused on roads and stormwater projects ,1.0,5.0,4,100%,50–74%,100%,Level 1,Rural,0%,Sipho Botha,siphobotha@webmail.co.za,+27813544037
2025-08-17 05:53:33,Lerato Abrahams,Abrahams Civils (Pty) Ltd,2011/349591/07,NPO & NPC,Eastern Cape,"2585 Rivonia Drive, Kimberley",30000__________,Kimberley,Working Capital,"Marketing, customer acquisition and website development ",0 to R500K,0 to R500K,56257__________,Logistics company transporting goods between major metros. ,5.0,1.0,3,100%,50–74%,100%,Level 3,Rural,0%,Lerato Abrahams,leratoabrahams@webmail.co.za,+27729772022
2025-06-27 03:55:02,Thabo Pretorius,Lowveld Projects,202554379207,Manufacturing,Limpopo,"3051 Loop Way, Centurion",2300000________,Centurion ,,"Use of Funds
1.	Equipment purchase
2.	Staff expansion
3.	Marketing
",0 to R500K,0 to R500K,77875__________,,5.0,8.0,2,100%,50–74%,100%,Level 1,Township,0%,Thabo Pretorius,thabopretorius@icloud.com,+27827326192
2025-08-24 15:36:08,Karin Pillay ,Pillay Logistics Group,2015/873549/07,Tourism,Gauteng,"1708 Commissioner Road, Durban",250000_________,Durban ,Working Capital;Other (Please specify),Working capital to fulfil confirmed purchase orders,0 to R500K,0 to R500K,29_____________,Logistics company transporting goods between major metros. ,3.0,2.0,1,50–74%,50–74%,100%,Level 5,Rural,0%,Karin Pillay,karinpillay@outlook.com,+27749265132
2025-08-12 14:57:42,Palesa Ntuli ,Thuso Investments (Pty) Ltd,2020/973339/07,Information & Communication Technology,Limpopo,"807 Jakaranda Avenue, Tzaneen",20940000,Tzaneen ,Working Capital,Stock purchase and general operational funding ,0 to R500K,R501K to R1M,559609_________,,3.0,3.0,4,0%,0%,100%,Level 8,Urban,0%,Palesa Ntuli,palesantuli@webmail.co.za,074 650 7395
2025-06-25 22:44:30,Amahle Maluleke,MALULEKE MANUFACTURING,2023/819369/07,NPO & NPC,Western Cape,"1151 Pretorius Crescent, Port Elizabeth",100000_________,Port Elizabeth,Working Capital,"Funding is required for equipment, training and certification.",0 to R500K,0 to R500K,16448__________,Solar installation business serving residential and small commercial clients ,1.0,3.0,10,0%,100%,0%,Level 1,Rural,0%,Amahle Maluleke,amahlemaluleke@gmail.com,+27617451413
2025-09-02 05:43:28,Lungile Naidoo,Naidoo Logistics CC,2020/705001/07,Education,Western Cape,"360 Kingfisher Lane, Kuruman ",10000__________,Kuruman,Debt,Bridging finance while awaiting payment from government contracts,0 to R500K,0 to R500K,9503___________,We provide ICT support and cloud services to small businesses in the province.,3.0,4.0,5,100%,0%,100%,Level 1,Urban,0%,lungile naidoo,lungilenaidoo195@gmail.com,066 813 8161
2025-07-03 04:08:23,Katlego Isaacs,Blue Crane Projects (Pty) Ltd,2013/775830/07,Hospitality,Western Cape,"476 Aloe Drive, Pretoria",210000_________,Pretoria,Debt;Working Capital,Expansion into a second branch and hiring of staff ,0 to R500K,0 to R500K,0______________,,9.0,,5,0%,100%,100%,Level 1,Township,0%,Katlego Isaacs,katlegoisaacs@mweb.co.za,+27619898588
2025-07-21 03:33:07,Thabo Ramaphakela,Ramaphakela Transport (Pty) Ltd,Ramaphakela Transport (Pty) Ltd,Engineering & Construction,Western Cape,"2882 Church Avenue, Worcester ",1000000________,Worcester,Equity;Working Capital,"Raw materials, tooling and factory rental for the next 12 months",0 to R500K,0 to R500K,200249_________,A tourism operator offering guided township and heritage tours,6.0,10.0,3,0%,0%,100%,Level 1,Rural,0%,Thabo Ramaphakela,thaboramaphakela259@mweb.co.za,+27872222245
2025-09-08 12:21:35,Mpho Botha,Pioneer Agri Pty Ltd ,2009/897121/07,Tourism,Western Cape,"672 Aloe Lane, Witbank ",50000__________,Witbank ,Debt,Working capital to fulfil confirmed purchase orders,0 to R500K,0 to R500K,65862156043____,We supply and install security systems and CCTV. ,7.0,2.0,6,0%,25–49%,100%,Level 1,Urban,0%,Mpho Botha,mphobotha@yahoo.com,069 077 0036
2025-09-08 01:20:59,Yusuf Mashaba,Vuka Construction Pty Ltd,2010/176404/07,Engineering & Construction,Western Cape,"1064 Protea Street, Thohoyandou ",40000__________,Thohoyandou ,Working Capital,Stock purchase and general operational funding ,0 to R500K,0 to R500K,28267__________,Logistics company transporting goods between major metros. ,1.0,2.0,10,100%,0%,100%,Level 1,Township,25–49%,Yusuf Mashaba,yusufmashaba@gmail.com,0741875164
2025-08-14 23:11:50,Themba Mabaso ,Mabaso Manufacturing Pty Ltd ,2009/187434/07,Retail & Wholesale,Gauteng,"757 Mandela Street, Emalahleni",30000__________,Emalahleni ,Working Capital,Working capital to fulfil confirmed purchase orders,0 to R500K,0 to R500K,41080__________,We provide ICT support and cloud services to small businesses in the province.,7.0,1.0,2,25–49%,0%,100%,Level 1,Urban,1–24%,Themba Mabaso,thembamabaso278@icloud.com,+27853826202
2025-07-26 03:26:17,Chantelle Govender,GOVENDER MANUFACTURING GROUP,2023/951328/07,Information & Communication Technology,Western Cape,"1620 Rissik Drive, Tzaneen",1340000________,Tzaneen,Working Capital,To increase production and take on larger supply contracts ,0 to R500K,0 to R500K,0______________,We provide ICT support and cloud services to small businesses in the province.,5.0,3.0,4,0%,0%,50–74%,Level 1,Rural,0%,Chantelle Govender,CHANTELLEGOVENDER@OUTLOOK.COM,+27762932173
2025-07-10 14:05:16,Dineo Dlamini,Lesedi Construction (Pty) Ltd,2013/681389/07 ,,Gauteng,"967 Jakaranda Lane, Rustenburg ",160000_________,Rustenburg,,Working capital to fulfil confirmed purchase orders,0 to R500K,0 to R500K,26612__________,,,1.0,2,100%,100%,50–74%,Level 1,Township,0%,dineo dlamini,dineodlamini@gmail.com,+27 63 682 5414
2025-07-23 19:33:27,Ashwin Mkhize,Fairview Construction ,,Healthcare & Biotechnology,Gauteng,"3005 Sisulu Road, Sandton",210000_________,Sandton,Other (Please specify),Bridging finance while awaiting payment from government contracts,0 to R500K,0 to R500K,68814__________,We supply and install security systems and CCTV. ,13.0,8.0,5,0%,0%,100%,Level 1,Urban,0%,Ashwin Mkhize,ashwinmkhize@outlook.com,+27834603280
2025-07-08 04:31:00,Willem Nel ,Nel Technologies (Pty) Ltd,2014/403074/07,Transportation and Logistics,Western Cape,"2047 Pretorius Avenue, Khayelitsha",930000_________,Khayelitsha,Working Capital;Other (Please specify),"Purchase of farming implements, seed and irrigation infrastructure",R501K to R1M,R501K to R1M,616712_________,Civil engineering contractor focused on roads and stormwater projects ,5.0,7.0,4,100%,100%,100%,Level 1,Rural,0%,Willem Nel,willemnel@gmail.com,+27770194267
2025-07-21 22:44:00,Shireen Joubert ,Joubert Transport ,2019/468177/07,Agriculture - Primary ,Limpopo,"1483 Kingfisher Street, Port Elizabeth",140000_________,Port Elizabeth ,Working Capital,Stock purchase and general operational funding ,0 to R500K,0 to R500K,286957_________,A family-run bakery supplying schools and local retailers. ,4.0,0.0,3,0%,50–74%,100%,Level 1,Township,0%,shireen joubert,shireenjoubert960@gmail.com,0651067926
2025-06-27 15:00:33,Kagiso Steyn,Steyn Trading,,Engineering & Construction,North West,"2312 Marula Avenue, NEWCASTLE ",1150000________,NEWCASTLE,,To grow the business ,0 to R500K,0 to R500K,288100_________,,5.0,4.0,2,0%,0%,100%,Level 1,Rural,0%,Kagiso Steyn,kagisosteyn@outlook.com,+27735854975
2025-07-04 17:26:33,Ruan Coetzee,COETZEE DISTRIBUTORS GROUP ,2012/902411/07 ,Mining,Western Cape,"293 Main Street, Uitenhage",410000_________,Uitenhage ,Invoice Financing,To upgrade our machinery and improve turnaround times.,0 to R500K,0 to R500K,0______________,We manufacture and supply steel components to construction contractors.,3.0,1.0,3,0%,0%,100%,Level 1,Urban,0%,Ruan Coetzee,ruancoetzee35@mweb.co.za,+27 79 983 8775
2025-07-24 05:40:58,Willem Moodley ,Northstar Projects,2008/652376/07,Tourism,Gauteng,"1286 Loop Lane, Roodepoort",3770000________,Roodepoort,Purchase Order Funding,Working capital to fulfil confirmed purchase orders,0 to R500K,R501K to R1M,628685_________,Solar installation business serving residential and small commercial clients ,4.0,9.0,1,100%,0%,100%,Level 1,Urban,0%,Willem Moodley,willemmoodley370@mweb.co.za,+27836234388
2025-08-12 15:01:28,Sizwe Ramaphakela,Redline Enterprises CC ,2023/979384/07,Business Services (Agency & Consultancy),Limpopo,"2637 Buitenkant Street, KIMBERLEY ",4010000________,KIMBERLEY,Other (Please specify),Purchase of a delivery vehicle and cold storage unit,R1 000 001 to R5M,R1 000 001 to R5M,0______________,We supply and install security systems and CCTV. ,8.0,17.0,1,100%,0%,100%,Level 1,Township,0%,Sizwe Ramaphakela,sizweramaphakela@webmail.co.za,+27867307759
2025-08-11 18:29:37,Thandeka Nel,Iron Gate Group ,2012/399371/07,,Gauteng,"2218 Tambo Crescent, Emalahleni ",2_50000________,Emalahleni,Working Capital,To grow the business ,0 to R500K,0 to R500K,1167___________,A family-run bakery supplying schools and local retailers. ,16.0,1.0,1,100%,0%,100%,Level 4,Rural,1–24%,Thandeka Nel,thandekanel207@gmail.com,+27837046995
2025-09-08 05:20:11,Lerato Sithole Ndaba,Sithole Group,2015/124757/07,Agriculture - Primary ,Gauteng,"1152 Mandela Road, Kuruman",19650000_______,Kuruman ,Working Capital,"Marketing, customer acquisition and website development ",R10 000 001 to R20M,R10 000 001 to R20M,______________0,Catering and events business servicing corporate functions.,18.0,45.0,5,0%,50–74%,100%,Level 1,Urban,0%,Lerato Sithole Mokwena,leratosithole@gmail.com,+27747973872
2025-09-19 23:55:15,Willem Mkhize,Mkhize Projects (Pty) Ltd,202599326807,Engineering & Construction,Gauteng,"386 Aloe Avenue, Mahikeng",180000_________,Mahikeng,Working Capital,Purchase of a delivery vehicle and cold storage unit,0 to R500K,R501K to R1M,612936_________,Independent pharmacy and primary healthcare clinic serving a rural community,4.0,3.0,3,100%,100%,100%,Level 1,Rural,0%,Willem Mkhize,willemmkhize@mweb.co.za,+27655764464
2025-09-07 04:27:54,Vikash Mkhize,Mkhize Distributors,2021/746674/07,Manufacturing,Gauteng,"1204 Mandela Avenue, Mahikeng ",60000__________,Mahikeng,Working Capital,"Funding is required for equipment, training and certification.",0 to R500K,0 to R500K,19412__________,,4.0,0.0,10,0%,25–49%,100%,Level 1,Urban,25–49%,Vikash Mkhize,vikashmkhize@yahoo.com,+27685611975
2025-07-03 10:13:30,Katlego Adams,Adams Transport Group,2018 / 496183 / 07,Business Services (Agency & Consultancy),Limpopo,"2611 Kingfisher Road, Centurion ",750000_________,Centurion,Invoice Financing,"Funding is required for equipment, training and certification.",0 to R500K,0 to R500K,375048_________,We design and sew corporate uniforms and protective clothing.,18.0,,1,100%,100%,100%,Level 1,Rural,0%,Katlego Adams,katlegoadams@gmail.com,+27825797302
2025-06-25 09:14:49,Priya Chetty,CHETTY TRANSPORT PTY LTD,2017/859301/07,Business Services (Agency & Consultancy),Gauteng,"1861 Rissik Lane, Pietermaritzburg ",40000__________,Pietermaritzburg,Other (Please specify),"Raw materials, tooling and factory rental for the next 12 months",0 to R500K,0 to R500K,127068_________,A tourism operator offering guided township and heritage tours,4.0,4.0,6,0%,0%,100%,Level 1,Township,0%,Priya Chetty,priyachetty760@webmail.co.za,0725308780
2025-07-15 17:08:00,Ravi Ramaphakela,Blackwood Transport CC,2010/334453/07,Business Services (Agency & Consultancy),Western Cape,"1235 Voortrekker Drive, rustenburg",76520000_______,rustenburg,Working Capital,To increase production and take on larger supply contracts ,R10 000 001 to R20M,R10 000 001 to R20M,15304915_______,We grow and pack vegetables for regional wholesalers and retailers.,5.0,21.0,100% black woman owned ,100%,0%,100%,Level 1,Rural,0%,Ravi Ramaphakela,raviramaphakela@gmail.com,+27739414199
2025-08-01 21:18:55,Hendrik Abrahams ,ABRAHAMS AGRI,2017/310506/07,Agriculture - Primary ,Western Cape,"3028 Kingfisher Avenue, MOKOPANE",40000__________,MOKOPANE,Debt & Equity,To upgrade our machinery and improve turnaround times.,0 to R500K,0 to R500K,0______________,We design and sew corporate uniforms and protective clothing.,1.0,3.0,4,100%,100%,100%,Level 1,Rural,0%,Hendrik Abrahams,hendrikabrahams@webmail.co.za,+27 81 906 3339
2025-07-06 17:44:56,Lindiwe Sekgobela,Sekgobela Media Group,2015/811338/07 ,Agriculture - Primary ,Gauteng,"1274 Acacia Road, Kuruman ",360000_________,Kuruman ,Purchase Order Funding;Working Capital,To increase production and take on larger supply contracts ,R501K to R1M,R501K to R1M,604689_________,We run a driving school and provide learner licence training.,3.0,0.0,5,25–49%,0%,100%,Level 1,Township,0%,Lindiwe Sekgobela,lindiwesekgobela@gmail.com,+27889035937
2025-07-16 14:31:26,Puleng Sithole,Sithole Manufacturing,2008/963280/07,Healthcare & Biotechnology,Gauteng,"2839 Loop Lane, east london ",4800000________,east london,Working Capital,"Marketing, customer acquisition and website development ",0 to R500K,R1 000 001 to R5M,1920439________,We supply and install security systems and CCTV. ,6.0,16.0,1,100%,100%,100%,Level 1,Rural,75–99%,Puleng Sithole,pulengsithole@gmail.com,+27 66 013 4459
2025-07-11 07:28:26,Hendrik Abrahams,Iron Gate Foods Pty Ltd,2021/845714/07,Retail & Wholesale,Western Cape,"1102 Protea Crescent, Khayelitsha ",120000_________,Khayelitsha,Equity;Working Capital,"Purchase of farming implements, seed and irrigation infrastructure",0 to R500K,0 to R500K,236870_________,Logistics company transporting goods between major metros. ,1.0,4.0,2,0%,50–74%,100%,Level 1,Urban,0%,Hendrik Abrahams,hendrikabrahams@webmail.co.za,0849941194
2025-08-02 16:36:39,Willem Du,Apex Enterprises ,,Engineering & Construction,Western Cape,"2679 Umgeni Street, Polokwane",700000_________,Polokwane,Working Capital,To increase production and take on larger supply contracts ,0 to R500K,R1 000 001 to R5M,1160931________,Commercial cleaning and hygiene services for offices and factories ,4.0,1.0,,1–24%,50–74%,100%,Level 1,Township,0%,willem du,willemdu@gmail.com,0719142646
2025-09-08 01:35:29,Chantelle Pretorius,Meridian Agri ,2012/627679/07 ,Engineering & Construction,Gauteng,"2664 Main Road, Midrand ",250000_________,Midrand,Invoice Financing,"Purchase of farming implements, seed and irrigation infrastructure",0 to R500K,0 to R500K,756____________,We grow and pack vegetables for regional wholesalers and retailers.,4.0,13.0,3,100%,0%,100%,Level 1,Rural,0%,chantelle pretorius,chantellepretorius@gmail.com,+27 61 465 6271
2025-07-02 10:27:49,Nadia Sekgobela,Sekgobela Distributors Group ,2016/524568/07,Hospitality,Gauteng,"194 Kruger Avenue, Durban",390000_________,Durban ,Equity,Working capital to fulfil confirmed purchase orders,0 to R500K,0 to R500K,64230__________,,4.0,1.0,6,100%,50–74%,100%,Level 1,Township,0%,Nadia Sekgobela,nadiasekgobela@outlook.com,+27733663585
2025-07-27 17:06:54,Pieter Solomons,Solomons Transport (Pty) Ltd,2014/199012/07 ,Engineering & Construction,Limpopo,"2987 Rissik Road, Centurion ",20000__________,Centurion,Debt & Equity,Expansion into a second branch and hiring of staff ,0 to R500K,0 to R500K,12785__________,Logistics company transporting goods between major metros. ,1.0,2.0,4,50–74%,25–49%,100%,Level 1,Urban,0%,Pieter Solomons,pietersolomons569@gmail.com,+27 78 556 9683
2025-06-28 19:59:27,Kagiso Sibeko ,Baobab Foods (Pty) Ltd,2016/600134/07,Tourism,Limpopo,"2102 Voortrekker Way, WORCESTER",2010000________,WORCESTER,Working Capital;Other (Please specify),"Funding is required for equipment, training and certification.",0 to R500K,R1 000 001 to R5M,2518445________,A family-run bakery supplying schools and local retailers. ,6.0,8.0,5,0%,0%,100%,Level 1,Rural,0%,Kagiso Sibeko,kagisosibeko665@webmail.co.za,+27750850657
2025-08-31 00:54:20,Palesa Khumalo,Thuso Distributors ,2011/330753/07 ,Business Services (Agency & Consultancy),Eastern Cape,"2610 Main Way, Mahikeng",130000_________,Mahikeng,Working Capital,To buy additional equipment and expand production capacity,0 to R500K,0 to R500K,0______________,We recycle plastic waste and sell processed pellets to manufacturers.,0.0,0.0,one,100%,100%,100%,Level 1,Urban,0%,Palesa Khumalo,palesakhumalo@gmail.com,0630391614
2025-09-23 16:09:10,Suzette Chauke,Vertex Holdings ,2013/399090/07,Business Services (Agency & Consultancy),Western Cape,"405 Long Street, Kimberley",410000_________,Kimberley,Working Capital,"Use of Funds
1.	Equipment purchase
2.	Staff expansion
3.	Marketing
",0 to R500K,0 to R500K,274975_________,We manufacture and supply steel components to construction contractors.,7.0,,5,50–74%,50–74%,100%,Level 1,Rural,0%,Suzette Chauke,suzettechauke@icloud.com,+27775945882
2025-08-01 17:09:30,Dineo Sibeko,Sibeko Distributors,201049790907,Engineering & Construction,Western Cape,"137 Sisulu Lane, Tembisa ",90000__________,Tembisa,Purchase Order Funding,To upgrade our machinery and improve turnaround times.,0 to R500K,0 to R500K,110680_________,We provide ICT support and cloud services to small businesses in the province.,3.0,3.0,3,0%,0%,100%,Level 1,Urban,0%,Dineo Sibeko,dineosibeko@gmail.com,+27871625437
2025-07-13 16:06:21,Musa Mthembu,Sondela Consulting CC,2020/137416/07 ,Agriculture - Secondary ,Western Cape,"803 Biko Street, Sasolburg",250000_________,Sasolburg,Working Capital,To grow the business ,0 to R500K,0 to R500K,0______________,We design and sew corporate uniforms and protective clothing.,2.0,3.0,10,0%,25–49%,100%,Level 1,Township,0%,Musa Mthembu,musamthembu@gmail.com,+27861894612
2025-08-07 12:35:58,Thabo Mabaso ,Mabaso Agri (Pty) Ltd,2013/657588/07,Retail & Wholesale,Gauteng,"490 Marula Street, Paarl",37210000_______,Paarl,Other (Please specify),Working capital to fulfil confirmed purchase orders,R10 000 001 to R20M,R5 000 001 to R10M,6202130________,We design and sew corporate uniforms and protective clothing.,18.0,9.0,3,100%,100%,100%,Level 1,Rural,0%,thabo mabaso,thabomabaso129@gmail.com,+27867369086
2025-08-08 23:15:40,Deepak Chauke,Silver Oak Trading Pty Ltd ,2025/321343/07,Manufacturing,Gauteng,"1498 Voortrekker Way, Mahikeng",125270000______,Mahikeng,Working Capital;Other (Please specify),"Use of Funds
1.	Equipment purchase
2.	Staff expansion
3.	Marketing
",R20 000 001 to R50M,R20 000 001 to R50M,0______________,Logistics company transporting goods between major metros. ,18.0,48.0,1,0%,0%,100%,Level 1,Rural,0%,Deepak Chauke,deepakchauke@gmail.com,+27 73 276 0082
2025-06-26 14:32:06,Kabelo Du ,COPPER LEAF AGRI ,2019/347616/07,Agriculture - Primary ,Gauteng,"1000 Acacia Avenue, Paarl",1670000________,Paarl,Other (Please specify),To increase production and take on larger supply contracts ,0 to R500K,R501K to R1M,0______________,We grow and pack vegetables for regional wholesalers and retailers.,11.0,4.0,1,100%,0%,100%,Level 1,Rural,0%,Kabelo Du,kabelodu@mweb.co.za,+27834932706
2025-08-28 05:24:22,Ruan Steyn,Summit Consulting (Pty) Ltd,2025 / 890253 / 07,Information & Communication Technology,Gauteng,"1766 Main Lane, east london",80000__________,east london ,,"Purchase of farming implements, seed and irrigation infrastructure",0 to R500K,0 to R500K,280901_________,,,8.0,3,0%,0%,100%,Level 1,Township,0%,Ruan Steyn,ruansteyn94@webmail.co.za,0897689846
2025-08-22 02:04:34,Nokuthula Van,Van Enterprises CC ,2016/550797/07,Manufacturing,Gauteng,"465 Tambo Road, Kuruman",10000__________,Kuruman,Purchase Order Funding;Working Capital,To upgrade our machinery and improve turnaround times.,0 to R500K,0 to R500K,12268__________,A family-run bakery supplying schools and local retailers. ,1.0,0.0,1,100%,25–49%,100%,Level 1,Township,0%,Nokuthula Van,nokuthulavan@yahoo.com,0850660967
2025-07-30 03:33:41,Boitumelo Mthembu,Mthembu Transport,2017/849557/07,Information & Communication Technology,Limpopo,"786 Commissioner Road, Springs",1140000________,Springs,Working Capital,Expansion into a second branch and hiring of staff ,0 to R500K,R501K to R1M,456058_________,Catering and events business servicing corporate functions.,25.0,3.0,10,0%,0%,100%,Level 1,Urban,0%,Boitumelo Mthembu,boitumelomthembu47@icloud.com,+27853529529
2025-09-08 22:58:19,Pieter Dlamini,Dlamini Foods Pty Ltd,2016/391755/07,Tourism,Gauteng,"1996 Jan Smuts Drive, Centurion",8710000________,Centurion,Working Capital,Bridging finance while awaiting payment from government contracts,0 to R500K,0 to R500K,487784_________,,1.0,15.0,1,100%,50–74%,100%,Level 1,Township,0%,Pieter Dlamini,pieterdlamini145@webmail.co.za,+27685700120
2025-08-26 10:58:54,Faried Singh,Singh Transport CC,2025 / 587069 / 07,Manufacturing,Gauteng,"100 Pretorius Way, Klerksdorp",250000_________,Klerksdorp,Purchase Order Funding,"Purchase of farming implements, seed and irrigation infrastructure",0 to R500K,0 to R500K,49_____________,Commercial cleaning and hygiene services for offices and factories ,3.0,4.0,4,0%,0%,100%,Level 1,Urban,0%,faried singh,fariedsingh@webmail.co.za,+27723073924
2025-08-07 11:56:44,Ashraf Baloyi,Baloyi Services,2017/251324/07,Information & Communication Technology,Gauteng,"2981 Aloe Street, DURBAN",60000__________,DURBAN,Working Capital,"Purchase of farming implements, seed and irrigation infrastructure",0 to R500K,0 to R500K,95440__________,,3.0,3.0,2,50–74%,25–49%,100%,Level 1,Township,0%,Ashraf Baloyi,ashrafbaloyi@mweb.co.za,0847717588
2025-08-29 23:13:27,Lerato Radebe ,Frontier Distributors (Pty) Ltd,2016/762964/07,Agriculture - Secondary ,Limpopo,"402 Sisulu Lane, NEWCASTLE",250000_________,NEWCASTLE,Working Capital,To buy additional equipment and expand production capacity,0 to R500K,0 to R500K,3______________,A tourism operator offering guided township and heritage tours,2.0,1.0,1,0%,100%,100%,Level 1,Urban,0%,lerato radebe,leratoradebe@gmail.com,+27649807619
2025-09-23 12:48:27,Karin Davids ,Protea Media (Pty) Ltd ,2012/469311/07,Agriculture - Primary ,North West,"1367 Protea Way, Port Elizabeth",190000_________,Port Elizabeth,Debt & Equity;Working Capital,To increase production and take on larger supply contracts ,0 to R500K,0 to R500K,46588__________,Solar installation business serving residential and small commercial clients ,2.0,1.0,1,0%,50–74%,100%,Level 1,Township,0%,Karin Davids,karindavids124@gmail.com,0772203082
2025-07-01 15:53:11,Amahle Cele,Cele Projects,2008/124535/07,Entertainment and Media,Gauteng,"1014 Main Way, Newcastle",2980000________,Newcastle,Working Capital,Operational funding ,0 to R500K,0 to R500K,0______________,Commercial cleaning and hygiene services for offices and factories ,7.0,1.0,4,100%,25–49%,100%,Level 2,Township,0%,Amahle Cele,amahlecele@webmail.co.za,+27899301673
2025-08-19 21:27:45,Karin Sithole ,Sithole Trading CC,2014/535761/07,Healthcare & Biotechnology,Western Cape,"1431 Jakaranda Street, Ladysmith",250000_________,Ladysmith,Working Capital,"Use of Funds
1.	Equipment purchase
2.	Staff expansion
3.	Marketing
",0 to R500K,0 to R500K,338____________,,4.0,11.0,1,100%,0%,100%,Level 1,Rural,0%,karin sithole,karinsithole@webmail.co.za,+27 63 223 7361
2025-08-12 23:50:41,Mandla Khumalo,Marula Technologies (Pty) Ltd,2017/302639/07,Retail & Wholesale,Gauteng,"2233 Rissik Way, george ",30000__________,george,Purchase Order Funding;Working Capital,Purchase of a delivery vehicle and cold storage unit,0 to R500K,0 to R500K,701____________,Catering and events business servicing corporate functions.,0.0,2.0,6,1–24%,0%,100%,Level 4,Rural,1–24%,Mandla Khumalo,mandlakhumalo@gmail.com,+27737160846
2025-08-02 16:36:39,Willem Du,Apex Enterprises ,,Engineering & Construction,Western Cape,"2679 Umgeni Street, Polokwane",700000_________,Polokwane,Working Capital,To increase production and take on larger supply contracts ,0 to R500K,R1 000 001 to R5M,1160931________,Commercial cleaning and hygiene services for offices and factories ,4.0,1.0,,1–24%,50–74%,100%,Level 1,Township,0%,willem du,willemdu@gmail.com,0719142646
2025-09-01 17:21:18,Yusuf Mthembu,Mthembu Foods,2020/654701/07,Information & Communication Technology,Eastern Cape,"2220 Rivonia Drive, ladysmith",1490000________,ladysmith ,Other (Please specify),"Marketing, customer acquisition and website development ",0 to R500K,R501K to R1M,496665_________,We provide ICT support and cloud services to small businesses in the province.,1.0,5.0,1,0%,100%,100%,Level 1,Township,1–24%,Yusuf Mthembu,yusufmthembu@gmail.com,0762516730
2025-06-28 04:33:02,Francois Petersen ,Petersen Media,2015/117464/07,Retail & Wholesale,Mpumalanga,"171 Mandela Road, Durban",2260000________,Durban,Working Capital,Stock purchase and general operational funding ,0 to R500K,R501K to R1M,564235_________,A family-run bakery supplying schools and local retailers. ,6.0,10.0,1,100%,0%,100%,Level 1,Rural,0%,francois petersen,FRANCOISPETERSEN688@YAHOO.COM,+27 76 878 5244
2025-07-12 07:56:48,Tshepo Baloyi,Baloyi Trading (Pty) Ltd ,2018/350446/07,Healthcare & Biotechnology,Western Cape,"2340 Acacia Crescent, Sasolburg",920000_________,Sasolburg,Working Capital,Expansion into a second branch and hiring of staff ,0 to R500K,R501K to R1M,614189_________,,1.0,8.0,4,100%,0%,0%,Level 1,Rural,0%,Tshepo Baloyi,tshepobaloyi@yahoo.com,0699940202
2025-08-11 10:57:57,Priya Ramaphakela,Pioneer Media,2016/578788/07,Healthcare & Biotechnology,Western Cape,"3046 Church Avenue, Mokopane",2010000________,,Working Capital;Other (Please specify),To increase production and take on larger supply contracts ,0 to R500K,R1 000 001 to R5M,3353811________,We manufacture and supply steel components to construction contractors.,13.0,6.0,3,50–74%,100%,0%,Level 1,Urban,0%,Priya Ramaphakela,priyaramaphakela573@webmail.co.za,+27649345589
2025-07-30 09:35:49,Karin Reddy,Reddy Group (Pty) Ltd,Reddy Group (Pty) Ltd,Transportation and Logistics,Western Cape,"957 Church Drive, East London ",70000__________,East London,Working Capital;Other (Please specify),"Use of Funds
1.	Equipment purchase
2.	Staff expansion
3.	Marketing
",0 to R500K,0 to R500K,2408___________,A tourism operator offering guided township and heritage tours,4.0,0.0,4,0%,100%,100%,Level 1,Urban,0%,Karin Reddy,karinreddy@gmail.com,0890151811
2025-07-08 19:53:46,Nomsa Reddy,Reddy Media,2024/692595/07,Energy,Gauteng,"1013 Protea Street, Sasolburg",140000_________,Sasolburg,Equity,Expansion into a second branch and hiring of staff ,0 to R500K,R501K to R1M,451944_________,Solar installation business serving residential and small commercial clients ,14.0,3.0,5,0%,0%,100%,Level 1,Township,0%,Nomsa Reddy,nomsareddy@mweb.co.za,089 963 6053
2025-07-07 10:40:38,Hendrik Baloyi ,Silver Oak Enterprises CC,2014/361778/07,Business Services (Agency & Consultancy),Limpopo,"1971 Umgeni Street, Gqeberha",1310000________,Gqeberha,Working Capital,Purchase of a delivery vehicle and cold storage unit,0 to R500K,R1 000 001 to R5M,2625139________,We run a driving school and provide learner licence training.,14.0,8.0,4,100%,1–24%,100%,Level 1,Township,0%,Hendrik Baloyi,hendrikbaloyi102@outlook.com,+27 66 041 3668
2025-08-17 10:48:01,Ashwin Joubert ,Copper Leaf Manufacturing,2023/605810/07 ,Information & Communication Technology,Gauteng,"1055 Long Way, newcastle",3420000________,newcastle ,Working Capital,"Marketing, customer acquisition and website development ",0 to R500K,R501K to R1M,855853_________,We supply and install security systems and CCTV. ,1.0,2.0,6,0%,100%,25–49%,Level 1,Urban,0%,Ashwin Joubert,ashwinjoubert@yahoo.com,0838046296
2025-09-12 19:39:17,Ntando Jacobs,Jacobs Solutions,,,Western Cape,"1407 Church Avenue, Welkom ",6_0000_________,Welkom,Equity;Working Capital,To grow the business ,0 to R500K,0 to R500K,12203__________,,,17.0,1,0%,50–74%,0%,Level 1,Township,0%,Ntando Jacobs,ntandojacobs79@yahoo.com,+27696740052
2025-07-09 18:17:19,Johan Zulu,Copper Leaf Group Pty Ltd,2010 / 504762 / 07,Tourism,Gauteng,"2163 Jakaranda Crescent, Khayelitsha",110880000,Khayelitsha ,Equity,"Raw materials, tooling and factory rental for the next 12 months",R5 000 001 to R10M,R20 000 001 to R50M,27719856_______,We manufacture and supply steel components to construction contractors.,71.0,22.0,3,0%,1–24%,100%,Level 1,Township,0%,Johan Zulu,johanzulu@gmail.com,+27862459523
2025-08-12 08:35:27,Amahle Zulu,Sunrise Distributors CC,2014/726565/07,Information & Communication Technology,Gauteng,"861 Kingfisher Drive, ROODEPOORT ",590000_________,ROODEPOORT,Purchase Order Funding,Stock purchase and general operational funding ,R501K to R1M,R501K to R1M,589668_________,We run a driving school and provide learner licence training.,2.0,3.0,1,0%,0%,100%,Level 1,Urban,0%,amahle zulu,amahlezulu@webmail.co.za,+27870921749
2025-07-28 12:10:31,Thulani Mnisi,Lesedi Manufacturing (Pty) Ltd ,2010/395800/07,Engineering & Construction,Gauteng,"1591 Kingfisher Drive, Ladysmith",2710000________,Ladysmith ,Purchase Order Funding,"Marketing, customer acquisition and website development ",R1 000 001 to R5M,R1 000 001 to R5M,2710169________,We run a driving school and provide learner licence training.,8.0,7.0,5,0%,0%,100%,Level 1,Urban,0%,Thulani Mnisi,thulanimnisi@outlook.com,0779913858
2025-07-05 22:20:44,Ashraf Mthembu ,Mthembu Enterprises (Pty) Ltd,2016/170027/07,Engineering & Construction,Gauteng,"218 Long Lane, Kuruman",3770000________,Kuruman,Other (Please specify),To upgrade our machinery and improve turnaround times.,R20 000 001 to R50M,R10 000 001 to R20M,12558453_______,We recycle plastic waste and sell processed pellets to manufacturers.,12.0,158.0,2,0%,50–74%,100%,Level 1,Urban,0%,Ashraf Mthembu,ashrafmthembu@gmail.com,+27726278948
2025-07-07 08:41:10,Elmarie Venter ,Venter Transport ,,Transportation and Logistics,Gauteng,"2355 Jan Smuts Way, Stellenbosch ",730000_________,Stellenbosch,Other (Please specify),"Purchase of farming implements, seed and irrigation infrastructure",0 to R500K,R501K to R1M,0______________,,13.0,18.0,1,100%,0%,75–99%,Level 1,Rural,0%,elmarie venter,elmarieventer@outlook.com,0893346162
2025-07-05 22:05:06,Willem Molefe,Molefe Trading,2015/901508/07,Energy,Gauteng,"319 Commissioner Lane, Tzaneen",1960000________,Tzaneen ,Other (Please specify),Expansion into a second branch and hiring of staff ,R1 000 001 to R5M,R1 000 001 to R5M,0______________,We provide ICT support and cloud services to small businesses in the province.,10.0,10.0,1,1–24%,50–74%,100%,Level 1,Urban,0%,Willem Molefe,willemmolefe@icloud.com,+27630523861
2025-06-30 13:58:01,Hendrik Mkhize,Mkhize Foods Pty Ltd ,2010/621061/07,Agriculture - Primary ,Western Cape,"2410 Protea Way, Kuruman ",13470000_______,Kuruman,Equity;Working Capital,"Raw materials, tooling and factory rental for the next 12 months",0 to R500K,R501K to R1M,715111_________,,8.0,3.0,6,0%,0%,100%,Level 1,Township,0%,Hendrik Mkhize,hendrikmkhize@gmail.com,+27613819832
2025-08-30 02:14:46,Sipho Motaung,AMANDLA GROUP,2020/384001/07 ,Retail & Wholesale,Limpopo,"1541 Jan Smuts Crescent, Midrand",890000_________,Midrand,Other (Please specify),Bridging finance while awaiting payment from government contracts,0 to R500K,R501K to R1M,590164_________,Catering and events business servicing corporate functions.,3.0,3.0,2,0%,100%,100%,Level 1,Rural,0%,Sipho Motaung,siphomotaung477@gmail.com,0831941457
2025-09-13 01:31:23,Tshepo Adams,Adams Projects (Pty) Ltd,2020/273311/07,Agriculture - Primary ,Gauteng,"822 Kingfisher Lane, Potchefstroom",1170000________,Potchefstroom,Purchase Order Funding,"Marketing, customer acquisition and website development ",R1 000 001 to R5M,R1 000 001 to R5M,1166791________,We manufacture and supply steel components to construction contractors.,14.0,6.0,6,0%,0%,100%,Level 4,Urban,0%,tshepo adams,tshepoadams@gmail.com,0688299341
2025-09-20 09:56:06,Thabo Wyk,Wyk Services Pty Ltd,2021/719762/07,Engineering & Construction,Gauteng,"2543 Commissioner Crescent, Durban",3540000________,Durban,Working Capital,To increase production and take on larger supply contracts ,0 to R500K,R501K to R1M,590319_________,Independent pharmacy and primary healthcare clinic serving a rural community,0.0,5.0,3,0%,100%,100%,Level 8,Township,0%,Thabo Wyk,THABOWYK121@OUTLOOK.COM,+27610209323
2025-08-28 07:48:38,Aisha Plessis,Nexus Construction Group ,2020/574349/07,Tourism,Limpopo,"1558 Marula Drive, Roodepoort",40000__________,Roodepoort,Debt;Working Capital,Purchase of a delivery vehicle and cold storage unit,0 to R500K,0 to R500K,15799__________,We recycle plastic waste and sell processed pellets to manufacturers.,,10.0,2,0%,100%,100%,Level 1,Township,0%,Aisha Plessis,aishaplessis811@outlook.com,+27836345038
2025-09-01 13:23:05,Riyaad Naidoo ,Naidoo Manufacturing (Pty) Ltd,2022/648849/07,Manufacturing,Mpumalanga,"769 Acacia Crescent, Paarl",130000_________,Paarl,,Stock purchase and general operational funding ,R501K to R1M,R501K to R1M,420375_________,We provide ICT support and cloud services to small businesses in the province.,2.0,4.0,6,0%,50–74%,100%,Level 1,Urban,0%,Riyaad Naidoo,riyaadnaidoo497@outlook.com,+27829438465
2025-09-24 19:29:06,Naledi Rakoma,Kopano Enterprises,2008/599317/07,Retail & Wholesale,Gauteng,"2627 Sisulu Street, Roodepoort",1070000________,Roodepoort,Working Capital,Bridging finance while awaiting payment from government contracts,0 to R500K,0 to R500K,267610_________,We manufacture and supply steel components to construction contractors.,4.0,1.0,3,75–99%,100%,100%,Level 1,Township,0%,naledi rakoma,naledirakoma@icloud.com,+27 73 828 1855
2025-07-16 12:16:27,Thandeka Adams,GREENFIELD AGRI,2020 / 886028 / 07,Information & Communication Technology,Gauteng,"2834 Main Drive, Mbombela",6770000________,Mbombela,,To grow the business ,R1 000 001 to R5M,R1 000 001 to R5M,3384827________,,1.0,8.0,3,0%,0%,100%,Level 1,Urban,0%,thandeka adams,thandekaadams98@mweb.co.za,+27837097500
2025-07-11 07:19:08,Nokuthula Du,Du Solutions (Pty) Ltd ,2010/972628/07,,Gauteng,"28 Main Lane, George",2650000________,George,Working Capital,Working capital to fulfil confirmed purchase orders,0 to R500K,0 to R500K,307451_________,Catering and events business servicing corporate functions.,2.0,7.0,2,75–99%,0%,100%,Level 1,Urban,0%,Nokuthula Du,nokuthuladu@gmail.com,0744713191
2025-09-14 14:07:48,Kgomotso Zwane,Zenzele Civils Group,2017/760846/07,Tourism,Gauteng,"1721 Umgeni Road, Witbank",70000__________,Witbank,Other (Please specify),Working capital to fulfil confirmed purchase orders,0 to R500K,0 to R500K,89880__________,Civil engineering contractor focused on roads and stormwater projects ,2.0,1.0,2,0%,0%,100%,Level 1,Rural,0%,Kgomotso Zwane,kgomotsozwane@gmail.com,+27 86 838 6698
2025-08-28 22:19:43,Ravi Nel,Nel Logistics CC ,,Engineering & Construction,Gauteng,"1172 Main Way, Ladysmith ",70000__________,Ladysmith,Purchase Order Funding;Working Capital,Expansion into a second branch and hiring of staff ,0 to R500K,0 to R500K,35645__________,,,6.0,5,100%,100%,100%,Level 1,Urban,0%,Ravi Nel,ravinel@icloud.com,+27 73 195 5195
2025-08-07 06:05:05,Deepak Radebe,Vuka Transport CC,2018 / 153727 / 07,NPO & NPC,Gauteng,"225 Buitenkant Lane, Emalahleni",40940000_______,Emalahleni,Debt & Equity,Purchase of a delivery vehicle and cold storage unit,R20 000 001 to R50M,Above R50M,34115739_______,We design and sew corporate uniforms and protective clothing.,144.0,14.0,Deepak Radebe,100%,0%,100%,Level 1,Rural,0%,deepak radebe,deepakradebe@gmail.com,+27753224467
2025-06-26 11:02:58,Ruan Mashaba,MASHABA GROUP GROUP ,2011/248141/07,Business Services (Agency & Consultancy),Western Cape,"262 Loop Road, Vereeniging ",97_0000________,Vereeniging ,Working Capital,To upgrade our machinery and improve turnaround times.,0 to R500K,0 to R500K,193450_________,Commercial cleaning and hygiene services for offices and factories ,5.0,4.0,10,100%,100%,75–99%,Level 1,Township,0%,Ruan Mashaba,ruanmashaba679@webmail.co.za,0782734725
2025-08-01 14:20:24,Nadia Jacobs,Sunrise Services Group,2018/732602/07,Education,Limpopo,"1614 Voortrekker Drive, Upington",9060000________,Upington,Purchase Order Funding,To increase production and take on larger supply contracts ,R1 000 001 to R5M,R10 000 001 to R20M,11324752_______,A tourism operator offering guided township and heritage tours,60.0,27.0,1,25–49%,0%,100%,Level 1,Rural,0%,Nadia Jacobs,nadiajacobs@yahoo.com,+27829380815
2025-09-18 15:33:33,Thandeka Isaacs,Copper Leaf Investments (Pty) Ltd,2022/556113/07 ,Retail & Wholesale,Limpopo,"2470 Jakaranda Lane, Newcastle",20000__________,Newcastle ,Debt;Working Capital,Operational funding ,0 to R500K,0 to R500K,5685___________,We manufacture and supply steel components to construction contractors.,0.0,5.0,2,100%,0%,100%,Level 1,Township,0%,thandeka isaacs,thandekaisaacs812@gmail.com,+27674953093
2025-07-27 23:46:20,Naledi Ntuli,Ntuli Foods Pty Ltd,2008/839531/07,Engineering & Construction,Limpopo,"261 Aloe Drive, Mokopane",3140000________,Mokopane,Working Capital,Bridging finance while awaiting payment from government contracts,R1 000 001 to R5M,R1 000 001 to R5M,786024_________,We run a driving school and provide learner licence training.,6.0,9.0,2,100%,0%,100%,Level 1,Township,0%,Naledi Ntuli,naledintuli@outlook.com,+27 89 949 0685
2025-07-24 08:29:52,Bongani Motaung,BAOBAB CIVILS,2009/881916/07,Engineering & Construction,Western Cape,"2320 Jan Smuts Road, Mbombela",250000_________,Mbombela,Working Capital,Stock purchase and general operational funding ,0 to R500K,0 to R500K,30_____________,Catering and events business servicing corporate functions.,2.0,0.0,3,0%,50–74%,100%,Level 1,Township,0%,bongani motaung,bonganimotaung87@webmail.co.za,0810797479
2025-07-26 06:31:57,Sipho Petersen,Petersen Foods,2019/801113/07,Agriculture - Primary ,Western Cape,"1244 Jakaranda Street, Kuruman",1050000________,Kuruman ,Working Capital,"Funding is required for equipment, training and certification.",0 to R500K,0 to R500K,350767_________,Independent pharmacy and primary healthcare clinic serving a rural community,1.0,3.0,6,0%,0%,100%,Level 1,Township,0%,Sipho Petersen,siphopetersen678@gmail.com,+27 64 086 6285
